:1000000000D001205184010073BE02003D84010034
:100010003D8401003D8401003D840100000000009A
:100020000000000000000000000000004D860100FC
:100030003D84010000000000AD8501003D84010009
:10004000598901008DEA020059890100598901008E
:100050005989010059890100598901005989010014
:1000600043EA0200598901005989010077EA020038
:1000700059890100598901005989010059890100F4
:1000800059890100598901005989010059890100E4
:1000900059890100598901005989010059890100D4
:1000A00059890100598901005989010059890100C4
:1000B00059890100598901005989010059890100B4
:1000C00059890100598901005989010059890100A4
:1000D0005989010059890100598901005989010094
:1000E0005989010059890100598901005989010084
:1000F0005989010059890100598901005989010074
:100100002F4B10B500222F4CC3F84825C3F84425C7
:10011000C3F84025C3F84C250BF0A6FF238D952B83
:1001200034D894F85D302BB111F066F800283CD13A
:1001300084F85D00002011F06BF888BBE26B224967
:100140001F4B9FED1D7B42F04462C1F808251F4AFA
:10015000C3F848050221E063C3F844052076C3F8DC
:10016000400584ED0C7BC3F84C05C3F84801C3F887
:100170004401C3F84001C3F84C01C2F88010BFF33A
:100180004F8FBFF36F8FC2F8801110BD0DF0FEF8D6
:1001900001300128C5D940F211513E2001F0D6F8B6
:1001A00040F22A513E2001F0D1F840F227513E2082
:1001B00001F0CCF8AFF30080000000000000000068
:1001C00000800040C81A002000F0014000E100E07B
:1001D0009FED177B70B5184A184D002342F220009E
:1001E0002021A97028806B76136082F82830AB71CB
:1001F00082ED027B85ED047B1C46EB71A9762B76A4
:100200006A1802F814300134202CFAD101260C4867
:100210002E7210F055FD0B4B18700B4B1C7010F02C
:10022000BFFDC5F8A0000DF0A5FEEE7670BD00BFC5
:10023000FFFFFFFFFFFFFFFF0820002088200020B6
:1002400071E50000382000200020002081F00041EE
:1002500002E000BF83F0004330B54FEA41044FEAAB
:10026000430594EA050F08BF90EA020F1FBF54EA46
:10027000000C55EA020C7FEA645C7FEA655C00F0E2
:10028000E2804FEA5454D4EB5555B8BF6D420CDDB3
:100290002C4480EA020281EA030382EA000083EA36
:1002A000010180EA020281EA0303362D88BF30BDD6
:1002B00011F0004F4FEA01314FF4801C4CEA11312C
:1002C00002D0404261EB410113F0004F4FEA03338B
:1002D0004CEA133302D0524263EB430394EA050F16
:1002E00000F0A780A4F10104D5F1200E0DDB02FA85
:1002F0000EFC22FA05F2801841F1000103FA0EF219
:10030000801843FA05F359410EE0A5F120050EF1DE
:10031000200E012A03FA0EFC28BF4CF0020C43FA0F
:1003200005F3C01851EBE37101F0004507D54FF01C
:10033000000EDCF1000C7EEB00006EEB0101B1F56C
:10034000801F1BD3B1F5001F0CD349085FEA3000B2
:100350004FEA3C0C04F101044FEA445212F5800FBD
:1003600080F09A80BCF1004F08BF5FEA500C50F15A
:10037000000041EB045141EA050130BD5FEA4C0C3D
:10038000404141EB0101013C28BFB1F5801FE9D29A
:1003900091F0000F04BF01460020B1FA81F308BFBD
:1003A0002033A3F10B03B3F120020CDA0C3208DD89
:1003B00002F1140CC2F10C0201FA0CF021FA02F164
:1003C0000CE002F11402D8BFC2F1200C01FA02F1D4
:1003D00020FA0CFCDCBF41EA0C019040E41AA2BFF9
:1003E00001EB0451294330BD6FEA04041F3C1CDAC1
:1003F0000C340EDC04F11404C4F1200220FA04F0E1
:1004000001FA02F340EA030021FA04F345EA03018A
:1004100030BDC4F10C04C4F1200220FA02F001FA4C
:1004200004F340EA0300294630BD21FA04F02946CE
:1004300030BD94F0000F83F4801306BF81F4801167
:100440000134013D4EE77FEA645C18BF7FEA655CDA
:1004500029D094EA050F08BF90EA020F05D054EAAC
:10046000000C04BF1946104630BD91EA030F1EBFB1
:100470000021002030BD5FEA545C05D140004941B5
:1004800028BF41F0004130BD14F580043CBF01F5A8
:10049000801130BD01F0004545F0FE4141F470018E
:1004A0004FF0000030BD7FEA645C1ABF1946104669
:1004B0007FEA655C1CBF0B46024650EA013406BF6A
:1004C00052EA033591EA030F41F4002130BD00BF29
:1004D00090F0000F04BF0021704730B54FF48064E6
:1004E00004F132044FF000054FF0000150E700BF67
:1004F00090F0000F04BF0021704730B54FF48064C6
:1005000004F1320410F0004548BF40424FF00001B2
:100510003EE700BF42004FEAE2014FEA31014FEAF5
:1005200002701FBF12F07F4393F07F4F81F0605144
:10053000704732F07F4208BF704793F07F4F04BF8F
:1005400041F40021704730B54FF4607401F000456C
:1005500021F000411CE700BF50EA010208BF7047CC
:1005600030B54FF000050AE050EA010208BF7047BD
:1005700030B511F0004502D5404261EB41014FF426
:10058000806404F132045FEA915C3FF4D8AE4FF02E
:1005900003025FEADC0C18BF03325FEADC0C18BF11
:1005A000033202EBDC02C2F1200300FA03FC20FA62
:1005B00002F001FA03FE40EA0E0021FA02F11444AF
:1005C000BDE600BF70B54FF0FF0C4CF4E06C1CEAC8
:1005D00011541DBF1CEA135594EA0C0F95EA0C0F39
:1005E00000F0DEF82C4481EA030621EA4C5123EAAC
:1005F0004C5350EA013518BF52EA033541F48011DB
:1006000043F4801338D0A0FB02CE4FF00005E1FB8D
:1006100002E506F00042E0FB03E54FF00006E1FBD7
:1006200003569CF0000F18BF4EF0010EA4F1FF041A
:10063000B6F5007F64F5407404D25FEA4E0E6D415A
:1006400046EB060642EAC62141EA55514FEAC5206B
:1006500040EA5E504FEACE2EB4F1FD0C88BFBCF5E7
:10066000E06F1ED8BEF1004F08BF5FEA500E50F198
:10067000000041EB045170BD06F0004646EA01015E
:1006800040EA020081EA0301B4EB5C04C2BFD4EB90
:100690000C0541EA045170BD41F480114FF0000E89
:1006A000013C00F3AB8014F1360FDEBF002001F0F7
:1006B000004170BDC4F10004203C35DA0C341BDC71
:1006C00004F11404C4F1200500FA05F320FA04F043
:1006D00001FA05F240EA020001F0004221F0004177
:1006E00010EBD37021FA04F642EB06015EEA430EEA
:1006F00008BF20EAD37070BDC4F10C04C4F120051A
:1007000000FA04F320FA05F001FA04F240EA0200CC
:1007100001F0004110EBD37041F100015EEA430E9D
:1007200008BF20EAD37070BDC4F1200500FA05F2BD
:100730004EEA020E20FA04F301FA05F243EA02033C
:1007400021FA04F001F0004121FA04F220EA02004B
:1007500000EBD3705EEA430E08BF20EAD37070BD91
:1007600094F0000F0FD101F00046400041EB010171
:1007700011F4801F08BF013CF7D041EA060195F053
:10078000000F18BF704703F00046520043EB03030D
:1007900013F4801F08BF013DF7D043EA06037047FA
:1007A00094EA0C0F0CEA135518BF95EA0C0F0CD005
:1007B00050EA410618BF52EA4306D1D181EA03014B
:1007C00001F000414FF0000070BD50EA410606BF45
:1007D0001046194652EA430619D094EA0C0F02D18A
:1007E00050EA013613D195EA0C0F05D152EA0336CF
:1007F0001CBF104619460AD181EA030101F00041ED
:1008000041F0FE4141F470014FF0000070BD41F035
:10081000FE4141F4780170BD70B54FF0FF0C4CF40F
:10082000E06C1CEA11541DBF1CEA135594EA0C0F2E
:1008300095EA0C0F00F0A7F8A4EB050481EA030E7B
:1008400052EA03354FEA013100F088804FEA033362
:100850004FF0805545EA131343EA12634FEA022230
:1008600045EA111545EA10654FEA00260EF00041F1
:100870009D4208BF964244F1FD0404F5407402D243
:100880005B084FEA3202B61A65EB03055B084FEAD4
:1008900032024FF480104FF4002CB6EB020E75EBD1
:1008A000030E22BFB61A754640EA0C005B084FEAF9
:1008B0003202B6EB020E75EB030E22BFB61A754676
:1008C00040EA5C005B084FEA3202B6EB020E75EBC1
:1008D000030E22BFB61A754640EA9C005B084FEA39
:1008E0003202B6EB020E75EB030E22BFB61A754646
:1008F00040EADC0055EA060E18D04FEA051545EA35
:1009000016754FEA06164FEAC30343EA52734FEADD
:10091000C2025FEA1C1CC0D111F4801F0BD141EA56
:1009200000014FF000004FF0004CB6E711F4801FBB
:1009300004BF01430020B4F1FD0C88BFBCF5E06F9B
:100940003FF6AFAEB5EB030C04BFB6EB020C5FEAAB
:10095000500C50F1000041EB045170BD0EF0004E00
:100960004EEA113114EB5C04C2BFD4EB0C0541EA32
:10097000045170BD41F480114FF0000E013C90E62F
:1009800045EA060E8DE60CEA135594EA0C0F08BFF3
:1009900095EA0C0F3FF43BAF94EA0C0F0AD150EAF2
:1009A00001347FF434AF95EA0C0F7FF425AF104685
:1009B00019462CE795EA0C0F06D152EA03353FF4AD
:1009C000FDAE1046194622E750EA410618BF52EA2A
:1009D00043067FF4C5AE50EA41047FF40DAF52EAFE
:1009E00043057FF4EBAE12E753B94AB9002908BFBB
:1009F00000281CBF4FF0FF314FF0FF3000F00CB863
:100A0000ADF1080C6DE904CE10F0B4FCDDF804E0A3
:100A1000DDE9022304B07047704700BF2DE9F007FD
:100A200091E8F807B2E802105B1854EB0C04B2E846
:100A300002104D4156EB0C06B2E802104F4158EB44
:100A40000C08B2E8021059EB01095AEB0C0A80E8D5
:100A5000F80780410130BDE8F00770472DE9F00745
:100A600091E8F807B2E802105B1A74EB0C04B2E8E4
:100A700002108D4176EB0C06B2E802108F4178EB44
:100A80000C08B2E8021079EB01097AEB0C0A80E855
:100A9000F80780414042BDE8F00770472DE9F007B4
:100AA000524290E87800B1E880071740DB1918EA55
:100AB000020854EB080419EA020955EB09051AEA81
:100AC000020A56EB0A0678C090E87800B1E8800781
:100AD00017407B4118EA020854EB080419EA02099E
:100AE00055EB09051AEA020A56EB0A0678C080415E
:100AF0000130BDE8F00770472DE9F007524290E859
:100B00007800B1E880071740DB1B18EA020874EB95
:100B1000080419EA020975EB09051AEA020A76EBDC
:100B20000A0678C090E87800B1E880071740BB411A
:100B300018EA020874EB080419EA020975EB0905C2
:100B40001AEA020A76EB0A0678C080414042BDE804
:100B5000F00770472DE9F00152424FF0040890E889
:100B6000300091E8C000A31B1340E41AF618EB1BF9
:100B70001340ED1AFF1830C0C0C1B8F10108EED122
:100B8000BDE8F001704700BF00B592EC080AB1E87B
:100B9000805707EE101A53EC102A56EC114AA7FBA7
:100BA0000251A8FB020BE7FB6310E9FB62B041ECCA
:100BB000145AA8FB0351EAFB6201E7FB64B5E7FBAB
:100BC0006605E8FB661505EE10BAA9FB03B6EAFB5D
:100BD0006316ECFB6356E8FB640BE9FB641BEAFB62
:100BE000645BECFB646B05EE900AACFB023012EE2A
:100BF000104AEEFB6250E9FB6460EAFB64B0E7FB7D
:100C00006431E8FB645112EE904AE8FB6461E9FB51
:100C100064B1EAFB640106EE103AA7FB043213EE5E
:100C2000104AE7FB6462E8FB64B2E9FB6402EAFB9A
:100C3000641211EE904AE9FB6453EAFB646313EE1D
:100C4000904AE7FB64B3E8FB6403E9FB6413EAFB47
:100C5000642306EE905A17EE109A99E8000610EEFB
:100C6000108AA9FB0854EAFB68B412EE108AECFB68
:100C70006804EEFB6814E9FB6824EAFB683410EEB4
:100C8000908AEEFB6865E9FB68B5EAFB680512EE41
:100C9000908AECFB6815EEFB6825E9FB6835EAFBFA
:100CA000684507EE106A11EE108AAEFB0876E9FB84
:100CB0006806EAFB681613EE108AECFB6826EEFB6A
:100CC0006836E9FB6846EAFB685611EE908AECFB51
:100CD00068B7EEFB6807E9FB6817EAFB682713EEC5
:100CE000908AECFB6837EEFB6847E9FB6857EAFB44
:100CF000686700BD2DE9F04F07EE900AFFF744FF4B
:100D000017EE908A07EE90BAA8EC084A88E8FF0030
:100D1000BDE8F08F00B591E89857A3FB0352A3FB01
:100D20000401E3FB6420E3FB671042EC145AA3FBCD
:100D30000752E3FB6802E4FB6415E3FB6805E3FB91
:100D40006925A4FB07B6E3FB6926E3FB6A56E4FBCF
:100D5000670BE4FB682BE3FB6A5BE3FB6C6B40EC2B
:100D6000151AA4FB0810E4FB6950E3FB6C60E3FB7D
:100D70006EB0E7FB6721E4FB6951E4FB6A61E3FBCA
:100D80006EB1E4FB6E0106EE102AA7FB0832E4FB0D
:100D90006A62E4FB6CB2E4FB6E02E7FB6E12E7FBF7
:100DA0006853E7FB6963E4FB6CB3E7FB6C03E7FBA9
:100DB0006E13E8FB6E2306EE905AA7FB0954E7FB7F
:100DC0006AB4E7FB6C04E8FB6C14E8FB6E24E9FBF7
:100DD0006E34E8FB6865E7FB6AB5E8FB6A05E8FB8B
:100DE0006C15E9FB6C25E9FB6E35EAFB6E4507EEF9
:100DF000106AA8FB0976E8FB6A06E9FB6A16E9FBBC
:100E00006C26EAFB6C36EAFB6E46ECFB6E56E8FBA2
:100E100069B7E9FB6907E9FB6A17EAFB6A27EAFB9E
:100E20006C37ECFB6C47ECFB6E57EEFB6E6700BD5E
:100E30002DE9F04F07EE900AFFF76CFF17EE908A4E
:100E400007EE90BAA8EC084A88E8FF00BDE8F08FEA
:100E500030B44FF0000310F8014B11F8015B013A78
:100E600084EA050443EA0403F5D1A3F101034FEA40
:100E7000D37030BC704700BF4FF0000310F8012B57
:100E8000013943EA0203F9D1A3F101034FEAD37018
:100E9000704700BF30B411F8014B12F8015B6C4091
:100EA00000F8014B013BF6D130BC70472DE9F0074B
:100EB00091E8F807B2E802105B1854EB0C04B2E8B2
:100EC00002104D4156EB0C06B2E802104F4158EBB0
:100ED0000C08B2E8021059EB01095AEB0C0A8941DF
:100EE000B3F1FF3374F1FF3475F1FF3576F100068D
:100EF00077F1000778F1000879F101097AF1FF3AFA
:100F000051F100015B184C414D4156F1000657F17B
:100F1000000758F1000859EBD1795AEB010A80E833
:100F2000F807BDE8F00770472DE9F00791E8F807EA
:100F3000B2E802105B1A74EB0C04B2E802108D41A7
:100F400076EB0C06B2E802108F4178EB0C08B2E8A1
:100F5000021079EB01097AEB0C0A89415B184C41CC
:100F60004D4156F1000657F1000758F1000859EBC2
:100F7000D1795AEB010A80E8F807BDE8F00770471D
:100F800018EB040859EB05095AEB060A5BEB070B53
:100F90005FF0000C4CF1000C18EB050859EB06094A
:100FA0005AEB070A5BEB070B50EB0C005FF0000CF1
:100FB00051EB0C0152EB0C0263414CF1000CB8EB0D
:100FC000070879F100097AF1000A7BEB040BA841CC
:100FD000B141A241B3416CF1000CBBEB050BB04138
:100FE000B941AA41BB416CF1000C4CF001068CF0F8
:100FF000020718EB060859EB6C095AEB6C0A7BEBFD
:101000006C0B70EB6C0471EB6C0572EB670653EBC9
:101010006C076CEB6C0C18EB0C0059EB0C015AEBE9
:101020000C025BF1000354F1000455F1000556EB8E
:10103000DC7657EB0C0770472DE9F04F07EE900A6E
:10104000FFF7A2FD59EC168A17EE10AAFFF798FFDA
:1010500059EC148A5BEC15AAFFF792FF17EE908A01
:1010600088E8FF00BDE8F08F2DE9F04F07EE900A09
:10107000FFF750FE59EC168A17EE10AAFFF780FF13
:1010800059EC148A5BEC15AAFFF77AFF17EE908AE9
:1010900088E8FF00BDE8F08F2DE9F047A74E86B045
:1010A000F27B0023CDE902338DF80E20727D8DF89E
:1010B0001020B27D33788DF81120F27D8DF8093043
:1010C0008DF812207378327E8DF80A308DF8132057
:1010D000B378727E8DF80B308DF81420F37896F883
:1010E00026208DF80C3000F1070933798DF80D308A
:1010F00080460F4629F007090AB18DF80F30002FFE
:1011000008BF484602A918BF002000F061FD3378EF
:1011100009EB000596F801904FF0000A4B445FFA86
:1011200083F954465FFA8AF34B45C0F0F480E81C1B
:1011300020F00305002F21460CBF2846002000F0B8
:101140002FFFB1782C1879B1F378F27BE01C20F0F6
:101150000304002F1A4408BF20467389D2B218BF77
:10116000002000F091FF044496F827308BB1717A8B
:1011700079B196F82830E01C002B20F0030414BF4E
:10118000FF222522002F0CBF2046002001F06CF822
:101190000444317B81B1B37823B996F827305BB131
:1011A000737A4BB1E01D20F00704002F0CBF2046DE
:1011B000002008F061FB0444614B1B6863B1317986
:1011C00051B1E01C20F00304002F08BF2046727BC1
:1011D00018BF0020984704445A4B1B6853B1B17B99
:1011E00041B1E01C20F00304002F0CBF204600207A
:1011F00098470444544B1D687DB1F17B69B1E01CF4
:1012000020F00304B37C0093002F08BF2046737CBA
:10121000327C18BF0020A847044496F826306BB1F2
:10122000317959B1E01C20F00304002F08BF20469B
:10123000327D18BF002001F039F80444F07F68B116
:10124000737EB17D033424F0070444F00404194490
:1012500022463B46C9B201F069F8044496F82010D2
:10126000002962D0E01D20F00705002F4FF0FB029F
:101270000CBF2846002011F0F6F82C181FB9FB21EE
:1012800028460CF02FF8B17E002950D0B37F002BF8
:101290004DD0E01D20F00709002F4FF48C720CBFD9
:1012A0004846002011F0DFF809EB0004337EB17DE1
:1012B000B07F033424F0070444F0040419442246A8
:1012C0003B46C9B201F024F804442FB9B17E4FF473
:1012D0008A7248460CF028F8F36A13B107B9F46231
:1012E000283496F8241089B1E01D20F00705002F5E
:1012F00042F210720CBF2846002011F0B4F82C18EE
:1013000027B942F2107128460CF014F8A4EB08003B
:1013100006B0BDE8F087337AF279B179707911F0CF
:1013200074F80AF1010A0444FCE60D46A6E7002F12
:10133000D2D13A4639463846CCE700BFA80E002045
:10134000540000205C000020580000208FB572B6C9
:10135000194B1D6BE5B9BFF34F8F1849184BCA687D
:1013600002F4E0621343CB60BFF34F8F00BFFDE791
:10137000B4FBF6F4DAB20133002CF9D102F1100318
:101380006B440A2603F80C4C32B901A8A847E2E7DF
:10139000044600230A26EDE7531E04AC54FA83F4F6
:1013A000DAB2C3B2B3FBF6F706FB1733303304F8F7
:1013B0000C3CB0FBF6F0E7E7A80E002000ED00E0E3
:1013C0000400FA051FB5164C237A8DF80930E3792D
:1013D0008DF80830A379ADF80C3002A86379ADF828
:1013E0000A3006F043FD18B1B5210320FFF7AEFF28
:1013F000012301A88DF8043012F054F808B1B92186
:10140000F3E7A07C06F062FD08B1BC21EDE7607C4B
:1014100006F056FD08B1BD21E7E704B010BD00BFDE
:10142000A80E002038B50546002842D00FF09CFBDE
:1014300010B94FF0FF3038BD0CF006FAB0F5FA7F66
:10144000F7D81E4C1E482563002500F077FA2622A7
:101450002946204684F8345084F8355084F82750C3
:1014600084F82850E56284F826500FF053FE1B22C2
:10147000627140F21B32E28040F2023240F201130C
:1014800022811F222380628101234FF40272A37004
:10149000A281237544F60112FB232282A383638475
:1014A000EFF3108472B600F061FF2CB962B62046EB
:1014B000C1E76FF01500BEE72846BCE7A80E002084
:1014C000C513000010B5002840F0A680554C94F8D4
:1014D0003430002B40F09D80A1B1002A6DD001393D
:1014E000142900F29980DFE801F00B191C2C545CE0
:1014F00075325F6270383E4B507A7D8B8E918200E0
:101500001378237001210020FFF7C6FDB0F5803F5E
:1015100080F28580012384F8353010BD1378637024
:10152000F0E79378002B48D0D378002B45D0137880
:101530001A2B42D953781A2B3FD91368C4F80530B7
:10154000E0E71378E278934237D3A370DAE71378B1
:10155000A278934231D8E370D4E71378A27893420B
:101560002BD8E373CEE713783BB35378013BDBB260
:10157000F82B22D8138823822B4B92789A70C1E7DC
:101580001078E07409F0B4FEBCE71378ABB12375B2
:10159000B8E7137894F827200AB1012B0DD96372AC
:1015A000B0E713886381ADE713782371AAE794F855
:1015B0002610137821B9012B04D86FF01500ACE781
:1015C000002BFAD0137863739CE71378082BF4D8B8
:1015D000A37397E71388FF2BEFD8237392E7137851
:1015E00063758FE713780E2BE7D8A3758AE7136826
:1015F0000E49C4F81A3053684B6013890B8181E798
:101600001378E3757EE7137863767BE713782376A8
:1016100078E74FF0FF3080E76FF02C007DE76FF048
:101620000B007AE7A80E0020B80E0020C20E0020A2
:1016300070B50D460646F0B1E9B111F007041AD1B4
:1016400000F0B0F8D0B130460FF03AFB0D4E214615
:1016500086F836002846FFF71FFD13F09DFC96F82C
:101660003600F16A06F0ACFCFFF7ACFE012386F809
:101670003430204670BD6FF01500FBE74FF0FF30AF
:10168000F8E700BFA80E002010B5084C94F83430DD
:101690002BB106F0B1FC94F836000FF02DFB11F0E1
:1016A00027F8002084F8340010BD00BFA80E0020E9
:1016B00050B1074B03F1140253F8041B40F8041B0C
:1016C0009342F9D1002070476FF01500704700BFBA
:1016D000FC690300074B93F8352010B532B993F835
:1016E00034401CB906F036FC204610BD4FF0FF30E8
:1016F000FBE700BFA80E0020074B93F8352010B57C
:1017000032B993F834401CB906F038FC204610BDBD
:101710004FF0FF30FBE700BFA80E0020074B93F807
:10172000352010B532B993F834401CB906F0D4FB1B
:10173000204610BD4FF0FF30FBE700BFA80E002091
:10174000074B93F8352010B532B993F834401CB9E3
:1017500011F0F1FE204610BD4FF0FF30FBE700BF57
:10176000A80E0020074B93F8352010B532B993F836
:1017700034401CB911F0E2FE204610BD4FF0FF309E
:10178000FBE700BFA80E002007C8024B83E8070054
:1017900000207047E00E0020014B9B68184700BFF7
:1017A000E00E0020024B9868003818BF01207047F7
:1017B000E00E002073B52E4D031D04462B60284615
:1017C00007F0F4FA0228064606D1294920460FF010
:1017D0004EFF304602B070BD042842D12B78092B51
:1017E0000AD0252B1ED0294620460FF0A7FFB0F5C2
:1017F000817F2DD3722112E005213E200FF00AFFD8
:101800000028F0D1EB782A7901A943EA022368463F
:10181000ADF8003010F0A0FB0028D0D053210820F4
:10182000FFF794FD1A213E200FF0F4FE0028DAD1D4
:101830006B68C3F30F23ADF804306946112301A888
:101840008DF8063010F09CFB0028B8D06521E6E743
:101850000028B4D0A17820780FF0DCFE0028B8D1A1
:10186000ADE70828B5D1024920460FF02FFFB0E7B9
:10187000EC0E0020074B4FF0FF3141F6FF72C3E939
:10188000001205490022C1E900221F21C3E902120A
:10189000704700BF00000020F00F00203F280CD848
:1018A00001380B4BC0F3421200F01F0053F82230F6
:1018B00023FA00F000F001007047FF2806D04038FE
:1018C000C0F34212034B00F01F00EFE70120704706
:1018D00000000020F00F00200146074B0068496817
:1018E0001A4603C240F48C221A6041F0107242F48E
:1018F000FF625A60704700BF000000200246024BA2
:101900000068516803C37047F00F00200246024B85
:101910000068516803C37047080000200138064B77
:10192000C0F3421203EB820300F01F009B6823FA0E
:1019300000F000F00100704700000020014B18602B
:10194000704700BFF80F002007B5FFF793FF11F0B5
:1019500041F9044B1B6813B101909847019803B0FB
:101960005DF804FBF80F00200B880288F0B5C3F384
:101970000E049EB204F11803C57CC35A05352A44EF
:101980002B4497B213FA82F3013B4288B3FBF7F37F
:1019900013FB07439BB29A42044A93BF22EA060311
:1019A000324013439BB20B80F0BD00BF0080FFFFAD
:1019B00010B5114B00EB41041A786389B3FBF2F3C5
:1019C00003FB0223013A1A44B2F5706F027928BF73
:1019D00000231A448378B2FBF3F0194403FB102070
:1019E000091AB1FBF3F003FB101313446FEA4343EE
:1019F0006FEA5343638110BDFC0F002010B5124BFA
:101A0000E0B15A78022A04D040F259111720FFF7AA
:101A10009DFC03225A70026812F0070102D04FF4B5
:101A2000AF71F3E75C685A60224402609A60BDE8D7
:101A30001040302203F10C000FF06CBB01225A70F1
:101A4000C3E9010010BD00BFFC0F00202DE9F041EB
:101A5000254E96F801E00EF0FD0CBCF1010F04D00C
:101A600040F273111720FFF771FC91F80680B8F16E
:101A7000080F02D940F27511F4E7CF7997B34546C4
:101A8000022D726838BF02257B1D5C0002EB430308
:101A90006A1E13446D422B408D884544013DC8F1B8
:101AA00000022A404FF6FE75AA4202D94FF4C071D7
:101AB000D8E7BEF1030F12D106EB80001C1BC568EE
:101AC00015B140F28511CDE7C460A770228084F87B
:101AD00003C0087A09682071080CE080218107FBA7
:101AE00002337360BDE8F081FC0F00202DE9F04760
:101AF000364C6378012B65D0032B04D040F295114E
:101B00001720FFF723FCD4E901329A4202D04FF4A8
:101B1000CC71F5E72546002305F80C3B1E460B2249
:101B2000994655F82200013A58B190F8048081781E
:101B3000B8F1FF0F2FD180F804908E423CBFCEB297
:101B40000123511CEDD103B126700B2640F6FF692D
:101B500055F826709FBB013EFAD204236370002023
:101B6000BDE8F08755F82CE0BEF1000F06D09EF8D6
:101B700004A0C24504BF9EF802E077440CF1FF3C8C
:101B8000BCF1000FEEDA3944FF2907D903B1267002
:101B90004FF49A71B4E794460027F1E70771CCE758
:101BA00007EB41033846A3F80A90FFF701FF08F15D
:101BB0000108BB785FFA88F18B42F1D8CBE74FF090
:101BC0000008F6E7022360686370C9E7FC0F002095
:101BD0002DE9FF474A788B781344FF2B06460C46C5
:101BE00004D940F2AB111720FFF7B0FB0B789342FA
:101BF00002D940F2AF11F6E7DFF8FC81009038B16E
:101C000098F80130022B02D00020FFF7E1FF684670
:101C1000FFF7F4FE00276E4A6378019208254FF41F
:101C20005A7201A93846ADF808208DF80B308DF8AE
:101C30000A508DF80C70FFF709FF664AA3780192ED
:101C400001A94FF47A720120ADF808208DF80B300D
:101C50008DF80A508DF80C70FFF7F8FE5E4AE378B5
:101C600001924FF0FF094FF4AC7201A90220ADF8C8
:101C700008208DF80B308DF80A508DF80C90FFF786
:101C8000E5FE564A2379019201A990220320ADF87E
:101C900008208DF80B308DF80A508DF80C90FFF766
:101CA000D5FE63794E4A01928DF80B30A8220123AC
:101CB00001A90420ADF808208DF80C308DF80A50E9
:101CC000FFF7C4FEA379474A0192CDE902778DF868
:101CD0000A508DF80B308DF80C901BB109F0FCFA0E
:101CE000ADF8080001A90520FFF7B0FE3E4AE379F0
:101CF0000192082580224FF0FF0901A90620ADF8C6
:101D000008208DF80B308DF80C908DF80A50FFF7F5
:101D10009DFE237A354A01928DF80B3078220223FA
:101D200001A90720ADF808208DF80C308DF80A5075
:101D3000FFF78CFE2E4A637A019200274FF40A7255
:101D400001A92846ADF808208DF80B308DF80A500F
:101D50008DF80C70FFF77AFE264AA37A019201A94A
:101D60004FF48C720920ADF80820DFF890A08DF8B0
:101D70000B308DF80C908DF80A504FF48879FFF7EE
:101D800065FEE37A8DF80B3001A90A20CDF804A096
:101D9000ADF808908DF80A508DF80C70FFF756FEDC
:101DA000237B8DF80B3001A90B20CDF804A0ADF8F2
:101DB00008908DF80A508DF80C70FFF747FEFFF77A
:101DC00095FED8F80400801B04B0BDE8F08700BF82
:101DD000BD4D0100454D0100B94A00005F4E0100B4
:101DE000FDB20000514F0100554F01005571000038
:101DF000BD700000A9710000FC0F002051720000AE
:101E0000F8B54FF6FF730380184B03EB81010546CD
:101E1000C868B8B186780379B3FBF6F206FB1233D3
:101E2000DBB219460A1D00EB4202B2F90270548877
:101E3000002F09DB0131B1FBF6F206FB1211C9B22A
:101E40008B42EFD10020F8BDFF29FBD0C4F30E0375
:101E5000C4782B8024B940F2C7211720FFF776FA07
:101E60005380BDE8F84010F0AFBA00BFFC0F00206F
:101E70001E4B03EB810170B5CC6805464CB3B0F541
:101E8000706F04D340F2D5211720FFF75FFA0146A7
:101E9000204610F07BFAFF28014604D02046BDE81A
:101EA000704010F091BAA078B5FBF0F300FB13532B
:101EB000DBB219460A1D04EB4206B6F90260002E99
:101EC00009DB0131B1FBF0F200FB1211C9B28B4208
:101ED000F0D1002070BDFF29FBD08B4204EB420201
:101EE0001CBF0023E3705580D8E700BFFC0F002023
:101EF000094B03EB810110B5CC680146204610F078
:101F000045FAFF28014604D02046BDE8104010F0F5
:101F10005BBA002010BD00BFFC0F00200F4B03EB8D
:101F2000810170B5CC6806460146204610F02EFAB5
:101F3000FF28054610D00146204610F045FAE288F9
:101F40002389014643EA0243304698472046294602
:101F5000FFF72EFD002070BD0320FCE7FC0F0020E2
:101F600038B50E4B827903EB82030446D86808B972
:101F7000022038BD8278E1799142F9D24B1CE3719D
:101F800000EB41035D89B3F90A30002BF3DBA58038
:101F900010F01AFA20600020EBE700BFFC0F0020D1
:101FA00070B5044610F003000E4603D049211820F6
:101FB000FFF7CCF910F08FF9054624B103483146FC
:101FC000046010F088F9284670BD00BF381000206A
:101FD0002DE9F04F1E4C85B092462268BDF83CB00A
:101FE00098468146BDF838300D461AB95B21182055
:101FF000FFF7ACF91A460A215046039310F016F881
:102000005A4606460921404610F010F83118074696
:10201000206810F08AF9039BC9F8000018B92860FD
:1020200005B0BDE8F08F84192C60D9F8000000934A
:10203000524631460A230FF0ABFF2868CDF838B07E
:1020400009234246394605B0BDE8F04F0FF0A0BF66
:102050003810002070B50E4604460FF0F0FF05461C
:1020600030460FF0ECFF044B2A1821461868BDE8F3
:10207000704010F084B900BF38100020014B186880
:1020800010F046B938100020F8B511441D4EC9B201
:1020900010F00305317003D04E210920FFF756F9E7
:1020A0001F2B19D89B009BB2033323F003039BB271
:1020B00008B17060338101EB81047668E2004FF073
:1020C000010C00EBC404EFB2B94212D8D01D03FBDF
:1020D000010020F00700F8BDFF2B4FEA430204D9AE
:1020E000FF339342DFDB93B2DEE77C2AFBDC7C2309
:1020F000DAE710B186F800C07460013528361C4458
:10210000E1E700BF3C10002038B5144A147853684A
:102110000021C8B2844203D8A9210920FFF716F98B
:102120001846013105782833002DF2D00124128998
:1021300044700021446881708161C161920800F19E
:102140002001051D21F8022B994245F8044B144447
:10215000F8D100234361037038BD00BF3C1000205C
:102160000A4B1B89B3F5FF7F4FEA930006D25A084A
:102170009B1A9BB2984238BF18467047B3F5EE6F72
:1021800001D8FF22F4E740F27263F3E73C1000202D
:102190002DE9F8434B7880460C4602F0040602F025
:1021A000FB07D3B1DFB12F4BD4F804901D89BFBB1F
:1021B00001236370AD08A761E76104F120034A467B
:1021C000211D04F1280023F8025B984241F8042BFA
:1021D0002A44F8D10023636101E0002FE3D0002EF0
:1021E0004FF0FF0318BF0226A370A3191B7D032B1A
:1021F00003D1022F1CBF0136F6B2A31901221A75B2
:1022000006F10C0204EB8606002324F812307268F3
:10221000A370C8F80020A8F804304046BDE8F88351
:10222000002114226170A0180EF074FFB5F5FF7F35
:102230000FD26B08ED1AADB209EB0502C4F8049099
:102240002584A2606384C4F80C90A5842261E38491
:10225000C5E7B5F5EE6F4FF0FF03EBD940F27265BD
:10226000EAE700BF3C1000202DE9F7431FFA82F88F
:102270001FFA81F904460F4616462E214A4640466B
:102280000FF0D4FE05465CB12E230146CDF8009038
:10229000424620460FF07CFE034B1C601F715E71AE
:1022A000284603B0BDE8F083481000202DE9F7432D
:1022B00005460C46F720052190460FF0B7FE06466E
:1022C00085B115F0030703D08F211920FFF73EF8E1
:1022D000DFF83890C9F81050A9F81400A5B2BBB2C5
:1022E0009D4204D806FB04F003B0BDE8F083B9F8C2
:1022F00014C0D9F81000CDF8008007FB0C000523AE
:10230000F72231460FF044FE0137E8E7581000206D
:1023100007B5CDE900230B4603490246081D10F01E
:10232000C1F903B05DF804FB7010002013B5064C32
:10233000CDE900230B46024604F1080104F10C002C
:1023400010F0B0F902B010BD70100020024B014631
:10235000D3E9002010F013B870100020024B0146A2
:10236000D3E9022010F00BB870100020134B0122AB
:1023700000214FF0FF309A60C3F80012C3F8080341
:10238000C3F80015C3F804259A60C3F80803C3F81E
:102390000015C3F804250A490A4A03F580334FF4AF
:1023A0000040C3F80825C1F88000BFF34F8FBFF38A
:1023B0006F8FC1F88001C3F80825704700F0004016
:1023C00000E100E00000F63F8C46382300B50CF831
:1023D000033B054B8E4607CBCEF80300CCF8041028
:1023E000CCF808205DF804FB8C10002070B5234D5C
:1023F000E96AAC6A0B7803F00303032B04F1A80429
:102400001AD16B8E2A8E0120034342F400626B8640
:1024100020746B6B2A869847E96A237E013B18BFBC
:10242000012323764B7833B1D4E92232013342F1D0
:102430000002C4E9223270BD002BEED04B78002B95
:10244000EBD02A8E42F400622A86AA6B002AF2D0D0
:10245000FB2B08D895F83C3063B16B6B0021BDE8CD
:1024600070402020184795F83D3043F0100385F860
:102470003D3070BD01230370CFE700BF8010002006
:1024800010B5114C09F0F0FD09F0E0F8636B208EF7
:1024900000219847237E4BB9236C94F83D1094F8A3
:1024A0003E009847002384F8443010BD94E80700AC
:1024B00004F10C0383E807000449022204F1190027
:1024C00011F013FFE8E700BF80100020C9230000CF
:1024D000034B93F8443003B97047FFF7D1BF00BFF7
:1024E00080100020012923D838B51C4DAB6C044660
:1024F0009847D8B195F83D30C3B995F8240010B18C
:102500001CB1002038BD012CFCD195F84C30DC0604
:10251000C3F300110ED50023AA6B92B1C0B16A8E2D
:10252000920715D5AB6DDB78022BEAD0012038BDC0
:10253000012070472B6D1B78C3F30013C3F1010317
:10254000EAE7B5F85420002AE8D00029EED0E5E704
:10255000002BEBD16A8E002AD3D0E7E78010002051
:1025600008B5094B93F84420022A07D1DA7A42F0E1
:102570000102DA72BDE80840FFF782BF40F23D2158
:102580002720FEF7E3FE00BF80100020F8B5254CA1
:10259000A66A236DE36296F8CB30054606F1A807DC
:1025A00094F85C000BB10430C0B296F871100DB90C
:1025B000FF282ED009F0BCFA97F823301BB3206E09
:1025C0000AF0E2F894F82430216EE06A003B18BF6C
:1025D000012384F88030D7E92223C4E91E2308F0C0
:1025E000E1FF3DB996F8710010F00C0018BF2820EB
:1025F0000AF034F996F8701000200AF097F90223D7
:1026000084F84430F8BDE06A0AF0BEF809F01EF81C
:10261000E7E796F870209142D0D009F089FA97F850
:102620002330CBE78010002070B57F4CA56A82B0C4
:1026300095F8CB20002305F1A8068DF8053094F815
:102640005C300AB10433DBB210B9FF2B00F0B2806A
:1026500095F87010FF2009F06BFAB37D032B00F2A0
:10266000DE80DFE803F0021D807094F8C230ADF820
:1026700006306E48A5F8603005F0B6FE002840F040
:10268000A180D4F8C4000DF105020DF106010FF090
:10269000F8FCA06520B196F86130002B00F0A9800D
:1026A0006348A065F37DDB0003F00802037803F0C4
:1026B000F3031343327E920002F00402134303F04B
:1026C000EF0203F00303032B027002D1C378022B45
:1026D00012D0D4F8C4000FF03FFD48B9A06D0278C5
:1026E00002F00303032B07D005F0A4FE002879D1E4
:1026F000A06D027842F01002027096F8223013B1F9
:102700004378002B43D10AF03FF808F09FFFA66DF5
:1027100006F0EEFC20B1337803F00303032B64D002
:1027200095F8711001200AF001F9A36D414A18884B
:102730009978A4F84C00012384F8C830917084F88B
:10274000443002B070BD394805F04EFE002861D01B
:10275000A06DC3781B2BA5D1012105F1100009F054
:102760001DFAA06D9EE7B5F86030D4F8C400ADF84E
:1027700006300DF105020DF106010FF082FCA06597
:1027800000288FD140F2D6212720FEF7DFFD206EF2
:1027900009F0FAFFD6E9200194F82430B3FA83F364
:1027A000C4E91E015B09A16D206E84F8803008F039
:1027B000F9FEACE795F8713095F870108B427FF414
:1027C00049AF4AE7638EA16D626B43F080038020BE
:1027D00063869047A06D01217174C3781B2B7FF431
:1027E00061AFBAE7A06D027886E701200AF0CCFF5E
:1027F00096E79DF805302BB1BDF8061011F030FDBD
:10280000A06D4FE703808370A06D012111F037FCAC
:10281000A06DF1E740F2DF212720FEF797FD4FF48E
:102820003B712720FEF792FD80100020D810002079
:1028300010110020CC1000202DE9F041434C94F8F9
:102840004420A56A012A82B006460F4605F1A80574
:102850005FFA82F874D12B7C6BB1638E002143F058
:10286000040363862974636B0420984794F824302A
:102870000BB185F81280A16D0A7802F00302032AD9
:1028800036D04B78EBB10223AB7595F82330F3B11A
:10289000A36A93F87110D5E92223C4E91E2394F8A2
:1028A000243094F85C20003B18BF0123013984F8E0
:1028B000803007293FD8DFE801F03B133E113E3E50
:1028C0003E380123AB7595F82330002BE0D106B9D3
:1028D00007BB02B0BDE8F041FFF7D2BD4FF00308DF
:1028E000002300931A494346012008F0E3FDEEE778
:1028F000AB7D63B9638E43F0020363860220636B92
:102900009847A16D0B7803F00303032BB9D1032380
:10291000AB75BAE731463046FFF7E4FD0028D8D161
:1029200002B0BDE8F041FFF731BE4FF00208D7E733
:102930004FF00008D4E740F2B9310620FEF706FD5B
:1029400040F25C412720FEF701FD00BF801000200F
:10295000E810002070B50C4B0C4C0D4A1A6094F82E
:10296000443063B906460D4603F0FF02012104F12D
:102970009000227611F083FB2665256670BDDF216D
:102980002720FEF7E3FC00BF60000020801000203D
:1029900044320000044A92F8443003F0FF000BB9BF
:1029A000107670470C20704780100020024B0122E7
:1029B00083F83C20704700BF801000202DE9F043D1
:1029C000B94C85B002AD85E8030094F844100C982A
:1029D000002940F0D281002A00F0CF81002B00F0C6
:1029E000CC81002800F0C98101F0FF06206495E841
:1029F0000300A36404F1240383E80300A56A62636F
:102A000084F83C6084F83D6084F8C96084F83E60D6
:102A100084F8C8606686268609F020F908F016FE5C
:102A200095F9740009F03AFA05F1A807A86A09F0C7
:102A30008FFE286A09F038FA97F8330009F03EFA59
:102A400094F82430002B69D004200EF019FCEA69B8
:102A500041F64B539A4294BF4D20962009F03CF822
:102A6000A36A93F8D832002B40F01B8195F87110BF
:102A7000012009F0A9FB002863D08C4B186809F0ED
:102A80006DFE6B69C4F8C430AB69C4F8CC3095F8FE
:102A90007F301BB9A96F002940F0C380D7F89000A0
:102AA000D7F89410D7F89820D7F89C30DFF800C2F8
:102AB000ACE80F00D7F8A030C4F88130D7F8A430C4
:102AC000CCF80D30A36A94F8241093F8C520A2F135
:102AD0002600002938D1012803D993F8C6002628FA
:102AE00038D193F81A2393F87080002A40D0B8F1B7
:102AF000080F3DD0B8F1040F00F02481082A00F03F
:102B00002181042A00F01E81B8F1010F30D0012A82
:102B100014BF4FF002084FF0010829E003200EF027
:102B2000AFFBEA6941F64B539A4294BF4D20962081
:102B300008F0D2FF95F87010002009F045FB00283E
:102B40009BD105B0BDE8F08301287BD993F8C6007E
:102B5000262877D0213A012A40F2CA80242800F0A2
:102B6000E58093F87080B8F1040F08BF4FF00808B3
:102B700005F138094146484611F075FC414610F010
:102B80005FFFB5F8442095F871100346934228BFC3
:102B90001346484684F8C23011F02BFC95F87110AA
:102BA00097F82380B5F84C90082908BF042110F04D
:102BB00047FFB8F1000F01D1043080B2484528BF6B
:102BC00048465FFA80F884F8D08006F091FA20B188
:102BD000B8F12B0F38BF4FF02B0894F8243084F84D
:102BE0005C80002B56D197F82220002A39D0D7E9F3
:102BF0002001012284F8802095F87020C4E91E018C
:102C0000E86941F64B51013A884294BF0420002004
:102C1000072A00F29A80DFE802F01E9D981D98981E
:102C2000989FB7F84E20BB8A93427FF437AFB5F830
:102C30007C201344A7F84E3095F87E0001220AF05C
:102C400087FD2BE793F8B62393F87080002A7FF472
:102C50004EAF8DE70323002200921549FB2208F0B6
:102C600029FC0120FFF7E0FC124BD3F8503523F08C
:102C70000803032B00F086800023C4E90033A3601F
:102C80002A88B98A97F8333061802280237105B091
:102C9000BDE8F08397F8233073B90120FFF776FC85
:102CA000E2E708F0C9FFE1E68010002060000020A4
:102CB000E810002000100040D7E9220195F871309B
:102CC0000122013BC4E91E0184F88020072B3CD877
:102CD000DFE803F005443B043B3B3B460326002171
:102CE000009133462A494246012008F0E3FBD4E72D
:102CF00024281BD000293FF434AF93F86E2193F8B9
:102D0000708050071ED412F001032BD193077FF57A
:102D10002FAFB8F1080F3FF42BAFB8F1040F11D06B
:102D2000B8F1010F18BF4FF0020821E700293FF466
:102D300018AF93F8691093F86E2193F870800A40E9
:102D40005107E0D54FF0080812E740F2B9310620EC
:102D5000FEF7FCFA01237EE702237CE70126BEE7AB
:102D60000226BCE7B8F1080F3FF402AFB8F1040F38
:102D700014BF98464FF00808FAE64FF4A8712720D0
:102D8000FEF7E4FA4FF4FD712720FEF7DFFA00BFEB
:102D9000E810002010B5184C94F84430EBB194F8CA
:102DA00024308BB194F84430022B20D1A36AD3F89D
:102DB000F00209F021FDA16A91F87F3003F0FF02D3
:102DC0000BB98B6F63B910BD94F84430012BF2D06E
:102DD00040F20F212720FEF7B9FAFFF751FBEAE78F
:102DE00091F87E00BDE8104011460AF0B1BC40F2F7
:102DF00013212720FEF7AAFA80100020FFF740BB1E
:102E0000014B1876704700BF80100020014B93F8EB
:102E1000C800704780100020024B188EC0F380203D
:102E2000704700BF80100020014B93F8C900704725
:102E3000801000202DE9F0411E4FBC6A820782B04D
:102E400005460E4604F1A80411D4EB070CD5D4E9CD
:102E50002232217E013342F100020129C4E92232EB
:102E60000CBF00230123237602B0BDE8F081BB6BC9
:102E7000DBB1B7F85420F96A1846033291F80180A3
:102E80000EF0D2F80DF1020201A9F862D7F8CC00D9
:102E90000FF017FA01980FF0FEF901223060414659
:102EA000D7F8CC000FF0A3F9CFE740F24D4127202F
:102EB000FEF74CFA801000202DE9F047B24C86B0A6
:102EC0000023CDE904338DF80F3094F84430A56A1F
:102ED000022B06460F4605F1A8055FFA83F840F07D
:102EE000A281238E13F0400106D1636B40209847E6
:102EF000238E43F040032386002E5AD095F82330CA
:102F0000002B40F01881D4F82CA09AF8011089B257
:102F1000A4F85410002940F025810023A3639AF8F7
:102F20000000238EE97DC0F3800243F48073914258
:102F3000238600F0CC80A26A94F8241002F1A8093C
:102F400099F81620EAB1022A00F05381002389F88B
:102F5000163021B199F81220002A40F03F8199F8EB
:102F60001130002B40F0168199F81730D4F82CA0BE
:102F7000012B0CBF0023012389F817309AF80000B9
:102F8000238E43F4806222862A7EC0F3C0039A42D5
:102F90004FF0000900F0A28006F0AAF8C0B19AF83C
:102FA000003003F00303032B12D101200AF0ECFBE5
:102FB0000EE095F82320002A40F0B98043F4007316
:102FC000238694F8C930013384F8C9304FF00009E2
:102FD00095F822305BB394F82430A26AB3FA83F3F5
:102FE0005B0995ED207B84F8803092F87030D069D1
:102FF000013B41F64B5284ED1E7B904294BF04206E
:103000000020072B00F2E280DFE813F08E000800BA
:10301000E0008B00E000E000E0000A004FF0010853
:103020000022009259494346FB2208F043FA47B96F
:1030300094F8C9100120FFF755FA0746002800F060
:10304000998009F0E1FC01279DF80F307BBBB9F1B5
:10305000000F08D094F82430002B59D1B4F809306F
:103060000133A4F809303EB3B4F80530002201332F
:10307000A4F8053084F8C920454806F03BFB0498C5
:1030800040B10FF008F9A16A002343720822013011
:1030900011F019F9059B33B1A16A00221A72059843
:1030A000102211F010F96FB906B0BDE8F08705A93C
:1030B0000220FFF7BFFECAE7B4F807300133A4F8D7
:1030C0000730D9E7FFF7DCF906B0BDE8F0872A7EC4
:1030D000C0F3C0039A42B1467FF45EAF06F008F831
:1030E00000284AD0D4F82CA09AF8003003F003034B
:1030F000013B012B41D89AF8012094F8D0309A4234
:103100003BD994F83D3043F0100384F83D3043E759
:10311000B4F80530B4F80710AA8A0B431343A2D0C1
:103120009CE74FF003087BE74FF0000878E708F0D2
:10313000F7FA238E42E708F0B9FA08F09BFAD4F8C0
:103140002CA09AF8011000287FF4E1AE002942D0AB
:103150009AF800302A7EC3F3C0039A425DD089B248
:10316000A4F85410D4F8CC000FF017F8D4F82CA021
:10317000A063D4E6FFF758FA66E70DF10F00FFF7FA
:1031800035F9D4F82CA007E780100020E8100020C3
:10319000A41000204FF0000A89F811A005F034F9BE
:1031A00000284AD0638E43F0080363865146636B60
:1031B00008209847D9F880300133C9F88030D9F811
:1031C000843043F10003C9F88430CDE640F2B931D0
:1031D0000620FEF7BBF8A4F854109EE689F81230DA
:1031E0001946638E43F0100363861020636B984783
:1031F000B5E6D4F8C40004A90EF066FFC0B1D9F852
:10320000803094F824100133C9F88030D9F8843024
:1032100043F10003C9F8843098E6012384F83E3076
:10322000FFF72EF940E740F2CF412720FEF78EF856
:1032300040F2CB312720FEF789F840F2E231272017
:10324000FEF784F861250000B92E0000392800003F
:10325000D12400000B46062203F8032BB0F809C066
:10326000C27AA1F803C09A70704700BF06230B70A2
:10327000D0F80F301A88A1F8032093F8CD304B71A5
:10328000024B5B6800229A67704700BF94190020C8
:103290000B46172203F8032BD0F809C0D0F80D20F5
:1032A000C1F803C05A60704710B5392301F8033BD9
:1032B00000F109032930D3F800E0D3F804C09A687C
:1032C000DC68CC6010338342C1F800E0C1F804C070
:1032D0008A6001F11001EED11B880B8010BD00BF88
:1032E000124B134A33F8113003F2E733A2FB0323E6
:1032F000082900F1FF324FEA93134FEAC2120FD0B0
:10330000042907D0022914BFF0216021134401FBD6
:103310000030704740F2BE21134401FB003070477B
:103320004FF4D261134401FB003070473420030096
:10333000D34D621030B5D928844628BF4FF0D90C40
:103340000CF1300CBDF80C401FFA8CFCBCF1FF0FE7
:1033500028BF4FF0FF0C04F0020514F0010486466C
:1033600038D1002D64D001F5A570082A00F0148131
:10337000042A00F0C580022A14BF4FF414714FF4E0
:103380009671014412F00C0F40D1082A00F00C8114
:10339000042A00F00C81022A14BF4FF4B070B4204C
:1033A0009C31014401F19800B4BB002B00F0AC80CB
:1033B000082A00F03C81042A00F09981022A40F694
:1033C000480308BF4FF48563BEF1D90F184400F2DB
:1033D000428130BD01F5A570002DC6D1002B42D130
:1033E000082A00F01C81042A00F09C81022A00F0C7
:1033F000B7810CF1050C1FFA8CFC282108250CFB69
:10340000051C12F00C0F0CEB0001BED001F61441AC
:1034100001F19800002CC8D0082A00F0C180042ACD
:1034200000F0C880022A14BFC0236423184430BDB2
:1034300001F5A5702BB3082A00F04381042A00F09F
:103440007981022A40F6480308BF4FF48563BEF134
:10345000D90F1844BDD9AEF1D903C5499BB2F63393
:1034600081FB0341FEE0082A00F0D680042A00F028
:103470003B81022A40F6480114BF8C464FF4856C0C
:10348000BFE7082A00F01181042A00F05B81022ABC
:1034900000F004810CF1050C1FFA8CFC2824082391
:1034A0000CFB034CBEF1D90F604492D9B149AEF187
:1034B000D90E1FFA8EFEA1FB0E31AEEB010301EB1C
:1034C0005301042AC1F3C71146D1C1EB4113C1EB2B
:1034D000C303AEEB030341F208329BB202FB0100CF
:1034E000002B3FF476AF03F1080292B205324FF49D
:1034F000BF74102100F5A57302FB0142D01830BD46
:1035000040F2CE5101443DE77346F12B28BFF12331
:10351000082A53D0042A00F0FE80022A00F01A8103
:1035200013339BB228214FF0080C03FB0C13BEF1A0
:10353000D90F18447FF64DAF8E49AEF1D90E1FFA60
:103540008EFEA1FB0E31AEEB010301EB5301042A09
:10355000C1F3C71100F09280C1EB4113C1EBC3036B
:10356000022AAEEB030E40F6921540F272541FFA97
:103570008EF318BF2C4604FB01000CBF182428242E
:10358000002B3FF426AF0833022A9BB203F1050259
:103590000CBF04210821ADE741F2D0210144F1E63E
:1035A0004FF4CA63184442E74FF43560F8E640F23E
:1035B000EE30F5E640F2AE23184438E713339BB201
:1035C00000EB8310BEF1D90F00F5C8707FF601AF94
:1035D000684AAEF1D90E1FFA8EFEA2FB0E32AEEB98
:1035E000020302EB5302C2F3C712C2EB4213C2EB57
:1035F000C303AEEB030E44F2DA311FFA8EF301FB84
:103600000200002B3FF4E5AE03F1080292B205324E
:103610004FF4C87440216DE744F2902CF1E60CF1B0
:10362000050C1FFA8CFC4FF4C8714025E7E601F544
:103630008640BEF1D90F00F128007FF6CAAEAEF188
:10364000D9024B4B92B2F63283FB02131344DB11C7
:1036500044F2DA310FE0AEF1D901454B89B2F631CF
:1036600083FB01430B4440F6921440F27251DB118C
:10367000022A18BF214601FB030030BDC1EB4113F4
:10368000C1EBC303AEEB030E41F208321FFA8EF317
:1036900002FB0100002B7FF426AF30BD0CF1050CBE
:1036A0001FFA8CFC18240423FAE60CF1050C1FFA0F
:1036B0008CFC00EB8C13BEF1D90F03F5C87087D8D2
:1036C00087E644F2DA32BEF1D90F01EB02007FF651
:1036D00080AEAEF1D901264B89B2F63183FB0143AE
:1036E0000B44DB111146C6E741F2BE1C89E601F529
:1036F0009250BEF1D90F00F116007FF66AAEAEF11E
:10370000D9021B4B92B2F63283FB02131344DB1136
:1037100041F20831AFE713339BB24FF4BF714FF062
:10372000100C02E70CF1050C1FFA8CFC4FF4BF7172
:10373000102564E641F20832BEF1D90F01EB020018
:10374000C7D830BD0CF1050C1FFA8CFC4FF4BF74C8
:103750001023A5E613339BB218214FF0040CE4E6C6
:103760000CF1050C1FFA8CFC1821042547E600BF5C
:10377000C9F9A98491F353092DE9F041314ED6F8E6
:1037800000C0DCF80F300B624FF000089CF81530D9
:1037900062F3070862F30F2815469CF814201B04F7
:1037A00043EA02239CF8132013438B6284B007463C
:1037B000BCF819000C4610F0A2F93368E06101462C
:1037C000987D019110F0A8F9336820860199B3F82B
:1037D000170010F0B4F93368E062B3F81B20A2843C
:1037E000B3F81D20E28493F8242002F01F0284F82D
:1037F000D920D3F81F00029093F823308DF80C30B5
:1038000002A904F1CD0010F0EAF9336893F82430EE
:10381000A4F870805B0984F8D932FF2315F00C0FEF
:1038200014BF0121002104F1380084F8723005F042
:10383000B9FB97F91410204610F04AF904B0BDE81E
:10384000F08100BF54110020F8B544888C4614F074
:103850000404054608BF2146134618BF05F1770149
:103860006246C07F04F09CFFC207044606D4A3074B
:1038700012D484F00400C0F38000F8BD012385F861
:103880006830E87F04F0F0FF0368C5F8693083888A
:10389000A5F86D30A307ECD5084E0127306885F8F0
:1038A000767005F1770110F076FA3068394610F03D
:1038B00082FA84F00400C0F38000F8BD54110020A7
:1038C0000B46132270B503F8032B0C4600F10902D6
:1038D0002930166855689168D2F80CC0C3F80CC03E
:1038E000103282421E605D60996003F11003F0D1D6
:1038F00012781A70A6880125A57129463046FEF770
:10390000F7FA48B1E27842B1008804F02FFD294669
:103910003046FEF703FB20B970BDBDE8704011F0E2
:1039200039BA40F242212D20FDF710FD1323F7B5DF
:103930000B700023CB7083691A888A8005460122A8
:103940008A71D8690C4610F0C7F8AB6960839A8C0D
:10395000A283DA8CE28393F8D92284F82020FF2214
:1039600084F821206A69128962845A7A012A04F152
:103970000E012ED1DA7B02F0C002402A29D1D3F801
:103980000A20C4F80E20DB898B80154B5868436DE4
:103990006361B0F858302383AF69BE78E6710023C5
:1039A0000622694654300093ADF804300DF0D8FA81
:1039B00010B146F00206E671D7F80330A360B7F8FD
:1039C0000730A381A86940B103B0BDE8F04011F011
:1039D000E1B90023C4F80E30D6E703B0F0BD00BF54
:1039E0009419002070B504460D46C869164610F0BB
:1039F00073F8AB8CA4F8A630EB8CA4F8A830A4F82C
:103A0000A400A37F95F8D92284F8AA201BB194F8CA
:103A10006830012B24D00022C4F89820A4F89C2000
:103A20001F4B1B681A78C2F3801284F89120082E6D
:103A3000D3F8032023D0C4F89E20B3F80730A4F8AD
:103A4000A23004F1920204F19101304604F078FEB4
:103A500008B394F8913043F0020384F8913070BDBC
:103A600094F86E3003F0C003402BD4D1D4F8692011
:103A7000B4F86D30C4F89820A4F89C30D0E7C4F8AE
:103A80009220B3F80710A4F896100023C4F89E30D3
:103A9000A4F8A23070BD40F64A412D20FDF756FC37
:103AA000541100200B46162203F8032BD0F80920EE
:103AB000C1F80320CA7890F80DC083F804C01AB189
:103AC00030F8AC3C1B0700D5704710B5B1F8054085
:103AD00001212046FEF70CFA38B1008804F046FCBC
:103AE00001212046FEF71AFA00B910BD40F28621E6
:103AF0002D20FDF72BFC00BF2DE9F0438A4D8B4AAA
:103B0000AB6A87B05B680292894A03920026894AB1
:103B10006E71044680F8816002A8CDE904232E82EC
:103B2000AE60AE7108F01AFE08F098F808F0E4FEF6
:103B300007F04AFC804808F0B7F9804808F008FE12
:103B400004F1300730460DF09BFB384601F0BEFB18
:103B5000384601F0C1FB08F0B1F92179252007F0C2
:103B6000E7FF94F9140008F099F92179304608F03C
:103B70002BFBE86028B901232B71002007B0BDE8BA
:103B8000F08304F15001E06C0EF0FDFC04F15801EB
:103B90000646E06C0EF01CFD07463EB194F824800A
:103BA000B8F1000F02D04FF0010903E0002F5CD103
:103BB000B846B946A37F13B9638859071BD5D4E922
:103BC00018236FF000418B4208BFB2F1FF3F54D081
:103BD00011F0CDFAD4E91823904271EB03034CD3D2
:103BE000414601222046FFF72FFE00284FD1B9F1B0
:103BF000000F40F09480002E08BF3E4694F88330BA
:103C0000002B71D1002E6FD12868033004F0B6FD6F
:103C10006388A874DB07B0D50023266ACDE900339A
:103C20000122FF238DF8062085F8203006F10A07CF
:103C30006846FEF795F900289FD1009CA642F7D070
:103C4000727A607A3B4604F10A010FF003FE002805
:103C5000EED0A37885F82030D4F80320C5F82120D1
:103C6000374BB4F807209A8087E794F82580B8F19D
:103C7000000918BF4FF001099CE7B9F1000FBAD055
:103C8000012211462046FFF7DFFD002847D004F04F
:103C900051FD804611F06BFA4FEA4813B3EB08036D
:103CA0004FEAD86262F10002520242EAD3525B024A
:103CB00013EB080342F1000C4FEA8C1E9A014EEA06
:103CC000936ED21A6EEB0C0C12EB08034CF100024F
:103CD0001B1842EB0101C4E91831002E08BF3E4613
:103CE00094F88330002B8DD06388DA068CD4666C10
:103CF000C6F30B2605F002FAC0F30B039E42F9D07F
:103D000094F8463084F84500C0F3032123F00F03F4
:103D10000B43002284F8463084F8832074E740F691
:103D200014212D20FDF712FB541100204144000006
:103D30007D400000493F0000D6BE898E5555550094
:103D4000751100202DE9F047032984B0044616467A
:103D500040D090F8803023B10025284604B0BDE85B
:103D6000F087052967D0464F97F812804FF0010978
:103D7000B8F1000F39D13378082B70D0396894F836
:103D80006F2011F8030B04F17003C0F380100FF0E3
:103D900061FD3968054611F8030BC0F380100FF080
:103DA00084FD824604F072FD0746002830D1337846
:103DB000082B4FD0002D34D063885907CDD4002F65
:103DC000CAD1B8F1000F53D1637D0BB14B45C3D1BC
:103DD0000125C2E743889A07BED5294F97F812807C
:103DE0004FF00209B8F1000FC5D00FF068FD0828A8
:103DF000307034D002AA0DF1070104F0A1FC0028B4
:103E000038D09DF8070002A910F083FE8046B2E783
:103E1000BAF1080F13D13378082B1BD00027002DDF
:103E2000CAD1E57FED1A6388B5FA85F559074FEADF
:103E3000551592D4C3E74388DB0794D48CE75046EA
:103E400004F048FC33780028E6D1082B84D0002DFC
:103E5000B2D1E6E7638858073FF57FAFB1E739682D
:103E600011F8030BC0F3801010F053FE804685E775
:103E7000454672E740F63D712D20FDF767FA00BF19
:103E80005411002038B52E4DB0F84830AA7C0133CB
:103E90000446A0F84830B2B900232B7194F8813061
:103EA0005BB9637C1BB1B4F848209A4212D2204619
:103EB0000021BDE8384002F08BBD20460121BDE85D
:103EC000384002F085BD08F017FD07F07DFA0023A9
:103ED000AB74E1E70121204602F07AFD6388DB073D
:103EE0000FD5236A1D8804F0A3F868B9637C217894
:103EF00084F8B8104322A4F8B95084F8B720A3B1CD
:103F000011E004F095F800B138BD637C207884F8A6
:103F1000B8004FF0FF32432184F8B92084F8BA206A
:103F200084F8B7100BB194F8483084F8BB3004F132
:103F3000AE000449BDE83840022210F0C4B900BF09
:103F400054110020A53A000060B951B1074A137915
:103F5000916AD06A096903F18043043B51F8233028
:103F600018477047014BD86AFFF78CBF54110020E7
:103F70002DE9F04182B008230DF107020521044626
:103F80008DF80730FFF7DEFE00286BD06279216ADA
:103F90002046FFF7F1FB216A002384F88D30088862
:103FA000A4F88E004FF6FF73FF2284F8AB20A4F82C
:103FB000AC309DF807202046FFF714FD236A2D4AF8
:103FC00019881568A4F8C51093F8CD2084F8C72087
:103FD00025B1184601222146A847236A264D2868A4
:103FE000D0F80320C3F80320B0F80720A3F8072077
:103FF0000678D4F820800027C6F3801688F802607F
:10400000082107800FF09EFE286839460FF0FAFF5E
:1040100028683A464FF003010FF0FBFF3A460623AB
:10402000286804F169010FF0CEFF94F86810286841
:104030000FF0B8FE286831460FF0BDFE06230122BE
:10404000286808F103010FF0BEFF6179FF2007F037
:104050006FFD286808F098FB092301202B7102B03E
:10406000BDE8F0812046FFF70DFF012002B0BDE85A
:10407000F08100BF6C00002054110020F0B54D4CC1
:104080002379022B85B003D02379032B40F086805F
:10409000E36A1D6A0DB195F8755088B9A37C1BB110
:1040A00008F02AFC07F090F9E06A02F0B7FA40B392
:1040B00007F0DAFFA36A9B6805B0BDE8F040184737
:1040C000216893F8682011F8096B6933F0090FF043
:1040D000C1FB0028E2D006F00F06052E206827D08D
:1040E00029460FF08EFE0028D8D02379E06A022BF3
:1040F0000DD02379032B0AD040F6C5412D20FDF7C2
:1041000025F9E06A05B0BDE8F040FFF7BBBE2379B2
:10411000A26A03F180435269023B314652F82330D0
:104120009847A37C002B3ED10028BDD105B0F0BD3F
:1041300090F8243003F01F03102BD1D9E76AFB7CE1
:10414000002BCDD008230DF10F02314638468DF8F3
:104150000F30FFF7F7FD0028A0D097F8E130002BD3
:104160009CD1216807F1E202CB1C23311E685D68F7
:104170009868D3F80CC0C2F80CC010338B4216609C
:104180005560906002F11002F0D11B8813800A493B
:10419000022207F1D90010F096F87FE740F6EC41D3
:1041A0002D20FDF7D3F8019008F0A6FB07F00CF9DD
:1041B0000198B9E754110020A93200002DE9F0411F
:1041C00004460E46002940F08E80704D286894F811
:1041D0007670002303806388103B0D2B00F2C780AC
:1041E000DFE803F07CC5771EC507C5C5C5C5C5C5D5
:1041F000C50701210FF0A6FD2868037823F02003EE
:1042000043F020030370002F00F0948004F1770145
:104210000FF0C1FD286801210FF0CDFD286809E0ED
:1042200000210FF08FFD2868037823F0200343F06E
:104230002003037004F169010FF0A6FD94F86810E3
:1042400028680FF0AFFD638823F008039BB2152B9D
:1042500005D094F85420216D28680FF0B3FD28682C
:1042600008F092FA04232B71F6B16388102B6CD0FE
:1042700004F130084046EF6801F0C0F806464046B9
:1042800001F098F8013E301A61882822C0B201F08E
:10429000F5F863881B0707445CD42279394600206F
:1042A00008F0DCF800286CD06388103B0D2B63D835
:1042B000DFE803F00D620707620762626262626212
:1042C000620721790120BDE8F04108F02FBBBDE86D
:1042D000F08106210FF036FD2868ABE702210FF0D0
:1042E00031FD2868A6E700F13007384601F062F892
:1042F000A8B963881A0735D5384601F07FF8054616
:10430000384601F057F8281AC0B2204D01F0B0F835
:10431000AB681844A860384600F0D8FF00E01B4D99
:10432000384600F0D9FF07F0C9FD2179252007F0B4
:10433000FFFB4BE704F170010FF02DFD286894F8A6
:104340006F100FF038FD286874E72179002007F01E
:10435000BBFDA9E7AB681F4401F062F83844C4F81C
:1043600018019AE72046BDE8F041FFF78BBD40F207
:1043700049612D20FCF7EAFF40F675512D20FCF72E
:10438000E5FF40F661512D20FCF7E0FF54110020BD
:1043900038B54388102B1FD0124DAB7C044663B94F
:1043A000286808F0F1F9608810F004000BD00020B4
:1043B00008F054FA02232B7138BD06F0E7FF4020C5
:1043C00008F08EFAECE7217908F0B0FA002008F046
:1043D00045FA02232B7138BDBDE838400121FFF7B3
:1043E000EDBE00BF541100200121FFF7E7BE00BF62
:1043F000024B0121D86AFFF7E1BE00BF5411002033
:1044000070B50C4E337963B90378FF2B054608D09D
:10441000FFF772FB044610B93379012B04D1204613
:1044200070BD0C24204670BD01462846FFF7C6FE2D
:10443000204670BD541100200121FFF7BFBE00BF10
:1044400010B5164CA37CF3B9E06A02F0E7F8A8B106
:10445000E06A438803F018038BB12379022B02D062
:104460002379032B14D12379A26A03F18043D26804
:10447000023BBDE8104052F823301847E06ABDE81F
:104480001040FFF7FFBC08F037FA06F09DFFDBE7AE
:1044900040F6F4312D20FCF759FF00BF54110020E5
:1044A00038B51D4C2379002B35D02379E56A022BD2
:1044B00019D02379032B16D00CF024FF94F8303058
:1044C000F3B1284602F0AAF8D0B1E46A63881B076A
:1044D0001BD404F1300000F06DFFB0B92046BDE8F8
:1044E0003840FFF7CFBCA37C002BE5D008F004FADE
:1044F00006F06AFF0CF006FF94F83030002BE0D194
:104500002846BDE83840FFF7BDBC20460121BDE884
:104510003840FFF753BE38BD5411002030B50B684A
:1045200083B0002B51D00C460546184600F066FFBC
:1045300094F810E0627CBEF1040F3BD0254B264975
:1045400033F81E30042A03F2E73323D0A1FB031310
:104550004FEA931CBEF1080F00F1FF334FEAC3137B
:1045600025D0BEF1020F14BFF0216021634401FB8E
:104570000031A388009328460023FEF7DBFED4E930
:104580000223D730824273F100032CBF01200020A8
:1045900003B030BDA1FB03234FEA931CBEF1080F0B
:1045A00000F1FF334FF008024FEAC313D9D14FF4A3
:1045B000D261DBE7431E042A4FEAC3134FF02C0CF1
:1045C000F5D108224FF4D261D0E740F2FD312D2021
:1045D000FCF7BCFE34200300D34D62102DE9F04FF0
:1045E00090F8803087B0002B3DD1458815F001054B
:1045F000044638D0774E03F0FF0AB37C002B40F01E
:10460000C680316811F8030BC0F3801010F081FAF6
:104610004FF008098346316894F86F2011F8030BB6
:1046200004F17003C0F380100FF014F931680746ED
:1046300011F8030BC0F380100FF037F9804604F037
:1046400025F9019018B1B8F1080F40F08680B9F152
:10465000080F00F0AF80638857B95A0740F18A808D
:10466000E37F4B4506D00025284607B0BDE8F08F14
:104670005B077FD53168584B11F8030B96F8202063
:10468000C0F380100FF0E6F807460028EBD1216A4E
:1046900033681A7891F8CD3003EA521303F001031E
:1046A00081F8CD3001222046FFF766F8216A84F8B0
:1046B0008D70FF23088884F8AB304FF6FF73A4F8A1
:1046C000AC304A46A4F88E002046FFF78BF94349E8
:1046D000022204F184000FF0F6FD236A40491A8893
:1046E000A4F8C52093F8CD3084F8C730022204F135
:1046F000BC000FF0E8FD236A1F8803F099FC88B91D
:10470000637C2278A4F8B97084F8B70084F8B820E4
:10471000002B56D1334984F8BB30022204F1AE009D
:104720000FF0D1FD304B1B680022327113B1206AAB
:10473000214698473368226AD3F80310C2F8031061
:10474000B3F80710A2F807101B78226AC3F380138E
:104750002846937007B0BDE8F08F404603F0BAFFDB
:10476000019B00287FF473AFB9F1080F3FF47BAFD2
:104770009A4670E7BAF1000F7FF475AFBBF1000FF6
:104780007FF478AF637D012B3FF66DAF72E70FF0DA
:1047900096F8082881463FF434AF04AA0DF10F01C2
:1047A00003F0CEFF80B19DF80F0004A910F0B1F91D
:1047B000834630E763885907E0D5002F3FF453AFB5
:1047C00058E794F84830A5E740F63D712D20FCF7F6
:1047D000BDFD00BF5411002075110020C13800003C
:1047E00055320000A53A00006C0000202DE9F0478A
:1047F000032984B00CD0052946D1684B1C681CB134
:10480000A04780F00100C4B2204604B0BDE8F087A4
:1048100043880546980737D5614EB37C002B38D1C5
:10482000316811F8030BC0F3801010F072F94FF0EB
:1048300008088146316895F86F2011F8030B05F1DF
:104840007003C0F380100FF005F83168074611F8C7
:10485000030BC0F380100FF028F8824604F016F81E
:10486000044638B1BAF1080F04D0504603F032FFC5
:10487000002875D0B8F1080F41D000246B88DFB94B
:104880005A0766D4002C3DD00124204604B0BDE870
:10489000F0870FF014F808288046C1D002AA0DF165
:1048A000070103F04DFF00286ED09DF8070002A914
:1048B00010F02FF98146BDE75B07E3D52B7C4BBB9E
:1048C00030680024048004210FF03CFA306805F1C0
:1048D00069010FF059FA95F8681030680FF062FA24
:1048E00095F85C20A96D30680FF07BFA30680523DD
:1048F000337107F049FF204604B0BDE8F0876B88AC
:1049000059072AD4B9F1000FD8D16B7D13F0FD0FF0
:10491000BAD1D3E795F8D030002BD1D12B7885F8D8
:10492000D130B8F1080F1FD005F1D30205F1D20143
:10493000404603F005FF60B395F8D23043F0020320
:1049400085F8D2301749022205F1C8000FF0BBFCF0
:10495000B6E7EB7F434597D1B0E7002F94D0ADE7A2
:10496000B8F1080F8AD14FE731680B4613F8032BD3
:10497000C2F3801285F8D220D1F80320C5F8D320E5
:104980009B88A5F8D730DDE740F63D712D20FCF778
:10499000DDFC40F6BA712D20FCF7D8FC6800002041
:1049A000541100209132000008B590F88C3043B9C2
:1049B00090F8C4302BB990F8B63003F0FF0013B96B
:1049C00008BD012008BD03F033FB80F00100C0B238
:1049D00008BD00BF10B50948037913B10C24204667
:1049E00010BD03F0FF042422214604300CF092FB9A
:1049F00007F082FF06F0E8FC204610BD54110020AD
:104A000010B50E4C002323712379206023B140F2AE
:104A10001E312D20FCF79AFC03F0FF012422201DFB
:104A20000CF078FB07F068FF06F0CEFCA36A03B138
:104A300010BD40F221312D20FCF788FC54110020DC
:104A400030B54FF4AC7285B004460D4600210CF031
:104A500061FB42F21073FF211322E3842170628014
:104A6000FDF752FB00220146E0646846FDF790FB2B
:104A7000E06C002201210DF069FDE16C0422684622
:104A8000FDF786FB0022E06C11460DF05FFD04F19E
:104A90003000257500F0F8FB02A804F021F830B1D1
:104AA00002A904F136000FF09AF805B030BD40F2CB
:104AB0003A312D20FCF74AFCFF23C86C0B700DF037
:104AC00012BD00BF014B024A9A6270475411002088
:104AD00070520000064A0749074B084810B4084CBA
:104AE0001460084A5DF8044B08601A60704700BF04
:104AF000680000206C00002064000020596900005C
:104B0000DD450000713F00000078FF3818BF01202C
:104B1000704700BF70B5044682B030300D4600F0DB
:104B20006DFC6388D9062ED49A0794F804E01B4ADA
:104B30001B4932F81E20844602F2E7324CBFB4F81B
:104B40005C00B4F85400A1FB02120CF1FF36BEF178
:104B5000080F4FEA92124FEAC61611D0BEF1040FA9
:104B600018D0BEF1020F14BFF0216021009332442F
:104B700001FB0C212B466279FEF7DCFB02B070BD15
:104B80004FF4D261F2E72822194602B0BDE8704026
:104B900000F04ABC40F2BE21E8E700BF3420030029
:104BA000D34D6210428812F0180F01D001207047D7
:104BB00010B5034693ED027B86B0B0F804C0ADF8A3
:104BC000042000F13004084669468DED027B009414
:104BD000ADF810C0FFF7A2FC06B010BDD0E902018D
:104BE000704700BF407D003818BF0120704700BFEC
:104BF0002DE9F041857DAB1EDBB2012B04468CBF55
:104C000000270127002D5AD0B5F1020818BF4FF038
:104C10000108012B0BD943889A0666D40826022D79
:104C200068D0637F002B57D10020BDE8F08100F1F0
:104C3000700190F86F000EF038FE63889B06064600
:104C400005D40828EAD003F051FD0028E7D1E67723
:104C5000A77784F8688003F06DFD054610F087FAA9
:104C60006B015B1B4FEAD56C6CF1000C4FEA4C2CCE
:104C70004CEAD35C5B025B194CF1000E4FEA8E16D6
:104C80004FEA831CBCEB030C46EA936666EB0E0608
:104C90001CEB050346F1000C18184CEB0101002237
:104CA000C4E9180184F8762011462046FEF7CCFDB1
:104CB0000028BAD140F2B6412D20FCF747FB4388CB
:104CC000990614D4082604F16901002003F0D8FBEA
:104CD0000028A9D0A846BAE7D4F81730C4F869303C
:104CE000B4F81B30A4F86D30B1E70826AFE7A8464A
:104CF0000826ACE74546E6E70B68C0F817308A8817
:104D0000A0F81B2001234377704700BF2DE9F04F27
:104D100084460C4690F8058090F812A00546BCE841
:104D20000F009DB010AF0FC7BCE80F000FC79CE885
:104D30000F0008AE87E80F00304600F0A5FA237D8B
:104D4000A27A0592013BDBB2227861780692022BAF
:104D500000F2E180724A134401F07F07C90693F81C
:104D6000149008D4A37D013BDBB2022B00F2D38068
:104D7000134493F81480BAF1010F09D1B9F1080F67
:104D800008BF4FF00409B8F1080F08BF4FF004083E
:104D9000617A304600F080FA237DA27E022B08BFA4
:104DA000617D02F1010206BF0131C9B20121D2B217
:104DB000304600F073FA3A076FD500231A46CDE962
:104DC0000332E86CA37C079394F818A00DF04AFC1A
:104DD0008346E86C0DF056FC5845AAF1010A38BF2D
:104DE0005846BAFA8AFA80B2DDE903324FEA5A1A13
:104DF00000283CD107998DF85510CDE9123205995C
:104E00008DF8561006998DF850A0ADF842708DF8C7
:104E100040108DF844908DF8458010AF0FCFAC4610
:104E2000ACE80F000FCFACE80F0097E80F008CE85C
:104E30000F0096E803002863A986E27A95F84630C9
:104E400012F0FD0F4FF0000E14BF0122724685F8DC
:104E50006F20E2682A67228AA5F87420E27D62F357
:104E6000071385F8463070461DB0BDE8F08F17F087
:104E7000180FCDE90C320A96ADF82C708DF83890E9
:104E80008DF83980B6D10AA9FFF748FBDDE9033276
:104E90000028AFD14FF0450EE5E7304600F0AEFAFE
:104EA0006378DB06824626D52822394600F0BCFA14
:104EB0001C4B217900F53672A3FB0232E37843EAFA
:104EC00001236179520A43EA014340F2712101FB57
:104ED00002F201FB03F39A420BD9E079A37943EA8A
:104EE0000023207A43EA004301FB03F39A4298BF70
:104EF0001346002263E7FDF733F94946034650465F
:104F00009A46FEF7EDF900970146012350464246C6
:104F1000FEF710FACCE740F29A210620FCF716FAC9
:104F2000342003005917B7D1438813F0100005D07F
:104F300013F0040F14BF00201F2070479A0702D4FB
:104F4000DB0701D5EE207047FDF70AB908B54388A5
:104F500013F0100004D083F00403C3F3800008BDF5
:104F60009A07FCD413F00100F9D1FDF7F9F80038E5
:104F700018BF012008BD00BF438800221D2B08BFB9
:104F80001146A0F848204174704700BF90F9140002
:104F9000704700BF408800F0010070474088C0F3B0
:104FA000400070474088C0F3C000704708B5438890
:104FB000C06CDA0605D49B0703D5BDE808400DF0A8
:104FC00048BB0DF046FB012008BD00BF4088C0F380
:104FD000001070474088A0F10900B0FA80F0400945
:104FE000704700BF40797047024B9A6AD8621368D5
:104FF000184700BF5411002090F8683001624B72CE
:10500000D0F86930C1F80A30B0F86D30CB81704704
:1050100038B5304C2379012B01D0002038BDB0F8D1
:105020004830A27C01330546A0F84830002A36D12A
:105030000023237195F8813063BB6B7C1BB1B5F8FD
:1050400048209A4204D20021284601F0C1FCE4E73E
:105050000121284601F0BCFC6B88DB0726D52B6AB2
:105060001C8802F0E5FF0028D7D16B7C297885F8F1
:10507000B8104322A5F8B94085F8B7200BB195F8D0
:105080004830154985F8BB30022205F1AE000FF01B
:105090001AF9C2E70121284601F09AFCBDE707F0A2
:1050A0002BFC06F091F90023A374C1E702F0C0FFC6
:1050B0000028B2D16B7C287885F8B8004FF0FF3219
:1050C000432185F8B92085F8BA2085F8B710002B60
:1050D000D7D0D4E754110020A53A000038B52E4DA2
:1050E000B0F84830AA7C01330446A0F84830B2B981
:1050F00000232B7194F881305BB9637C1BB1B4F849
:1051000048209A4212D220460021BDE8384001F0E2
:105110005FBC20460121BDE8384001F059BC07F0D2
:10512000EBFB06F051F90023AB74E1E701212046C7
:1051300001F04EFC6388DB070FD5236A1D8802F05F
:1051400077FF68B9637C217884F8B8104322A4F80B
:10515000B95084F8B720A3B111E002F069FF00B1A3
:1051600038BD637C207884F8B8004FF0FF324321CB
:1051700084F8B92084F8BA2084F8B7100BB194F8F9
:10518000483084F8BB3004F1AE000449BDE8384033
:1051900002220FF098B800BF54110020A53A000079
:1051A00038B543881A07044632D4DB071AD5236A78
:1051B0001D8802F03DFF88B9637C217884F8B8101F
:1051C0003C22A4F8B95084F8B720F3B91B4984F8FD
:1051D000BB30022204F1AE000FF075F8012384F811
:1051E000813038BD02F024FF0028F7D1637C20789D
:1051F00084F8B8004FF0FF323C2184F8B92084F8DD
:10520000BA2084F8B710002BE0D094F84830DDE7DE
:10521000036A0B493C2280F88D201888A4F88E0080
:105220004FF6FF73FF2284F8AB20A4F8AC300222C3
:1052300004F184000FF047F86388B6E7A53A000050
:10524000C138000080F88010704700BFFF2380F84D
:105250008330704780F8241080F82520704700BF05
:10526000ED4700009143000039440000E94300008D
:1052700001440000A1440000F14300006C52000012
:105280006452000060520000002240F20113C0F896
:1052900002200380704700BF8170704708B590F806
:1052A00002C00170CCF380034270CCF34000034491
:1052B0000CF0010C634413FB01F101FB02F2FE2A26
:1052C00000DC08BD5C212E20FCF740F80023437170
:1052D000A0F80330704700BF08B58378DA070DD512
:1052E000C17811F0010C09D1427990F801E0013246
:1052F000D2B29645427142D0252008BD990703D508
:10530000C27812F0020C23D05A0713D442794178A4
:105310000132D2B29142427108D1C1780022994241
:10532000427103D10379C2700133037139212E20F8
:10533000FCF70CF8C27812F0040CE7D1417990F830
:1053400001E00131C9B28E45417126D0272008BD48
:10535000417990F801E00131C9B28E45417101D027
:10536000262008BD42F00202934280F805C0C270B8
:10537000F6D1037980F803C001330371F0E741F0FF
:1053800001018B4280F805C0C170B5D1037980F866
:1053900003C001330371252008BD42F0040293428B
:1053A00080F805C0C270D1D1037980F803C0013301
:1053B0000371CBE710B590F802E004790178C27868
:1053C00090F801C0CEF38003091B4479CEF340006E
:1053D00003440EF0010011FB0CF1184410FB01F026
:1053E000C2F38003C2F340010B4402F00102001B30
:1053F000134403FB1C00C0B210BD00BF8378427889
:105400000178C3F3400CC3F38000604403F0010350
:10541000184412FB01F310FB03F0C0B2704700BF49
:1054200040F2EF20704700BF0138022808B519D8B4
:10543000132907D811290CD810290FD10B4B33F899
:10544000100008BD152909D1084B03EB4000008965
:1054500008BD064B03EB4000008A08BDD8212F2071
:10546000FBF774FFCA212F20FBF770FF4C200300CD
:1054700040F25A3303FB00F0704700BF08B5431EEB
:10548000DBB2012B06D91D293AD140F25A3303FB76
:1054900000F008BD10390D292DD801A252F821F0D5
:1054A000E3540000F7540000D9540000D954000020
:1054B000F7540000ED540000F7540000F7540000CA
:1054C000F7540000F7540000F7540000F7540000B0
:1054D000F75400008B5400000B4A02EB4303188C76
:1054E00008BD094A02EB4303188B08BD064A02EBCC
:1054F0004303988B08BD4FF481712F20FBF726FFE3
:10550000EE212F20FBF722FF4C20030008B540F2CC
:105510004F310620FBF71AFF70B582B00446FFF743
:1055200055FD18B96124204602B070BD2046FFF732
:1055300031FDD0B164265A240DF1060007F04AFF70
:105540000DF107009DF9065007F04AFF9DF807305E
:105550001D436DB2002D18BF34460BF003FF60B140
:105560001834A4B2204602B070BD2046FFF716FDE5
:105570000028DFD15A265024DEE70BF04FFE00282A
:10558000D1D00F34A4B2CEE72DE9F04182B000288B
:1055900000F03F810446082900F22681DFE811F07F
:1055A000DB00E90009000900D6002401D000020157
:1055B0002001FFF70BFD002800F0FE802046FFF7DA
:1055C000E9FC002800F01C8164275A250DF1060033
:1055D00007F000FF0DF107009DF9066007F000FFDE
:1055E0009DF807301E4376B2002E18BF3D460BF0E3
:1055F000B9FE002800F0FC801835ADB2B4F82A31AD
:10560000A4F8385100210122082B84F8301184F8C5
:105610003B2100F2DE801344D4F80C219BB2A4F8A5
:105620002A3112B1092B00F0D980022384F83A31D3
:105630000FF09DFDD4F84021D4F84431171A63EBE4
:10564000010805460E4608F005F9B4F83831D233A2
:1056500003449BB29F4278F1000204DA5B1946F1E1
:105660000006C4E9503604F59875002128460EF06E
:10567000B6F994F8503103F0FF01002B40F0A180FF
:10568000D4E952026FF000439A4208BFB0F1FF3FE5
:1056900013D02046D4E95067FFF73CFAD4F84831DC
:1056A000D4F84C219B1B00F1F70062EB07021B1A98
:1056B00062F10002002AC0F2818094F808012946B4
:1056C0000AF02EF9002800F0B280D4F84011D4F886
:1056D0002001D4F84431D4F82421884272EB03032A
:1056E00044D22046FFF77AFA50EA0103074688467B
:1056F0003CD0D4E95001D4F82031C01AD4F8243178
:105700003A4661EB030143460BF0D2FB07FB01F580
:10571000D4E94831A7FB002600FB08559A18354408
:1057200045EB0105C4E9482520E0E81A6F284FF051
:10573000030138BF6F200AF07BFEC4F8345138B340
:10574000204602B0BDE8F041FFF7C8BC02B0BDE89A
:10575000F04107F06BB9FFF747FC00285DD1D4F8A2
:105760003401E7380AF0BAFD00285BD002B0BDE88A
:10577000F081FFF717FC58B901462046FFF7CAF938
:10578000D4F8343100F1F7059D42CED8C4F8345135
:105790002046FFF73DFC0028E8D040F2A22130204F
:1057A000FBF7D4FD90F8080109F05EFF002384F8B0
:1057B000283102B0BDE8F08161251FE72046FFF7E0
:1057C000EFFC94F8080109F04FFF002384F828311A
:1057D0007BE7D4F80C31002B3FF427AF012325E7FA
:1057E000EA213020FBF7B2FDEE213020FBF7AEFDC1
:1057F0000BF014FD00283FF401AF0F35ADB2FDE60C
:105800002046FFF7CBFB00287FF4DEAE5A27502559
:10581000DCE6CA213020FBF799FD40F277213020E9
:10582000FBF794FD4FF41F713020FBF78FFD40F222
:10583000AC613020FBF78AFD2DE9F04F04468BB0B8
:105840000020029394F87130069017460E46059397
:105850000DF0C1FE94F8D9220B2A00F28183AA4BE5
:1058600033F8125094F8C6200392284487F00102BE
:1058700085B204922FB3B4F868A3B4F8BC90A6EB39
:105880000A0A0FFA8AFAA6EB0909BAF1000F0FFA11
:1058900089F904F55078C0F2C5819C4ADDF808B05A
:1058A000127802F0FF07002A40F0CD8194F82433EB
:1058B000032B00F25C83DFE813F02D01F900980060
:1058C000300094F82423032AD5D1039A0E2AD2D18A
:1058D000B4F8B423B242CED1B4F86A23B4F8F612C5
:1058E0000A44C4F82023D4F82C23C4F81823E2690E
:1058F000C4F81C23204605F0F3FBD4F8B823E26279
:10590000B4F8B6232286D4F8BC23E261D4F8C023CD
:105910006262022284F82423ADE7E569029A05FB5E
:105920000AF3002A40F0318294F83B23002A00F069
:10593000D482764A5068DF1BD4F82C330697ED1AD0
:10594000A5F5AB75D4F86033854228BF0546DF194D
:10595000D4F86433C4F8F05243F10003C4F854336C
:10596000002384F840336E23A4F84833C4F85073FE
:1059700004F138000EF03BFDD4E9D4232844C4E9F7
:10598000D823C4F84403A4F8686304F069FC20B188
:10599000D4F844331E33C4F84433B4F8E012039A05
:1059A0008E1B002336B29E4284F84A33C4BF0223C2
:1059B00084F84A330E2A029A00F05882002A40F0F6
:1059C000588294F82433002B40F0748294F86C03CE
:1059D000414609F0A5FF002800F0BD82049B84F831
:1059E000383300200BB0BDE8F08FE36AD4F81C0315
:1059F0002946184407F0FEFE2946C4F82803E0694A
:105A0000434D07F0F7FEE26994F8719041F64B536D
:105A10009A4298BF0230C4F82C03484607F04EFB68
:105A200000F55F4019F00C0F00F14100A5FB0030BC
:105A300014BF2821002101EB9011803120460EF087
:105A40006DFDB4F8F632002B00F06481D4F81C33FD
:105A5000E26AD4F8285313445B1B0693D4F8183336
:105A6000D4F8202394F8719002FB0355238E30352F
:105A700019F00C0F03EB450540F07581484607F01F
:105A80001DFB234B00F52340A130A3FB00304FEA60
:105A9000901A484607F00AFBAA441C4BE56950449B
:105AA0005860012384F82433069B44E7D4F82C0380
:105AB000E269D4F82833D4F82013B4F8F6B294F895
:105AC0007150121A0AFB02F20692D4F818233033EE
:105AD000D94402FB0133C943B4F830B0894400FB18
:105AE000093015F00C0F0BEB400B00F042814FF02A
:105AF0006509284607F0DAFACB44044B584458604D
:105B0000069BE56917E700BF70200300881100209D
:105B1000D34D621094F8711094F8EE02DFF818A4D7
:105B20000DF0B8FF8146E06A2946484407F062FE5E
:105B30002946C4F82803E06907F05CFEE26941F6F3
:105B40004B539A4298BF0230C4F82C0307A908A807
:105B500006F062FF079B0093D4E9D801DDE9082332
:105B60000AF0E6FE94F8713005930546184607F0F2
:105B7000A5FA059B00F55F4013F00C0F00F1410002
:105B800014BF28210021AAFB003001EB90118031C5
:105B900020460EF0C3FCD4F87033E26A94F871002A
:105BA0000693059207F08AFA4AF2A13B5844AAFBF1
:105BB0000031069B059AD4F82803203B13441B1A96
:105BC0004B445B1BA3EB9113069394F87130B4F82C
:105BD000309000F1300513F00C0F4FEA450509F144
:105BE000220940F0C3801846059307F067FA58442D
:105BF000AAFB003A059B4FEA9A1A184607F056FA94
:105C0000A944CB4BD4F87023CA4450445860069B37
:105C10009A1AB2F5D67F3FF674AF40F2ED413020CC
:105C2000FBF794FB002284F83B23C14AD4E9D60158
:105C30001278C4E9D801CA464FF0010B02F0FF0701
:105C4000002A3FF433AE07F07FFE002860D0B4F89E
:105C50000C23012A5CD994F82423022A58D094F802
:105C60003A23002A54D1E06941F64B57B84240F23A
:105C7000468194F8D9220B2A00F27281AD4B33F899
:105C8000125094F8243305F5C865012BADB240F0ED
:105C90003A8194F8C930032B40F05281D4F81C03A8
:105CA000E76A0744294607F0A5FD03463846D4F8BD
:105CB0001873C4F81833DB1BD4F82073294603FB90
:105CC00007F707F097FDD4F82833C4F82803C01A63
:105CD00007442946E06907F08DFDE36941F64B5220
:105CE0009342B4F8F632D4F820234B446FEA020210
:105CF000A3EB0A031344D4F82C2398BF0230C4F852
:105D00002C03801A00FB0377012384F83A33CDE596
:105D10000027CBE5029B002B3FF498AE94F871B0BE
:105D2000D4F81C23E36A584602EB030907F0C6F9CE
:105D3000D4F874338246A9F1200958469944D4F81E
:105D400028B307F0B3F90AF5234AA9EB0B090AF1C6
:105D5000A10AA9EB0009A5FB0A35A9EB9515069543
:105D6000D4F828537AE64FF0650A92E64FF0650AB8
:105D700043E7284607F0A2F96F4B00F52340A13016
:105D8000A3FB00304FEA9019B3E6B4F8F622002ADC
:105D90007FF4CAAD84F83B23D4F82C1301FB1A3AE4
:105DA00094F8C530CDF818A0262B52D094F8C63000
:105DB000262B4ED0BBF1000F27D032BBD4F874B3E2
:105DC000BBF1000F00F0CE8094F8710010F00C0FC2
:105DD00040F0938007F072F9574DD4F874B300F592
:105DE0002340A130A5FB0035AD0994F871001035B2
:105DF00007F05CF9AAF1100A0AEB0B035D1B2D1AE0
:105E0000B4F8F622D4F82C130695059802EB090B8A
:105E100001FB0BFB0BF1300B10F00C0F4FEA4B0B9F
:105E200058D107F04BF9444B00F52340A130A3FBB8
:105E300000304FEA9019059807F038F93C4BE569B6
:105E400048445844586041F64B539D4248D9069BFC
:105E500071E5B4F8B433F31A1B04ABD4059894F885
:105E6000B733002B18BF18460590A3E7002A3FF46C
:105E7000ADADB4F80C23D2B1B4F80E0394F81013FE
:105E800000FB01118A4200F101007FF79FAD002B5A
:105E90003FF49CAD002384F84A33A4F80E0303F0CA
:105EA0002DF900F00700013084F810038EE5A4F806
:105EB0000E238BE5E169D4F82C334046C91A0DF066
:105EC0008EFD80B200283FF481AD149BCBB11880C9
:105ED000012087E54FF06509ADE7B4F8F6225BE7EE
:105EE000284606AB154A59460DF032FE104B84F891
:105EF0003B03E5695868069B1DE5752578E717465D
:105F0000D4E401206EE5294607F074FCE369BB4246
:105F1000B4F8F672D4F82C3398BF02304F44A7EB94
:105F20000A07C4F82C03C01A00FB07F7ECE600BF11
:105F30008811002070200300D34D62108C110020C6
:105F400094F8711094F8EE02E76A0DF0A3FD07448F
:105F5000D4F81C03A6E640F29D513020FBF7F6F979
:105F6000FFF7D4FA40F23F513020FBF7EFF940F24F
:105F700054513020FBF7EAF92DE9F04186B00028B2
:105F800000F071810446082900F25381DFE811F026
:105F90008800FF00090009007000510175007D00B4
:105FA0004D010FF0E4F8D4E9D623801A61EB030128
:105FB000012871F10003C0F264816FF00102002337
:105FC00082428B41C0F25881E3690BB1B0FBF3F31D
:105FD00094F8C6200E2A00F02181B4F8BC10B4F861
:105FE00036230B449BB2D11A090454BF531C01330E
:105FF0009BB2A4F8363394F83933B4F8361323B986
:10600000B4F8E4328B4200F02181B4F8FC20B4F8FB
:10601000BC30B4F8FA001344013BB4F86A231B1AED
:106020009EB2531C721A1204A4F86A3300F1CA809B
:106030000DF11605002300951A462046FFF7FCFBDC
:10604000002840F0A980A36F3BB3B4F8F620B4F861
:1060500036339B1A1BB2002B1FDDB4F87C100B44A7
:10606000013BB3FBF1F313FB0123A4F8F63014E07A
:1060700006B0BDE8F04106F0D9BC012007F084FB72
:1060800006B0BDE8F041FCF7B9BE90F82433042B0C
:1060900040F0FC80002380F8243306B0BDE8F08196
:1060A00090F838330022C0F87423002B00F0A5804C
:1060B000B0F83623B0F8BC309A4200F0CC80D31A46
:1060C000A0F8E632A0F8BC20D4E9D4232046C4E9E5
:1060D000D62304F0E3FE94F8EB32002BDDD094F8E5
:1060E0007120E769D4F82C33DFF8B08112F00C0F7F
:1060F00014BF4FF4EE724FF4DA729F4288BFFF1A5A
:1061000098F8083098BF0027002B00F0968004F123
:10611000380003920EF06BF994F871600546304632
:1061200006F0CCFFD4F8F032803300F55F411D4417
:10613000584B4131A3FB013116F00C0F14BF28233B
:10614000002305EB911502201D440AF023F97F1B63
:1061500027EAE777874228BF0746022138460AF038
:1061600067F9039A00B93D44294620460EF0BEF96E
:10617000E269D4F8F032C8F80C00D0180AF0AEF892
:1061800000288AD140F2A3313020FBF7DFF806B0B7
:10619000BDE8F0410EF0EDBD012868D1B4F836132A
:1061A000B4F8E0228B1A13F4004FBDF816301944EE
:1061B00089B2A6EB01032CD11BB2002BA4F8361335
:1061C000BFF638AF94F8C9303349002B0CBF3E23DB
:1061D000082384F8E73004F1DE000EF080F8204652
:1061E0000EF0C9FD002384F8243394F86C0309F001
:1061F0003BFA202384F86C334FE7B0F83433B0F81F
:10620000BC10B0F83423A0F8BC205B1AA0F8E6322A
:106210005AE71B0416D4A4F836130BE7B4F8361368
:10622000013189B2A4F83613EFE6BE213020FBF726
:106230008DF8C2213020FBF789F8A36B9F4228BF5D
:106240001F4664E7B31A1BB21146B6E7013189B2A3
:10625000A4F83613D9E6B0F8E432A0F8BC309B1AA3
:10626000A0F8E63230E794213020FBF76FF840F2D7
:106270005A613020FBF76AF840F21B613020FBF7CF
:1062800065F840F21A613020FBF760F8B821302041
:10629000FBF75CF8D34D62108D910000881100204F
:1062A0002DE9F04D0026054680F81061D0F80C016C
:1062B0004FF00108D5E950AB82B080F8EE220F46CE
:1062C00085F82861414685F8298102F019FBD5F847
:1062D0000C41C4E9D6AB95F8083184F86C33C4E9B5
:1062E000D8ABC4F8707384F82463A4F868633346A9
:1062F0000096324631462046FFF79EFAC8B984F828
:106300002483C4F82003C4F81803A4F83603A4F8BF
:106310003403B4F8BC3084F83903013BA4F8BC3032
:10632000A4F86A03F9F7ECFE02B0BDE8F04D08F0FE
:10633000D7BF40F21B213020FBF708F8D0F80C0142
:10634000704700BF2DE9F04385B000230222CDE95C
:10635000003301268DF806206846FBF701FE04464F
:1063600020BB009D95F82831002BF5D085F85061B1
:1063700001212846FEF766FF95F82831002BEBD067
:1063800095F8080109F03CFD95F808010AF084F938
:1063900095F8080109F068F900283BD085F82841F4
:1063A0006846FBF7DDFD04460028DAD0DFF8788088
:1063B000012688F8106000254FF6FF771AE0029B4F
:1063C000E3B193F86C23202A18D01888B8421BD068
:1063D0000121FBF78DFD814608B390F86C030AF0AC
:1063E0005BF999F86C0389F8244309F03DF92023FF
:1063F00089F86C33CDE902558DF80E6002A8FBF7E1
:10640000AFFD04460028DAD0002088F8100005B05F
:10641000BDE8F08340F207213020FAF797FF40F201
:106420001F113020FAF792FF88110020054B00223F
:10643000012142F210701A72588219701A74FFF713
:1064400081BF00BF8811002090F82831002B40F058
:10645000A4802DE9F04104460F46014656481546F2
:1064600003F0FF0809F0D6F8202806466ED0414612
:10647000502204F584700AF04DFE012384F808616F
:10648000C4F80C7184F8283137B102F04FFE00F0E7
:106490000700013087F810032046FFF73DF800277A
:1064A0004FF48173A4F83801A4F83A3184F83071BC
:1064B00007F0D0F9B4F83861D23606442046B6B2B7
:1064C000FEF770FD002844D00DF085F800F5CD6092
:1064D00081B2284607F08EF92844C4F834010EF042
:1064E00046FE301841F100010126C4F84001C4F80D
:1064F000441184F81061E7842046FEF76BFD002804
:1065000043D031462046FEF705FBA5F2F3452D1A90
:10651000C4F814514FF0FF326FF00043C4E9522326
:1065200094F8080104F5987109F0FAF900283ED0B2
:10653000D4E9502300252046C4E94823A4F82A5171
:106540002946FEF77FFE2846BDE8F0810C20BDE815
:10655000F08101462046FEF7DDFA184FF730C4F807
:106560003401788A08B1E08CC8B906440EF0FFFD0A
:10657000361841F10001C4E95061002DCAD0AE19AE
:1065800041F10001C4E95261CAE73046FEF770FFED
:10659000F73D2D1AC4F81451BCE70C20704702F0E7
:1065A000C5FD7B8AB0FBF3F202FB1300DDE740F28E
:1065B000E9113020FAF7CAFE895500008811002041
:1065C00090F828310BB90020704710B5012104461E
:1065D00080F85011FEF736FE94F828310BB90020F0
:1065E00010BD94F8080109F00BFC94F808010AF0BA
:1065F00053F894F8080109F037F820B1002384F823
:106600002831002010BD40F207213020FAF79EFE0D
:10661000014B1872704700BF8811002090F850217C
:1066200082B910B502F0FF0490F8102112B90122CE
:10663000104610BDD0E945319942F9D9FEF7B0FDB9
:106640002246F5E700221046704700BF10B5044609
:1066500005F068FA074BDA68824208D3E16941F62F
:106660004B52914203D9187C80F0010010BD0020EC
:1066700010BD00BF8811002008B54FF4FD710DF06A
:1066800060FFB0F5296F28BF4FF4296080B208BDC4
:1066900090F8EB32002B66D170B503F0FF0590F84F
:1066A0002433032B84B0044601D004B070BD0EF037
:1066B0005EFDD4E9D623801A61EB0301012871F154
:1066C0000003F2DB6FF00103834275EB01034DDB46
:1066D000E369B4F8BC20002B46D0B0FBF3F080B2E5
:1066E000531C184480B2A4F83403B4F83423B4F82B
:1066F000E4329B1A1BB2002BD7DD94F86C0309F02F
:106700007FFB0028D1D0B4F8BC50B4F8FC10B4F82A
:10671000FA20FF230D4484F83933013DAD1AB4F853
:106720003433ADB2EB1A1A04BFD40DF10E06B4F82F
:1067300034130096002389B201222046FFF77CF82B
:106740000028B2D0012816D1B4F83433BDF80E2099
:1067500012FA83F39BB2A4F83433B4F83433EB1A4F
:106760001B04E4D5A1E770471846B9E740F2D151C0
:106770003020FAF7EBFD40F20A613020FAF7E6FD2F
:106780002DE9F047044682B0052900F2D980DFE800
:1067900001F0501603131C36042384F82433F9F750
:1067A000AFFC08F09DFDB4F8BC20A4F8362300230C
:1067B000A4F86A3384F8393302B0BDE8F0870323C4
:1067C00080F8243302B0BDE8F08705F0A5F905464E
:1067D000C4F8745394F8710006F068FC8542C0F068
:1067E000A88094F87100D4F8744306F05FFC574B0E
:1067F000DA681444241ADC6002B0BDE8F08790F82F
:106800007150284606F05AFC514900F55F4015F0DA
:106810000C0F00F14100A1FB003014BF2821002122
:1068200001EB90118031204602B0BDE8F0470DF039
:1068300075BED0F874339BB9444B1B7C03F0FF0248
:10684000002BA9D1B4F8E412009201232046FEF7F0
:10685000F3FF0028A3D040F2E4613020FAF776FD80
:1068600090F83A33002BE7D090F82433032BE3D190
:1068700090F871900CF0AFFE94F8D9320B2B5DD8E4
:10688000344AD4F8745332F81330C61803F5C86389
:1068900048469FB206F00AFC19F00C0FA5EB000861
:1068A000B6B248463CD106F009FCDFF8A4A0D4F803
:1068B000F05200F2E730AAFB00234846A8EB9318F9
:1068C00006F0F4FB2D1A484606F0F8FB00F52340CD
:1068D000A130AAFB00239B09EB1A5A08603B29321E
:1068E00006FB03F3B3FBF7F36033A2EB530141451F
:1068F0004FEA530302D81344434501D207F010FA7C
:10690000E069314606F076FFE26941F64B539A4260
:1069100098BF02300023C4F82C0384F83A338BE785
:10692000D4F8F05206F0C2FBA8F13C082D1A6523FA
:10693000D2E74FF46A713020FAF708FDFEF7E6FD62
:106940004FF4EE613020FAF701FD00BF88110020FE
:10695000D34D621070200300012A70B5064609D09D
:10696000022A14460D461ED04AB140F29A713020D8
:10697000FAF7ECFC05F0D6F8C6F8700370BD05F028
:10698000D1F8224601462846FFF78AFC0F4995F8C0
:106990000801324606F0CCFE0028EFD140F28371A8
:1069A0003020FAF7D3FCD0F8701301222846FFF705
:1069B00077FC064995F80801324606F0B9FE002832
:1069C000DCD140F294713020FAF7C0FC795F00000E
:1069D000F8B5044651B1012963D1002380F8103184
:1069E000F9F78EFBBDE8F84008F07ABCC58C002DA5
:1069F0004FD12046D4E94876FEF7F0F8401941F12E
:106A00000001C01946EB01064FF481730022C4E96E
:106A10005006A4F83A3184F830212046FEF77CFD78
:106A2000D4E9505694F85031A4F83801C4E94856D6
:106A300003F0FF017BB9D4E952026FF000439A42A0
:106A400008BFB0F1FF3F0FD194F8080104F5987129
:106A500008F066FF50B30023A4F82A31F9F750FB81
:106A6000BDE8F84008F03CBC2046FEF753F8D4F8E7
:106A70004831D4F84C215B1B00F1F70062EB0602B1
:106A80001B1A62F10002002ADEDA2046FEF788FBBC
:106A9000E1E702F033FBE58CB0FBF5F303FB1505F2
:106AA000A7E740F2AA713020FAF750FC40F20471D7
:106AB0003020FAF74BFC00BF90F82801704700BF68
:106AC000014B5882704700BF8811002008B5032889
:106AD00007D8DFE800F004020402002008BD01200E
:106AE00008BD40F225217720FAF730FC034B93F8DC
:106AF0003E00003818BF0120704700BFA0110020E1
:106B00000D4A92F85430032B0ED0013B012B01D9D2
:106B10000020704792F8550000F0FD00A0F1010040
:106B2000B0FA80F04009704792F85600A0F10100D9
:106B3000B0FA80F040097047A0110020014B93F893
:106B400054007047A011002070B582B00AF00AFC12
:106B5000A8B196258C260DF1060006F03BFC0DF140
:106B600007009DF9064006F03BFC9DF80700204316
:106B700040B200280CBF3046284602B070BD0AF073
:106B80004DFB00280BBF7E258D2574268326E2E76A
:106B900070B582B00AF0E6FBB0B14FF48075F6260E
:106BA0000DF1060006F016FC0DF107009DF90640F8
:106BB00006F016FC9DF80700204340B200280CBFE9
:106BC0003046284602B070BD0AF028FB00280BBFF3
:106BD000E825F725DE26ED26E2E700BF014B187811
:106BE000704700BFB01200202DE9F0470C46064662
:106BF00015461F46FFF7A8FF94F8C5908046002F62
:106C000040F08A8094F80033032B00F2F080DFE834
:106C100003F042027502D4F81CA0554600F0C4F9F6
:106C200000285FD000200346D4F8D822AD18D4F84D
:106C3000DC2242F100022D1843EB0203C4E9B653F3
:106C4000C6E904530025A6F80880357094F8C530CD
:106C500003F0FD020C2A58D0262B56D020460EF009
:106C6000CFF8002800F0B78094F80033012BDAB297
:106C700016BF0223B272B3720123F37204F138001B
:106C80000DF0B5FB706027B1A9F10E09B9F1010F44
:106C900047D8BDE8F087002D00F09F8094F8702061
:106CA000554B94F871A033F81250012384F8003347
:106CB000504606F003FA05F29D7550491AF00C0F84
:106CC0000544A1FB053514BF2821002101EB9511D6
:106CD0008231204600250DF021FCAA4600F064F91F
:106CE00000289FD1B4F9FC0202210DF034FCB4F865
:106CF000FC321B1AA4F8FC32C31795E7D4F808A39A
:106D0000032384F80033554688E720460EF078F8D0
:106D100001250023B372AFE70121204604F076FA83
:106D200070E7514630460CF05AFE87B220460EF00E
:106D300067F88046B5B9874214D3B572D4F8D83213
:106D40000AFB00F29B18D4F8DC22336142F1000206
:106D50007261BAF1000F45D0514630460CF03FFE4B
:106D6000404487B23946204604F050FA00F01CF93E
:106D7000C8B1D6E90430A26FC4E9B630002A88D081
:106D8000B4F8F620B4F8BC309B1A1BB2002B80DD9F
:106D9000B4F87C100B44013BB3FBF1F313FB01236C
:106DA000A4F8F63075E77900B1F5803FB4BF89B239
:106DB0004FF6FF71B4F9FC020DF0CDFBB4F8FC22E4
:106DC0003369121AA4F8FC227269C31842EBE0700E
:106DD00033617061CFE705469BE740F20A21352019
:106DE000FAF7B4FA4FF421713520FAF7AFFA40F20E
:106DF00042213520FAF7AAFA08210300D34D621088
:106E0000014B5870704700BF2C13002010B504468A
:106E1000FFF7BEFE00F1CC0120460DF092FBB0F56D
:106E2000296F28BF4FF4296080B210BD70B50446A9
:106E300086B004297AD8DFE801F05D0D03123F0027
:106E4000042384F80033F9F75BF906B0BDE870401D
:106E500008F046BA032380F8003306B070BD90F8FE
:106E60007010354AC36932F81150C0F80833D0F8B1
:106E70002423B0F82033C2620386D0E9CA2390F8F5
:106E800071604362C261304606F018F905F29D75E3
:106E90002A4916F00C0F0544A1FB053514BF282123
:106EA000002101EB9511823120460DF037FB0223C2
:106EB00084F8003306B070BD90F8716090F87020CF
:106EC0001D4B304633F8125006F0F8F805F29D7568
:106ED0001A4916F00C0F0544A1FB053514BF2821F3
:106EE000002101EB95118231204606B0BDE87040CB
:106EF0000DF014BB124B1A7802F0FF03002A9FD149
:106F0000014601226846FFF76FFE94F801036946C7
:106F100008F006FD28B1B4F8BC300133A4F8BC3049
:106F200091E740F2B2213520FAF710FA40F206312B
:106F30003520FAF70BFA00BF08210300D34D621089
:106F40002C130020C3690BB1012070478369002B0B
:106F5000FAD1034B1B68181AB0FA80F04009704749
:106F600034130020C3699BB130B4D0E90214DA684D
:106F700085699D61214411448269D96032B1D36130
:106F80000022002330BCC0E906237047DA60F7E72F
:106F9000826904490A6002B1D36100220023C0E97A
:106FA0000623704734130020014B1879704700BF47
:106FB0003413002008B523211A20FAF7C7F900BFBF
:106FC00038B505460C4691F8033213B191F80D32ED
:106FD0008BB9002D50D02B7873B194F8F8318BB366
:106FE00004F1B0000EF047F800230022C4E96A2340
:106FF0000023C4F8B03138BD94F8FA316BB9B4F855
:10700000B4010121FAF774FF38B104F21D2100F533
:10701000AE700BF008FA00283ED0B4F8B801082191
:10702000FAF77CFF002844D16B6F002BE3D1B4F852
:10703000B6010721FAF772FF0028DCD060211A2080
:10704000FAF784F994F8FA3103F0FF017BB9B4F848
:10705000B401FAF74DFF50B104F21D2100F5AE70F6
:107060000BF0E1F918B92B211A20FAF76FF94FF656
:10707000FF73A4F8B431B3E794F8FA3173B9B4F8F4
:10708000B4010121FAF734FF40B104F21D2100F5EB
:10709000AE700BF0C8F908B9FFF78CFFB4F8B8016F
:1070A0000821FAF73BFF0028A5D04E211A20FAF755
:1070B0004DF953211A20FAF749F900BF10B501F133
:1070C000B0000C460DF0F0FF2046BDE810400DF07A
:1070D00092BF00BF90F8FA3123B9B0F8B401012192
:1070E000FAF706BF0020704738B550B390F8C630A5
:1070F0002A2B04461FD14AB92B2380F8C63094F9B5
:107100000831002BA8BF002017DB38BD1F230D4618
:1071100080F8522180F85331302380F8C63000299E
:10712000EDD0B1F8B6010721FAF7E2FE68B12946C1
:10713000FFF746FFE3E70C2038BDD9211A20FAF704
:1071400005F9B2211A20FAF701F9D4211A20FAF729
:10715000FDF800BF10B501F120000C460DF0E2FE75
:10716000B8B92378012B636F01D0B3B910BD002BE0
:10717000FCD01A6833F8610C62670821FAF7CEFE7A
:1071800018B9636F002BF4D110BD4B211120FAF711
:10719000DDF840211120FAF7D9F853211120FAF730
:1071A000D5F800BFFFF7A0BF38B591F83030032BFA
:1071B0000C463AD004F1C0000DF0B4FE002843D1D3
:1071C000D4F8905085B394F830202B68C4F89030F0
:1071D000032A0BD0022A18D033B31A68C4F89020BF
:1071E0001D46134694F83020032AF3D1A5F5847583
:1071F00028460DF059FFB5F802010A21FAF78EFE74
:1072000070B1F4214920FAF7A1F8A5F58475284654
:107210000DF0F1FEB5F802010B21FAF77FFE78B907
:10722000D4F89030002BD8D138BD91F89E000021C1
:107230000DF02AFE0028BDD04FF6FF73C385B9E7D5
:10724000F9214920FAF782F8E9214920FAF77EF876
:10725000704700BFF0B583B00D46012340F6881299
:1072600001A904467F2006F0C1F840F688120746BF
:10727000012301A96FF07F0006F0B8F82E1AB6FAC4
:1072800086F6BD424FEA561608BF46F0020600F0E9
:10729000F1FEC705C0F3002203D5030520D50F2357
:1072A00004E0C0F3C023134318D10123990744BF5E
:1072B00084F8935084F892605A0744BF84F895503C
:1072C00084F89460DB0884F8915084F8906003D0CF
:1072D00084F8975084F8966003B0F0BD0D23E5E77D
:1072E0000323E3E710B5446804F5B0710023C4F844
:1072F0009830C4F89C30C4F8A030C4F89030C4F87A
:107300009430C4F8A3307F22A1F8443081F846308D
:10731000A1F8473081F8493094F9741084F8992025
:1073200084F89B2084F89D2084F89F202046FFF756
:1073300091FF4FF0FF33C4F8A03010BD013808B5FD
:1073400007280DD8DFE800F0060A0C080C0C0C0426
:10735000022008BD002008BD032008BD012008BD93
:107360004FF42A717820F9F7F1FF00BFF8B50C4609
:10737000054616461F4600F07DFE611EC9B2032970
:1073800031D8C405C0F300232FD4C0F3C020034379
:107390000CBF01220D22012303FA01F11142CCB2EC
:1073A00021D06B6893F81E21C2F34000920729D5C3
:1073B000D3F81A21D505C2F300211DD4C2F3C0228F
:1073C0000A4318BF0D2004421CD003F5B07393F894
:1073D000492002F0FF00BAB983F8497083F84740AA
:1073E00083F84860F8BD1120F8BD030508D50124D5
:1073F00004FA01F1CCB2D4E71205E6D40320E2E7A7
:107400000322C8E71A20F8BD3A20F8BDF0B5070CF2
:10741000A7F5AA42144B543A012A03EA90231FD934
:1074200027F4004042F6AA22801A18BF0120002249
:10743000162116461F2487EA060562EA050501356E
:1074400010D0DD03ADB245EA5606E503ADB2013911
:1074500045EA52024FEA53034FEA5404EBD1F0BD20
:107460000020E4E70020FAE7E0FF3F00304BF0B5F2
:10747000B0F86470B0F862605D880C4611461A88F6
:10748000974228BF1746964228BF16461B2E85B046
:107490002ED0B5F5A47F2DD040F648039D4201AA19
:1074A00028BF1D460BF03FF9BDF80A309F4228BFA8
:1074B0001F46BDF80C30E780AB4228BF2B46238126
:1074C000BDF806309E4228BF1E46BDF808306680D3
:1074D0009D4228BF1D46A580FF232370E3881B3BE8
:1074E0009BB2E02B08D94FF4B5613920F9F72EFF94
:1074F0001B2FCED105B0F0BD63881B3B9BB2E02BA8
:1075000002D940F2AA51F0E72389A3F5A4739BB2F4
:1075100040F64812934202D940F2AC51E5E7A38805
:10752000A3F5A4739BB29342E4D940F2AE51DCE7D9
:1075300020140020F8B51D468B1F9BB240F67A47F9
:10754000BB42BDF818601BD8941FA4B2BC428CBFCC
:10755000002401242346A8B91C48007968B15CB90D
:107560006FF450600B18062B06D86FF45063D418D4
:10757000062C8CBF00240124234633B90020F8BD1B
:107580000024E7E790F87500E8E79142F6D8B5F5F2
:10759000FA7FF3D2A6F10A039BB240F676418B4202
:1075A000ECD810460CF0ABFA013542F21073ADB2D4
:1075B0005E436843B6EB400FE0D9BDF81C00BDF850
:1075C000203098428CBF00200120D8E720140020F2
:1075D00010B502210020FAF78BFC044670B9022195
:1075E000FAF746FC044620B940F21D313920F9F77C
:1075F000ADFE034B93F91C10FDF722FA204610BD97
:1076000020140020F7B5114B9C7EDD7E9F8B064633
:1076100014B900F035FD0446A5B900F031FD05466A
:1076200014B9092003B0F0BD0028FAD0304601A9F2
:107630008DF804408DF80550ADF806700CF026FA70
:107640000020EFE7002CF1D1EBE700BF6C18002021
:1076500008B50CF0FEF801F055F800F01FFD0CF035
:1076600030FE01F035FA02F019F901F059FA012063
:1076700000F0D8FC09490A4A0A601B228A80094A9C
:107680000023F92010834B8307489380CB835377E3
:107690009376106093750B840B7608BD6C180020F0
:1076A00003021B00201400201B004801044B41F67C
:1076B0004C521B21C3E9022219745A61FFF7C8BF5B
:1076C0006C1800207FB5324DAB68044640F8383F57
:1076D000FEF7D2FF064600F0CDFC10F0200F08BFE9
:1076E0001B222B7C1DBFAA886988A4F86210A4F80D
:1076F000622084F84030A4F86420A4F8426000F0CE
:10770000B9FC8B0706D5012302A88DF80830039435
:10771000FFF7E8FD1F4B1A79002A14BF012200224F
:1077200003F1080384F875200FCB04F1800686E886
:107730000F0041F64C5318BF4FF47A73E3612046B3
:10774000FFF760FF064648B120880121FAF7E6FB03
:10775000D0B140F272513920F9F7F8FD6B780193FE
:107760002B7800936A88AB8804F1180104F11400A7
:10777000FAF72EFC636913B940F27F51EBE7A36976
:107780001BB94FF4B061E6E70926304604B070BD7E
:107790006C180020201400202DE9F34105460E4608
:1077A000FDF7B2F9002800F0AE802846FDF7FAFB9D
:1077B00030B1B6F80130013B7F2B01D9122404E02F
:1077C0002846FDF7F3FB20B90C24204602B0BDE8A3
:1077D000F0812846FFF770F90028F5D12846FDF71B
:1077E000E3F880460028EFD12846FDF701FA00288B
:1077F000E4D0B6F80170F17842F2107328465F4386
:10780000FDF7BAFB03213078FAF772FB0521044635
:107810003078FAF76DFB002C77D038B141F27A71ED
:107820003920F9F793FD90F8BD800446404E336847
:10783000002B6CD0403420460DF046FB002866D06B
:1078400020460DF035FB002861D1B8F1000F08D0BB
:10785000384B20461B689847002858D041F28E715B
:10786000DEE7354933684969424620469847002893
:107870004DD041F29371D3E72846FDF793FB40B911
:1078800001210DF10600FAF7BBFA064658B90D249E
:107890009BE72846FDF79AFB0028F1D1274B1B797F
:1078A000002BEDD18AE7002101F02AF8BDF806305F
:1078B000338028463146FDF79FFB2846FDF786FBBF
:1078C000A0B92846FDF78EFB01463046FFF7FAFEC9
:1078D000044600287FF479AF3A4631462846FEF741
:1078E000B3FD044620B141F2BF7199E70121ECE7F5
:1078F000124B5B6A002B3FF468AF024606F5B1718C
:107900003046984761E742245FE700288BD128463C
:10791000FDF740FB01460028AED13A462846FEF767
:1079200093FD044600283FF450AF41F29C7177E785
:1079300074000020700000206C180020201400202B
:10794000034B5A8802801B7883700020704700BF69
:107950006C1800207FB583781A2B064609D8042BB3
:1079600005D9012202FA03F3314A134205D1122547
:107970001AE0292B01D03B2BF9D13088B0F5706F7C
:10798000F5D269460BF0B4FF88B9019B93F86021EA
:1079900002F0FF05C2B9B27883F86121FF2283F8B3
:1079A000602168460CF066FC284604B070BD308843
:1079B0000821FAF79DFA0446002837D0B0F8B40140
:1079C00002A90BF095FF08B10C25EDE7B4F8B6015C
:1079D0000721FAF78DFA20B94FF40C613920F9F735
:1079E000B5FC03781BB994F8D031032BECD1039B81
:1079F00093F8AA21002AE7D194F8F82102F0FF05B4
:107A0000002AE1D1B4F8B821A3F8AC2194F8BC2144
:107A100083F8AE21027D83F8AF21B27883F8B021DC
:107A200084F8F821FF2283F8AA21BDE70225BBE7ED
:107A3000200038040188A1F11B039BB2E02B0CD875
:107A40004288A2F5A4739BB244F24810834204D842
:107A5000034B002019805A8070471220704700BFE6
:107A600020140020034B1A885B880280438000208A
:107A7000704700BF2014002038B50478427885781C
:107A800004F0010352EA030104F0020401D11120C1
:107A900038BDBCB9002DFAD0002B08BF144601E058
:107AA0000024254620460AF00DFF0028EFD0284686
:107AB0000AF008FF0028EAD0054B00209C76DD760E
:107AC0009883E5E7002BEBD114461D46EAE700BF9B
:107AD0006C18002013B5008869460BF009FF18B137
:107AE0000224204602B010BD9DF8003001984BB929
:107AF0000AF00BFE0028F3D0019B93F8722162B1CB
:107B00003A24EEE790F82433DBB290F8E620002A1E
:107B1000E6D113F0FB0FEFD1E2E768460AF0F2FD81
:107B200090F86C2002F0FF04002AE9D190F863205D
:107B3000920706D1012283F8722168460CF09AFB65
:107B4000CFE70349022264300CF0CFFBC9E700BF46
:107B5000514A01002DE9FF410778EF2F04460D46F9
:107B600001D912259CE0B0F80130ADF80C309DF839
:107B70000C30D8066CD4990603F0030265D5002AB0
:107B8000EFD11A0703D503F06703012BE9D163781E
:107B90001E0711D42179E278E07942EA0122617965
:107BA00042EA0142A17941EA0021207A41EA0041FA
:107BB0008A42D6D81F2AD4D9627A013A062AD0D866
:107BC000A27A032ACDD813F0040102D1023A012A85
:107BD00003D8E27A012AC4D811B9A27C032AC0D8FA
:107BE00013F01001227D43D0012ABAD1237E012B4C
:107BF000B7D800294CD06378D80703D500F0DAF95C
:107C000000284CD06378227D03F01801082959D14F
:107C1000022A44D11B0709D4E279A37943EA02235B
:107C2000227A43EA0243B3F5804F38D81FFA87F827
:107C300002214046FAF75CF90646002848D0FEF7D4
:107C40003BFF002850D00C252AE0032A99D188E771
:107C500013F0600F85D103F00F0203F00703052B2B
:107C600095D0931E012B92D9002A7FF47AAF8EE72C
:107C7000022A04D103F06F03092B7FF472AFA37DB6
:107C8000013B022B3FF66DAFE37D0F2BAED968E7CA
:107C900000F0F6F981070AD4237D022B04D11125C7
:107CA000284604B0BDE8F081A37D022BF7D000F098
:107CB000E7F942079FD4237D032BF0D0A37D032B4C
:107CC00099D1ECE7022AA5D0A27E002AA2D0E6E74D
:107CD00002214046FAF7CCF80646002840D0214B56
:107CE00093F91C10FCF7ACFE002138460DF0CCF8DF
:107CF00018BB3046FDF74AF921462870E07430463B
:107D0000FDF704F8637E0546002BC9D00028C7D1D3
:107D1000F16C02466846FAF73BFAF06C2A460121FC
:107D20000AF014FCF16C68460422FAF731FAF06CA0
:107D30002A4629460AF00AFCB2E740300DF0C4F8A2
:107D40000028D6D0637813F0330F7FF40AAF3046A3
:107D5000A77DFDF747F90AF071FD8742C9D072E7A8
:107D600007259DE72014002030B50279042A8BB046
:107D7000034658D84488B4F5804F54D82B48104453
:107D80000021027AC578ADF8041042F0100242EAF0
:107D90004502457B807C8DF80C1042EA850242EA60
:107DA000C00202F01F028DF80420BDF80420ADF8D7
:107DB0000D201A888DF80F208DF81240120A240A1F
:107DC0008DF811108DF814108DF810208DF81340D7
:107DD0005A7B8DF815205A798DF816209A79D3F8A8
:107DE00007008DF81720B3F80B209B7B8DF81E3011
:107DF0007F238DF81F30012306908DF82110ADF8F8
:107E00001C208DF820308DF8223003A88DF8231027
:107E10008DF824108DF825108DF8261001A9FFF794
:107E200099FE0BB030BD1220FBE700BFFE2103001E
:107E300037B5037805468BB10DF1060005F0CAFA97
:107E40000DF107009DF9064005F0CAFA9DF80730CC
:107E50001C4364B214B10C2003B030BD024B2A782D
:107E60001A710020F8E700BF2014002002780346B2
:107E700072B1427862B142881A2A09D982881A2AD4
:107E800006D9044A006810609B88938000207047E0
:107E9000122070476C180020024B02689A60002084
:107EA000704700BF6C1800200378A3F10A02112A62
:107EB0009DBF024A00201374122070476C180020E6
:107EC000014B18760020704720140020014B587693
:107ED000002070472014002008B5052000F0AEF8FF
:107EE00003F02CF9014B024A5A6208BD201400200D
:107EF0006D74000008B5FCF7E5FDFEF797FABDE8E4
:107F000008400148FCF77CBD4814002008B50BF080
:107F10009EFC064800F58471FAF71CFD01200AF06A
:107F20005BFABDE8084000200AF056BA4814002069
:107F300008B5074B012283F80A22FCF7CBFD02F0BB
:107F400011F9FFF7E3FFBDE8084000F027BF00BFCD
:107F50004814002010B5064C064904F503700BF0D8
:107F6000F7FA04F504700449BDE810400BF0F0BACC
:107F700048140020780000208000002010B5094C33
:107F8000094904F503700BF0E3FA04F5047007499E
:107F90000BF0DEFA04F505700549BDE810400BF062
:107FA000D7BA00BF4814002090000020980000209D
:107FB00088000020014B93F80A0270474814002003
:107FC00038B5094C0D4600F0E1FED4F80C02C4F8B7
:107FD00004510BF0B5FAFFF769FB01F0BFF801237C
:107FE00084F8183238BD00BF48140020014B93F8C4
:107FF000180270474814002010B5094CD4F810023C
:108000000BF09EFAD4F814020BF09AFAFFF720FB5B
:10801000202000F021F8002384F8183210BD00BFA2
:1080200048140020014B83F81902704748140020BF
:10803000014B93F81902704748140020C208054903
:10804000012300F0070003FA00F08B5C184388540A
:10805000704700BF20000020C208054900F007005B
:1080600001238340885C20EA03008854704700BFE6
:1080700020000020014BD3E90001704720000020C0
:10808000054B1868C0F3C022C0F30020400040EA4E
:10809000820040F0010070472000002008B505F084
:1080A000D3FB084A002332F82310814205D302EBA8
:1080B00083039B78044A137008BD01330C2BF2D163
:1080C0000023F7E72E22030062160020024B1878E7
:1080D00000F00700704700BF6216002010B544682A
:1080E0002388A4F80B3284F80A1294F870000AF07E
:1080F000B6FB84F80D0294F871000AF0B0FB064953
:1081000084F80E02022204F201200CF0EEF80023A3
:1081100084F86C3110BD00BFDB35010040680849B0
:108120000388A0F8FD3190F8683080F8FF3190F8AE
:10813000693080F8003200F5FA700CF0D0B800BF5A
:10814000F13501002DE9F743456895F8C63095F8FB
:10815000C580242B04460F462DD1C63538460CF079
:1081600068F800284ED038460CF05DF88146384655
:108170000CF05BF801460BF08FFA6668034648B3D3
:1081800096F87020904225D096F86C0101280CBF1B
:1081900096F86E0196F86C00014233D0B8F1220FC8
:1081A00018D096F86900014214D152B94FF4B67153
:1081B0000620F9F7CBF8B8F1220F40F0C480C5359E
:1081C000CCE7042A01D0042B32D1934294BF002380
:1081D0000123BBB948460BF05FFA00284BD096F854
:1081E0007130834247D096F86C31012B0CBF96F862
:1081F0006F3196F86D3019EA030F14BF0123002385
:10820000002B38D1636893F86C21012A19D11E2103
:108210002046FFF763FFB8F1220F20D1FA78636898
:10822000182A83F8512110D040F26D217E20C0E73A
:10823000082ACAD0082BC8D093422CBF00230123A0
:10824000C7E7002283F86C21E5E70A2283F8C520FE
:1082500093F80431002B3CD140F27521E6E700236E
:1082600020462B700CF0A5F93946204603B0BDE836
:10827000F0430CF0C2B9304601AA39460BF019FAA6
:10828000666880BB96F86C31012B29D1B6F8BC30FA
:1082900096F87010B6F8700106F56D720BF070FA72
:1082A0000646C0B901462046FFF718FF2E706368E6
:1082B00003F1C602954202D1002283F8C62063680A
:1082C00003F1C60295424FF0000539D120460CF06B
:1082D00070F9002038E06368282283F8C520E6E7BB
:1082E00086F86C01E3E738460BF0A1FFA6F8B4036B
:1082F0006068B0F8B433B0F8BC20013B9B1A9BB265
:1083000047F6FD72934207D9282380F8E7301049D9
:10831000DE300BF0E4FFD2E790F8C6300E2B02D02F
:108320000B3B012B01D82A23EFE79DF8043080F89E
:10833000B6339DF8053080F8B73326232B70BEE79F
:1083400083F80451C5E7022003B0BDE8F08300BF05
:108350008D910000044B002283F832204FF6FF720B
:108360009A86DA861A87704764160020054B9A8E23
:10837000824201BF002283F832204FF6FF729A86B4
:10838000704700BF64160020014BD886704700BFBD
:1083900064160020084B998E4FF6FF72914206D169
:1083A00093F83220012A04D0036001207047002393
:1083B00003600020704700BF64160020064B93F84E
:1083C0003220012A1FBF0120DA8E83F832009A86FC
:1083D00008BF0020704700BF64160020014B1887BB
:1083E000704700BF64160020064A918E138F994291
:1083F00005D192F8323013B102600120704700209D
:10840000704700BF64160020094B998E1A8F914265
:1084100001D0002070474FF6FF729A8693F8322001
:10842000002AF6D0002283F832200120704700BFD6
:1084300064160020054B998E1A8F914203BF93F862
:108440003200B0FA80F04009012070476416002025
:1084500050B90A4A1346012003F8010B0868C2F814
:1084600001008A889A807047012805D1034B0A6869
:108470009A608A88D8719A81704700BF9E16002042
:1084800048B90A4B187880B1D3F80120B3F8053009
:108490000A608B807047012806D1044BD87920B13F
:1084A0009A680A609B89F4E7002070479E160020B6
:1084B00020B9054B187800F00100704701280ABF69
:1084C000014B0020D879F6E79E160020F0B51A4B34
:1084D00093F800C006460025E8B2844501D808207C
:1084E00029E093F853410A7893F854E193F85871CE
:1084F000624093F85241744022444C7884EA0E045E
:10850000224493F855E18C7884EA0E04144493F8DD
:1085100056E1CA7882EA0E02144493F857E10A79C8
:1085200082EA0E0222444C797C40D44205F10105D6
:1085300003F10703D0D1F0BDAC16002030B5094BD4
:1085400001465C78002203F58173D0B2844201D8E1
:10855000082005E013F8015B8D4202F10102F4D11D
:1085600030BD00BFAC160020F0B5254D95F88A410E
:1085700089B0224605F28B11684608F055FD214668
:1085800068460BF085F90446B8B300EB4001C9B268
:1085900002A8F9F701F9601E95F89361C0B20124B1
:1085A00095F88A2105E0731CB3FBF2F102FB11334D
:1085B000DEB206F120030DEB030111F8203C002B85
:1085C000F1D100EB400220326A4406EB46032B4413
:1085D00012F8187C83F8947112F8177C12F8162C94
:1085E00083F8957183F8962101F8204C0138AB1976
:1085F000C0B2FF2883F88B41D2D109B0F0BD00BFD3
:10860000AC16002070B505468CB00C46002A58D038
:108610002E4890F89331C11891F88B2122B94FF46C
:1086200080712820F8F792FE03EB430202440133E5
:1086300092F89461E67092F8956192F896216271D1
:108640000022267181F88B2190F88A21B3FBF2F188
:1086500002FB113380F8933190F8B43123B91C49EF
:1086600000F5D6700BF03EFE667906F03F0646F048
:10867000400666710D22002104A808F04BFDE37846
:108680008DF81F3023798DF81E302B468DF81D6034
:108690006D4603F11006186859682A4603C208336C
:1086A000B3421546F7D1684608F064FA9DF82F30BA
:1086B00023709DF82E3063709DF82D30A3700CB0A0
:1086C00070BD03216018F9F767F8CDE7AC160020FC
:1086D00069850000044B5A78824286BF1B1893F8C4
:1086E0004A010020704700BFAC160020044B5A78A6
:1086F000824286BF1B1893F842010020704700BFDA
:10870000AC160020074B00224FF461711A705A70AA
:1087100083F8B52183F8B621A3F8B81183F8B42102
:10872000704700BFAC160020014B83F8B6017047BC
:10873000AC160020014BB3F8B8017047AC1600200E
:1087400010B50D4B5C78844214D9184490F802019E
:10875000C0EBC0041C4494F852410C70072140F255
:10876000531411FB004158185B58136083889380A1
:10877000012010BD0020FCE7AC160020024607488F
:1087800010B590F8B54124B1417821B1023002F022
:10879000E5FD204610BD0C46FBE700BFAC160020EF
:1087A0002DE9F74F2F4C00921A466378834280469A
:1087B000894654D9231893F8425185F00105E9B14F
:1087C00093F84A31D3B945F002070135C2B9F90728
:1087D0000BD5062101FB084104EB081001F585715A
:1087E00082300092FFF70EFF009ABB0733D504EBEF
:1087F000081049460230FFF705FF2CE02F46E5E759
:1088000094F893614FF0010A002DE0D004EB060BC1
:108810009BF88B1199B9009B0192D3B100F06EFCCB
:1088200006EB460121444FEA102C81F89401019A8D
:1088300081F895C1000C81F896018BF88BA194F812
:108840008A110136B6FBF1F001FB1066F6B2013D6C
:10885000DAE747F00407384603B0BDE8F08F002799
:10886000F9E700BFAC160020074B5A78824209D9BD
:108870001A1892F842212AB9062202FB003000F5AC
:108880008570704700207047AC160020064B5A7860
:10889000824281BF1B1893F83A01B0FA80F0400978
:1088A00098BF0020704700BFAC16002030B50024F0
:1088B000A0F85240B0F8564042F210754C43B4FB59
:1088C000F2F4A0F85640541E05FB0343B3FBF2F349
:1088D000A0F85430094BB3FBF2F30133A0F85A303F
:1088E000B0F84C3005FB0344436CB4FBF2F459433D
:1088F0008464B1FBF2F2426430BD00BF005A6202F0
:1089000070B504460D4649BB4FF47A7208F002FC7C
:10891000012384F8CD30492384F81B31042384F8E3
:108920001C316FF03B0384F81D31072384F81E319E
:108930002B2384F81A31FE2384F856317F2384F8E0
:10894000C1301F4BC4F8B030202384F81F5184F885
:10895000205184F8215184F86C3370BD012922D153
:108960000023C269A0F8F63280F8EB32154B1344AD
:10897000B3FBF2F3C0F8F03040F6B833A0F8F430AF
:108980001146C38CA830FFF791FF0CF0D7FC30B133
:10899000206AFEF73BFD10B984F8D852DDE70023CA
:1089A00084F8D832D9E70229D7D1B0F8C233D0F849
:1089B000BC23C169BDE87040A830FFF777BF00BF96
:1089C00000E0FCFF7FC3C90170B504460D4649BBFA
:1089D0004FF45A7208F09EFB012384F8CD304923EE
:1089E00084F81B31042384F81C316FF03B0384F8B6
:1089F0001D31072384F81E312B2384F81A31FE23FE
:108A000084F856317F2384F8C130154BC4F8B03058
:108A1000202384F81F5184F8205184F8215184F8D0
:108A2000013370BD012912D1C2690E4B1344B3FB4F
:108A3000F2F3C0F8F03040F6B833A0F8F430C38C4D
:108A4000114604F1A800BDE87040FFF72FBF0229CE
:108A5000E7D1B0F82E33D0F82823C169F1E700BF81
:108A600000E0FCFF7FC3C901074B93F900301844B5
:108A7000142804DC10F17F0F03DB40B27047142090
:108A800070476FF07E0070476618002007B57F239F
:108A90000DF107008DF8073003F03CFF9DF907301A
:108AA00068B10A4A5078404243FA80F0142808DC42
:108AB00010F17F0F07DB40B203B05DF804FB1846EE
:108AC000FAE71420F8E76FF07E00F5E7661800205B
:108AD000024B00221A705A70704700BF66180020BF
:108AE000054B1B7833B9054B1A681B79026003717B
:108AF00001207047002070476818002028000020DF
:108B0000054B0168FF221A70044A11600179117146
:108B100000221A70704700BF68180020280000204B
:108B200007B5064B186800901B798DF8043068462D
:108B3000FFF7E6FF03B05DF804FB00BF116A030016
:108B4000437843B1C2782A2A07D80549885CC31AFA
:108B5000584258417047184670470120704700BF7F
:108B60005E2203002A2908B5C17003D8064B5B5C5E
:108B7000437008BDFF2904D04FF48D612A20F8F717
:108B8000E5FB0123F4E700BF5E2203002DE9FF4768
:108B90008A4602A9164699460AF0AAFE054600280A
:108BA00043D1039F36B9012487F8CC40204604B056
:108BB000BDE8F087D7F814803146404609F010FA36
:108BC00004460028F2D01B4B5B88B3422FD30146EA
:108BD00001AA404609F059FB019B1D809D7097F842
:108BE000CC300198002B0CBF514602210BF047FA04
:108BF000019832464946033008F016FA314640469D
:108C000009F023FA044618B97C212B20F8F79EFBC3
:108C10009DF808302BB102A80BF02CFB039BA3F8A6
:108C2000E252002387F8CC30C0E70124BEE72C468F
:108C3000BCE700BF6C180020024B987FC04300F0D7
:108C4000010070476C180020034B987F80F00200F1
:108C5000C0F34000704700BF6C18002010B5094CED
:108C600014220021204608F055FA1222002104F1B6
:108C7000140008F04FFA01232373231DC4E90033C5
:108C800010BD00BF901800207FB505460C4621B9E5
:108C900040F20B111020F8F759FB03888B8000235A
:108CA0004B728669304609F0E2FA014610B94FF47A
:108CB0008A71EFE701AA304609F0E7FAE08010B9BF
:108CC00040F21911E6E7FB2802D940F21B11E1E757
:108CD00001980BF0DCF9012801D0022805D120729F
:108CE000206828B94FF49971D4E740F22B11D1E7ED
:108CF0000199E288033108F097F9304609F0CDFA7E
:108D000010B940F23711C5E70021304609F001FAE9
:108D100010B94FF49E71BDE70A4BDA7F82B11A8C0D
:108D20002888013A02A91A840AF0E2FD10B140F243
:108D30004511AFE7039AB2F8DC300133A2F8DC301A
:108D400004B070BD6C18002010B520B940F271213C
:108D50001020F8F7FBFA41600272EFF3108472B64C
:108D6000094B1A1D0260596819B1097A012908BF17
:108D70001A601A681060186004B962B6BDE8104045
:108D800093F8260007F0C8BF90180020024B83F824
:108D90002600FFF763BF00BF90180020014B024A76
:108DA0001A607047A0000020898C00002DE9F7436D
:108DB000704E714F054673681B7A102B07D1FB7FED
:108DC0002BB13B8C1BB9002003B0BDE8F0833369A5
:108DD000CBB11B7ABBB13469002CF4D094F8088075
:108DE0005FFA88F805232372A8F102030E2B00F224
:108DF000B380DFE803F0192545B1786989694E4EE3
:108E00006969699DA4007468237A012BDBD0EFF3B4
:108E1000108372B672681268726003B962B6237A00
:108E2000002BD4D03461D9E7636823B94FF4E171E2
:108E30001020F8F78BFA29462046984704200FE0C7
:108E4000636813B940F2CB11F2E7294620469847F0
:108E50000346C3F30723012BADF80400C0B27ED054
:108E6000EFF3108372B6227A052AD1B201D000291D
:108E70007BD1002222723261002B72D162B670E087
:108E8000636813B940F2D511D2E720469847002015
:108E9000E6E73A4B1B68002BF9D0D4F80490424621
:108EA0002946484698472B781D2B04D01A2BC5D14C
:108EB000AB78002BC2D0B9F808000421F9F72EF8DE
:108EC00068B14FF4F571B3E72D4B1B68002BDED072
:108ED0006068424629469847B8F10D0FAED100238D
:108EE0003361042070E7636813B94FF404719FE79E
:108EF000294620469847FDF771FE0028EFD1FDF77F
:108F0000F5FD0028C3D0EAE763680BB9E0218FE7DD
:108F10000D222A701A88A5F803200024012258691E
:108F20006A71AC71AA70214609F0F3F83461D8E790
:108F30001E232B70D4F80930C5F803307EE7606833
:108F400010B940F23D2173E70E4B29461B68984744
:108F500000233361022037E740F2462168E703230C
:108F6000237200283FF427AF2EE7002B7FF423AFB6
:108F700062B620E7901800206C180020A80000209E
:108F8000A4000020A00000200448037F23B9044966
:108F9000022214300BF097B9704700BF90180020E0
:108FA000B94201001B234FF01B12838403848261AA
:108FB0008382C260038541B94FF4A473094AC38414
:108FC0004384C261C382026170474FF42963C38442
:108FD00043844FF4A47203F12963C361C282036125
:108FE000704700BF48014801F0B5B0F85C20B0F808
:108FF0005E6090F87140B0F846C0B0F84A500B4639
:10900000B0F850108A4228BF0A46B0F85410A0F8B1
:109010004620B14204F00C0428BF3146002CB0F8C1
:109020004C4007BFB0F84E700E464FF429674FF41E
:109030002966944238BF1446B94238BF3946944530
:10904000A0F84A60A0F84C40A0F84E1034D1AD1BF7
:1090500018BF0125B0F85810B0F85240B0F844C01D
:10906000B0F848708C4228BF0C4690F8701011F090
:109070000C0F23D1B0F85610B0F85AE0714528BF54
:109080007146A445A0F84440A0F8481002D18F4290
:1090900000D1B5B10088A3F80900A3F80B40A3F8EC
:1090A0000D10A3F80F20A3F811600649BDE8F040A9
:1090B000022218460BF019B90125CBE74FF42961BC
:1090C000DFE7F0BD034301000B8BA2F80B304B8BA5
:1090D000A2F80D308B8BA2F80F30CB8BA2F80900D1
:1090E0000249A2F8113010460BF0F9B851430100C3
:1090F000014B1878704700BFB7180020094AD2E921
:109100000003434083EAB01181EA43214FEAF3436D
:109110005360054B116058434FEAF06000EB80004C
:10912000704700BFB8180020BB79379E094AD2E9C2
:109130000203434083EAB01181EA43214FEAF3433B
:10914000D360054B916058434FEAF06000EB80001C
:10915000704700BFB8180020BB79379E38B50A4C5D
:1091600004F1080508212846F8F716FBD4E9022384
:109170001343F7D0FFF7DAFF2060FFF7D7FF23682C
:1091800060600343F6D038BDB818002030F8023CC8
:10919000F7B504460D467BB100238DF804308DF8F9
:1091A00005309DF80430002063F307009DF805307A
:1091B00063F30F2003B0F0BD184B30F8DE6C1B6872
:1091C0000BB136389847164B1B680BB130469847A1
:1091D0000A2300272B70AF70A5F80360637A54F858
:1091E000C60C6B7108F0B1FF18B97C216320F8F749
:1091F000ADF83046FFF7BAF839463046F8F78EFE3C
:1092000001213046F8F78AFE18B9064B1B6803B1F6
:10921000984704238DF804300023C0E7AC000020F9
:10922000B4000020B000002070B5044640680D4630
:1092300090F8C62001230021A8300AF07BFB20B360
:10924000284666680AF07CFFA6F8B4036068B0F8A8
:10925000B433B0F8BC10013B5B1A9BB247F6FD710A
:109260008B4208D9282380F8E7300949DE300BF01B
:1092700036F8002070BD00F2B63128460AF05BFFD8
:1092800063680B2283F8C620F3E70120F2E700BFF2
:109290008D91000073B5044640680D4690F8C620D5
:1092A00001230021A8300AF045FB00284DD0636857
:1092B000284693F875100AF011FF30B92946204668
:1092C00002B0BDE870400BF098B96068B5F80D3099
:1092D000B0F8BC20A0F8B433D24313449BB247F695
:1092E000FD72934209D9282380F8E7301849DE300F
:1092F0000AF0F5FF002002B070BD28460AF0E5FE36
:109300000AF0FDFB66680190C6F8BC0301462879A7
:109310000AF002FCA6F8B6030199B5F805006668E4
:109320000AF00DFCC6F8B803284666680AF0D0FEBD
:10933000A6F8C003284666680AF0CDFE6368A6F862
:10934000C2030E2283F8C620D4E70120D3E700BF72
:109350008D91000008B5406890F8C630162B04D0F7
:109360004FF493711F20F7F7F1FF012380F80931C3
:10937000172380F8C630BDE808400349022200F5F3
:1093800071700AF0A0BF00BF6F47010070B544685C
:1093900005780E4604F1A8004DBB94F8C6202B4674
:1093A00029460AF0C7FA30B37168184AB3680A4010
:1093B000C4F81A2123F4FF63C2F3076242F00802E3
:1093C000DB04DB0C84F81D210022C4F81E31A4F854
:1093D00006219DB194F80831013384F80831D4F89E
:1093E000B43043F00103C4F8B430154604E0D4F8B7
:1093F000B430DB07D8D50125284670BD012384F899
:109400000831042384F8C630F6E700BF2F4904F77B
:10941000F8B54468077894F8C52006460D463B46E3
:10942000072104F1A8000AF085FA90B3AB686968D7
:109430001A4A23F4FF630A40DB04DB0CC4F81A2148
:10944000C2F30762C4F81E3142F00802002384F818
:109450001D2184F8043184F8C53017B9736883F886
:10946000737194F8173203F0FF06A3B92388A4F8A8
:10947000193284F818626B68C4F81B32AB6808496B
:10948000C4F81F32022204F20F200AF01CFF3046FB
:10949000F8BD0126FBE70026F9E700BF2F4904F7D6
:1094A000E3480100406890F817325BB90388A0F8E0
:1094B00019321A2380F818320349022200F20F20D1
:1094C0000AF001BF704700BFE348010010B5044631
:1094D000FEF7D0FD044B21F4FF61C9040340C90C21
:1094E0006360A16010BD00BF2F4904F737B50C467B
:1094F0004568FEF7BFFD094B95F81A2121F4FF617D
:109500000340C9040093C90C13408DF80030019149
:109510006B4603CB6060A16003B030BD2F4904F7F8
:10952000F8B54468057894F8C52004F1A8070E46FC
:109530002B46082138460AF0FDF978B394F80B3130
:1095400098071AD430460AF01DFE84F81501B6F8C3
:109550000530A4F81631B6F80730A4F8183194F89D
:109560000B3143F0020284F80B21DA0705D52649B6
:10957000022204F586700AF0B8FE94F80B31DB077E
:1095800024D46DBB94F8C6202B46294638460AF0F1
:10959000D1F9A0B949214020F7F7D8FE55B994F880
:1095A000C6202B46294638460AF0C4F90028C5D102
:1095B0000120F8BDD4F8B4309907BFD5F8E70123EE
:1095C00084F8C63084F80831A4F8065194F8C53000
:1095D0000020012B04BF84F8C50084F80401E8E7EB
:1095E000D4F8B43013F0020201D05021D3E743F095
:1095F0000203C4F8B43094F80831A4F8062101330A
:1096000084F80831E2E700BF514A0100114A00F531
:10961000006092F90010031340F3073081420BDD24
:1096200092F90120584242FA80F07F280DDC10F1B7
:10963000800F0CDB40B2704792F90210814202DACF
:1096400092F90320EEE7002070477F2070476FF00B
:109650007F007047C8180020F7B5A0F257270446CE
:1096600097F87100FDF76AFE6FF4D7731C44054646
:10967000A068FFF7CBFF064658B3D4E900126FF09D
:1096800000439A4208BFB1F1FF3F22D00BF06FFDBB
:10969000D4E90023904271EB03031AD3388869465A
:1096A0000AF026F918B184217A20F7F74FFE691CD9
:1096B00002233246C9B26846FDF758FE48B9064B48
:1096C0009D880BF054FD4FF47A76E6FB0501C4E962
:1096D000000103B0F0BD00BFC8180020044B9B6818
:1096E0005843C3F580534B4303EB2030704700BF12
:1096F000C81800202DE9F84305464768FFF7C6F96A
:109700006C687F2804F1A804064660761ED1002309
:1097100097F83420012A62D1002B60D06B6803F5E2
:10972000DC7093F8C021002A59D13A88A3F8C121EE
:1097300097F8C12083F8C32197F8C22083F8C42189
:10974000BDE8F843274902220AF0BDBD94F8333042
:10975000D5F80480A3760146A068FFF7BFFF224B2F
:10976000A0601B7BF3B1FFF751FFD8B1D4E9001221
:109770006FF000439A4208BFB1F1FF3F12D00BF0E7
:10978000F6FCD4E90023904271EB03030AD3D5F829
:10979000049002F0BBF9154989F8710009F25720CD
:1097A0000AF0ACFD94F91B2098F83510B31A1BB2DF
:1097B000002BB8BF5B429BB28B42A8D3FF29A6D037
:1097C000237F0133DBB2237798F83610994201D317
:1097D0007F2A9CD100232377E676012398E7BDE812
:1097E000F88300BFED4A0100C81800205996000018
:1097F000F0B5204D2B7800241470CBB3013B6F687B
:10980000DBB21D1B012D0BDC07EBC40557F83460E0
:109810006D688D4208BF864212D114700120F0BDE0
:109820001D196E1007EBC60E57F836C0DEF804603F
:109830008445C5F347058E412CBF2B462C46E0E7F7
:10984000B04271EB050502D214700020E7E707EB88
:10985000C30457F8335064688C4208BF854201D175
:109860001370DBE7A842A14128BF01331370ECE776
:109870001846D4E7D818002010F0070208B503D026
:1098800063214820F7F762FD18B1034B1972586045
:109890001A70C80008BD00BFD8180020014B002274
:1098A0001A707047D8180020014B187A704700BF13
:1098B000D81800202DE9F7430BF01FF90DF107022E
:1098C00006460D46FFF794FF98B910490A780B7ABF
:1098D00093420ED04C6813466FF060479DF8070026
:1098E000984209D304EBC003C3E9006501320A7052
:1098F000012003B0BDE8F083D81904EBC000D0E923
:109900000089013BC0E90289DBB2E7E7D8180020F3
:1099100037B50BF0F2F80DF10702FFF769FF0446C7
:10992000A0B10C4A9DF8070013785568013BDBB2E3
:1099300013701A1AD2B2411CD200834238BF0022DF
:1099400005EBC10105EBC00007F02AFB204603B080
:1099500030BD00BFD818002038B5436893F8C62042
:109960001D2A044604D04FF49A613120F7F7EEFC2B
:1099700093F80A111D88002283F8092103F52E703F
:1099800071B10C4983F80A2183F8C122A3F8C252AD
:1099900002220AF098FC6368002283F8C62038BDD2
:1099A000012283F8C11283F8C4220349A3F8C252EA
:1099B0000222EEE75B47010043470100A0F10E03DE
:1099C00010B5172B21D8DFE803F00C2020200C2045
:1099D0000C20110C20202020203620203C20202F7D
:1099E0002F2FBDE8104000210BF0CDB81A4C606855
:1099F00090F8C530222B0AD12046FEF76FFB636832
:109A0000002283F8C52083F80421002010BD2F2BED
:109A1000FBD190F8C62001230B21A83009F08AFF62
:109A20000028ECD12A21E7E70C4B1B68002BECD077
:109A3000BDE8104018470A4B1B68002BE5D01D20DD
:109A4000F6E7084B1B68002BDFD003480A46BDE849
:109A50001040406820211847E41800203002002000
:109A60003C02002018020020114B09790246586878
:109A700090F8C530222B11D02F2B0FD0292B0FD0CF
:109A8000042B0FD0102B0FD01E2B0FD090F8C63008
:109A9000242B14BFFE201720FFF790BF1620FBE7F2
:109AA0002320F9E70E20F7E71220F5E71420F3E76B
:109AB000E418002008B5084B586890F8CB304BB933
:109AC00090F8C62001230621A83009F033FF00F0EA
:109AD000010008BD0120FAE7E4180020F8B52D4B7D
:109AE0001A89402842EA00021A8105D158680421E7
:109AF000BDE8F840FCF744BE00F00302032A04D19D
:109B000040F6F6213120F7F721FC10F0020418BFCF
:109B1000D960C50705D5CA781961062A0DD00B2A68
:109B200018D02CB1DA68D278052A1FD00B2A2AD097
:109B3000820644BF08221A75F8BD5A6892F8C6100A
:109B40001929EED1002600270121C2E94A6782F8CF
:109B5000CA10E6E75A6892F8C610132901BF00211F
:109B600082F8CA10012182F80A11DAE75A6892F8DD
:109B7000C6101729DCD100240025C2E94C4501217B
:109B800082F8CB10D4E75A6892F8C6101229CFD1C8
:109B90000021F5E7E418002070B5274C636893F8BE
:109BA000B66393F8B753002E3FD193F87010002D91
:109BB0003DD193F8712083F8701083F87120FF2253
:109BC00083F872201D4B1B680BB16068984763686F
:109BD00093F86C31012B02D056EA050303D01648E6
:109BE0000021FEF77BFA606838300AF000FC054679
:109BF000606800F5E771FFF7F7F960680521FCF789
:109C0000BFFD606838300AF0F2FB8542044610D28E
:109C100003F0CAFD0146601B6F2838BF6F2006F0B5
:109C200007FCB0FA80F0400970BD3146BFE72A4614
:109C3000C1E70120F8E700BFE4180020340200204B
:109C400008B50C4B5B6893F85621FE2A04D040F609
:109C5000A5013120F7F77AFB83F8560111B9A3F873
:109C6000061108BD0022A3F80021012283F8042177
:109C7000F7E700BFE4180020104B1A7DCAB970B98D
:109C80005B68D96941F64B52914215D9B3F860101F
:109C9000B3F8442091420FD81846FCF7D7BC1A8974
:109CA000120708D55B6893F8C700083818BF012071
:109CB0007047002070470120704700BFE418002063
:109CC00070B54368D3F8B43013F0300F86B0044653
:109CD0000D4655D108460AF06FFA30B9294620469C
:109CE00006B0BDE870400AF088BC284666680AF0F5
:109CF0005FFA059028460AF057FA049028460AF0C1
:109D000059FA039028460AF051FA3836DDE9033251
:109D10000090059930460AF09FFB1A4B1A8992076A
:109D200010D5DA68D278142A0CD16268D2F8B4302F
:109D300043F01003C2F8B43020460AF030FC002093
:109D400006B070BD626892F8C5101E29EDD092F879
:109D50006321002AE9D1626892F86221002AE4D1E5
:109D60006168D1F8B42042F02002C1F8B4205A68EA
:109D7000114602F2E11231F8380BFFF7A5F9DBE7E3
:109D80000120DDE7E418002037B5044601A8FEF7FE
:109D900001FB20B940F2EA713120F7F7D7FA3222FD
:109DA0000021019807F0B6F9019D032128460AF029
:109DB00066F90198037823F0100303702146FEF73B
:109DC000D1FE2A2C2FD8012C30D9A31E282B2DD818
:109DD000DFE813F02F002C006600430043002F0043
:109DE0002C0074002C00430050004B00C5002C00D8
:109DF0002C00360043004300790079005C00B1007C
:109E00002C002C002C009300D800D000D4002C0093
:109E1000EA002C00F300C900C900C9002C002C0086
:109E20002C002C00E000FF2C00F0D18040F69C01BB
:109E3000B2E76D4B5B6893F85821019B1A710CE0F7
:109E4000694C0198636893F853110AF001FA63684A
:109E5000019893F852110AF0FFF9FEF7AFFA0028C3
:109E600040F0BF804FF40A6196E75F4B5B6893F860
:109E70005221E2E7019B0D221A7159225A710022E8
:109E80009A718F22DA7111221A72E6E7564A019B03
:109E9000526892F86E11197192F86F215A71DCE7CD
:109EA000514C0198616801F540710AF066F96168EA
:109EB000019801F542710AF062F9CEE701994A482A
:109EC000FFF714FBC9E7484C01986368B3F85C10CE
:109ED0000AF05AF963680198B3F85A110AF058F970
:109EE00063680198B3F858100AF056F9636801984E
:109EF000B3F858110AF054F9AFE7002328460121BE
:109F00008DF800300AF0C7F8374B5B681A7C5B7C31
:109F1000032A08BF002203F01F0343EA82139DF8BF
:109F2000002002F020021343694628468DF80030D5
:109F30000AF0BAF891E72C4B019A5B6893F86C1120
:109F4000012915BF93F86C1093F86E1111711171FE
:109F500014BF93F86D3093F86F3153717DE701981A
:109F6000FFF7B4FA79E7214B1F4A1B680199204695
:109F7000984772E701980AF0FFFF6EE701980BF02F
:109F800003F86AE7184B0198596801F279110AF051
:109F900026F962E7144B0198596801F29B1201F20D
:109FA00079110AF028F958E7114B1B68002B3FF490
:109FB00054AF0D49019898474FE70E4B1B68002B93
:109FC0003FF44BAF084A516801F5B071F2E7064B18
:109FD00001985B6893F8AF23D3F8B0130AF067F8E1
:109FE0003BE703B030BD00BFE41800202C02002086
:109FF000140200202402002010B5164BDB681979EA
:10A00000436893F8C5200A2A09D193F851218A425E
:10A0100005D1002283F8C52083F8042110BDD3F8B0
:10A02000B42012F0080407D022F00802BDE8104066
:10A03000C3F8B4200AF0BDBAFF2905D1322283F853
:10A04000C52083F8AC43E9E740F272413120F7F7CD
:10A050007DF900BFE418002013B50B794468232B69
:10A0600094F8C52038D8112B09D80E2B36D10246CA
:10A070000121184602B0BDE810400AF084BDA3F1EA
:10A080001204112C2AD80FF2080C5CF824F000BF3F
:10A090006FA00000DDA000006FA00000DDA00000A8
:10A0A000E3A000006FA00000DDA00000DDA0000024
:10A0B000DDA00000DDA00000DDA000002FA1000059
:10A0C000DDA00000DDA00000DDA00000DDA000009C
:10A0D000DDA000001FA10000FF2B2CD0002002B04B
:10A0E00010BD222A01D02F2AF8D101900AF04EFA91
:10A0F0000198436893F8C620232AEFD093F81B21D8
:10A1000022F0010283F81B21426892F81B3123F0F0
:10A11000080382F81B311A21FDF7E0FFDEE7292A48
:10A12000DCD1094B1B68002BD8D09847D6E7312AE1
:10A13000D4D1064BF6E7064B9B69002BCED001230A
:10A1400084F8AE33CAE700BF380200204002002086
:10A15000E4180020024B0020C3E90600704700BF4E
:10A16000E41800201F4B0022C3E906221E4B1F4AA1
:10A170009A601F4A5A601F4A1A601F4A9A621F4A11
:10A18000DA621F4ADA601F4A9A611F4A1A631F4A3D
:10A190001A621F4ADA641F4A9A641F4A5A641F4AA5
:10A1A0005A631F4ADA611F4A5A621F4B1F4A9A605C
:10A1B0001F4ADA611F4A5A621F4ADA621F4A1A614D
:10A1C0001F4A5A611F4A5A641F4A5A631F4A9A61BA
:10A1D0001F4A1A631F4A9A641F4ADA641F4A9A6325
:10A1E000704700BFE4180020B8000020234601009B
:10A1F0002992000095920000BF470100AB48010082
:10A200001B480100C1480100219500008D9300000A
:10A210008F490100B7490100154D0100699A0000FE
:10A2200059A0000011940000640100204F46010075
:10A23000F99F0000834B0100674C01007F4B010038
:10A24000494C0100AB4C01002B4C01005999000016
:10A250007B4B0100214A0100054A0100774B0100B8
:10A26000024B9869003818BF01207047E41800209D
:10A270002DE9F0418B4C228963680646D00556BF14
:10A28000B3F8FA200022013288B046BFA3F8FA20C2
:10A2900083F8F422A3F8FA200F46FFF70BFC50B125
:10A2A00023896068190545D590F8CB30002B41D043
:10A2B0000023C0F8EC30238903F4407333B16068A5
:10A2C00090F8C930002B52D0032B56D063682189F7
:10A2D00093F8C920012A04D14A0544BF022283F819
:10A2E000C920002E40F0C7844D065DBFB3F80C2393
:10A2F000013292B23246A3F80C23002F40F0B9810C
:10A3000008076DD593F85621222A3BD02A2A01D07E
:10A310001C2A05D1002283F8742162480AF036F91C
:10A32000636893F85621FE2A39D140F271513120E9
:10A33000F7F70CF8D0F8EC30D0F8F0200133934266
:10A34000C0F8EC3004D8618CD51A05318D4202D8A2
:10A35000012180F8F8109342ADD30023C0F8EC300F
:10A360005149022200F2C51009F0BFFFA3E7012105
:10A3700080F8C910FCF704FAA8E7022380F8C93076
:10A380000121F7E783F8AA71484B1B68002BC4D062
:10A39000606800F5D57100F5AE709847BDE7FE2204
:10A3A00083F8562193F8C6201B2A08D1002583F88C
:10A3B00009513C480AF0FDF8636883F8C6506068AC
:10A3C00090F8C530212B32D0322B3FD0636893F800
:10A3D000C720082A02BF022284F8242083F85621CD
:10A3E0002389D90740F113816068D4F8108090F870
:10A3F000C62098F8035001230521A83009F09AFAE5
:10A4000060B1AB1EDBB2092B00F23581012202FAEA
:10A4100003F340F23332134200F02D814046FEF741
:10A420008FFBE0B941461F480AF0E7F836E090F8A4
:10A43000C62001230B21A83009F07CFA636818B10B
:10A440002F2283F8C520C1E72222FAE7012380F8F2
:10A45000AD33002380F8C53080F80431B6E798F8B2
:10A460000350012D02D9162D40F0C380636893F884
:10A47000C5000AF0B3F848B1636893F8C520212AF3
:10A4800004D0222A16D12F2283F8C520084B53F876
:10A490002530002BC6D0216902489847054668B987
:10A4A000B5E000BFE41800207F4901001C02002035
:10A4B000B8000020162D0CBF20250225237D18078B
:10A4C00019D56068012390F8C6200521A83009F04D
:10A4D00031FA8046002840F0D080039003A9032081
:10A4E000F8F7A8FC039B33B183F8088061680398F0
:10A4F000102209F0E8FEA36947EA0501CFB2002B5C
:10A5000053D065681422002103A806F003FE95F8D5
:10A51000710002F0D3FD6368054693F8710002F004
:10A52000C5FD05F5FA754FF47A73B5FBF3F563686D
:10A5300028441A88ADF81200ADF80C20D869B3F899
:10A54000BC20ADF8102009F0C7FA6368ADF80E0022
:10A5500093F8AE3333B12069C31C069309F08DFD27
:10A560008DF81C0062689DF8143092F8AD2362F3F8
:10A5700000038DF8143003A8A3699847636806990F
:10A58000002283F8AE2383F8AD2371B193F8AC2396
:10A590005AB993F8C520322A07D09DF81C2022B161
:10A5A0000878FF286BD11B2A70D9606890F8563163
:10A5B000FE2B40F09580002F40F09280012390F810
:10A5C000C7201946A83009F0B5F9002840F0888066
:10A5D000636893F86031002B60D0636893F8612161
:10A5E000A3F8FE7083F8582101210220FFF728FB11
:10A5F00076E02A2D7FF64AAFFF2D7FF413AFA369D3
:10A60000002B3FF40FAF6368012283F8AE23238948
:10A610005A0707D5626892F8C720072A04BF0122AB
:10A6200084F824209D0709D5E368DB782A2B13D80A
:10A63000B14A52F82330CBB1B0489847258915F07C
:10A64000100007D0636893F8C6200B2A02D10C22B1
:10A6500083F8C620002531E7FF2B07D1636832223B
:10A6600083F8C520002283F8AC23E7E740F2655168
:10A670005DE63D4622E7082520E708253BE7072859
:10A6800093D1022A91D14878FF288ED1012083F8F6
:10A69000AC03C3F8B01383F8AF2386E760680123E7
:10A6A00090F8C6200421A83009F044F90546002896
:10A6B00040F011816268D2F8B430D90702D539462A
:10A6C000092093E7980740F1A58039460C20FFF751
:10A6D000B7FA626892F80B3143F0010382F80B314C
:10A6E0006568B5F8E83295F8EC820133A5F8E832F0
:10A6F000B8F1000F00F09782F8F78EFB10B100233D
:10A70000A5F8E8326068012390F8C6200021A8303F
:10A7100009F010F928B9636893F8C6300C2B40F0A3
:10A720009A826068012390F8C5200021A83009F0C2
:10A7300001F9002800F08F826068012390F8C7209B
:10A740000021A83009F0F6F8002800F08482636840
:10A7500093F8C920022A40F07E8293F8F422002A5E
:10A7600040F07982586907F0F0FC002800F073820D
:10A77000606890F85631FE2B40F06D82B0F8E232FE
:10A78000012B40F26882B0F8FC10B0F8FA208D1E60
:10A79000AA424FF00103B8BF01F1FF3180F8EA325D
:10A7A000B0F8E852B8BF8B1A618CB8BF9BB28D422B
:10A7B0003BBF4A1C521B012292B2934228BF134650
:10A7C000012B04BF002280F8EA2290F87F2072B9A2
:10A7D0006268916F59B1B2F8F610B2F8BC20891ACC
:10A7E0008AB209B2002902DD8B42A8BF1346606815
:10A7F000B0F8BC1090F8C9200B449BB2012AA0F815
:10A80000E43240F23682023A012A40F22A8240F6CD
:10A810000A118CE5590702D539461320E6E61807D8
:10A8200006D592F8503182F8583139460720DDE6D6
:10A83000190602D500211B20D8E613F030013FD0C5
:10A8400092F86331002B40F00983636893F862311A
:10A85000F3B1606890F8C630262B00F5B17100F2B4
:10A86000B6322BD090F8C530A3F1260CDCF10003F2
:10A8700043EB0C0309F0C4FD6268D2F8B43023F056
:10A88000200343F01003C2F8B430002382F8623191
:10A890006068D0F8B430DB0640F1E08200F5E77183
:10A8A000FEF7A2FB6368B3F85A20A3F85821B3F867
:10A8B0005E20A3F85A210021152097E60123D9E74D
:10A8C00013F0400201D0242090E6D90540F1C68261
:10A8D00011461E208AE6636893F8C620123A0B2AB6
:10A8E00046D8DFE802F0064545450D10454545458B
:10A8F000453600210B2079E664010020E418002091
:10A900000021042072E693F8A803012808D1002151
:10A910000520FFF795F96368002283F8A823DFE696
:10A9200002287FF4DDAE93F80A5106221DB183F8A8
:10A9300058210021EDE7AB48032109F049FE636887
:10A9400093F81A3113F0040F294614BF11200D207B
:10A95000DFE70021062049E60021112046E693F8B2
:10A960006C21012A04D193F86D31002B00F087820D
:10A970006068012390F8C5200021A83008F0DAFFB4
:10A9800090B16068012390F8C6200421A83008F037
:10A99000D1FF48B9636893F8F8302BB10121122038
:10A9A00024E60021202021E6606890F8C5200A2ACC
:10A9B00005D190F8513180F85831012136E7002D4A
:10A9C0007FF48EAE01232946A83008F0B3FF00289B
:10A9D00000F0AF80636893F873213AB101210E2033
:10A9E000FFF72EF9636883F8735179E693F87221C3
:10A9F0008AB193F80B2192070DD101210C20FFF7AA
:10AA00001FF9636893F80B2183F8725142F0010239
:10AA100083F80B2164E693F8623153B3636893F8CB
:10AA2000633133BB606890F8C630262B00F5B171F6
:10AA300000F2B6321BD090F8C530A3F1260CDCF141
:10AA4000000343EB0C0309F0DBFC6368002283F88E
:10AA5000622101211420FFF7F3F86368B3F85A204C
:10AA6000A3F85821B3F85E20A3F85A2138E6012351
:10AA7000E9E7626892F86C110129CBB27BD192F8B8
:10AA80006D21002A77D160680B2190F8C620A8308C
:10AA900008F050FF00286ED1656895F8701001919C
:10AAA000084607F0EDFE804695F8710007F0E8FED5
:10AAB000B8F1020F95F86E3101991FD0B8F1030F6C
:10AAC0001ED0B8F1010F04D1012B14BF00230123C4
:10AAD000C3B995F8C6200123032105F1A80008F0A9
:10AAE00029FF30BB6068012390F8C6200221A830FE
:10AAF00008F020FFE8B90121162077E5022BE4E7F2
:10AB0000042BE2E7022895F86F3126D003282BD0DA
:10AB10000128DED1012BDCD1B5F8BC30B5F87001CD
:10AB200005F56D7208F02CFE0146F8B92D48FDF7C9
:10AB3000D5FA6068012390F8C5200021A83008F0FC
:10AB4000F9FE00283FF4CCAD636893F8AC33002BDA
:10AB50003FF4C6AD0121FF2048E5022B14BF0023BE
:10AB60000123002BB5D0D7E7042BF7E76368282231
:10AB700083F8C520B4E5636893F8A93103F0FF05B5
:10AB800013B10121232031E5636893F8A6313BB16D
:10AB900001212520FFF754F8636883F8A6519FE54B
:10ABA000636893F8AA3113B1012122201EE563687E
:10ABB00093F874317BB3636893F87801FBF786FFF1
:10ABC000616898B1084B91F878211B68054801F23B
:10ABD000791198476368A0B10228AAD1002283F8AE
:10ABE0007421A6E7E418002044020020A64BA748E1
:10ABF0001D6891F8783101F29B1201F27911A84792
:10AC0000E8E793F87801FBF761FF012108B11C2008
:10AC1000ECE42A20EAE4636893F8B231002B88D090
:10AC200001211D20E2E4F8F7F1F808B1A5F8E88267
:10AC3000F8F7FAF800283FF465AD95F8F4320133DF
:10AC4000DBB2022B85F8F43282BF0023A5F8E8328C
:10AC500085F8F43256E56368002283F8EA2201237E
:10AC6000C5E590F8C750B0F8FA20082D66D1022A41
:10AC70005DD8A0F8E0322289636855065BBFB3F85F
:10AC8000F622B3F8E61200225218A3F8F62293F83F
:10AC90006031002B00F08A806368B3F8FE20B3F8BF
:10ACA000E6120A44A3F8FE20626892F8040130B16B
:10ACB000B2F80031B2F8E6120B44A2F8003192F972
:10ACC00008110029C1BFB2F80631B2F8E6525B198B
:10ACD000A2F8063192F8E7305BB9002E40F0B88058
:10ACE00094F82430022B6DD192F85831062B18BFFE
:10ACF0001623626892F8E62032B96068644980F8E9
:10AD0000E730DE3009F0EBFA60680AF034F8614BA6
:10AD10001B681BB1604A606811689847636800222D
:10AD200083F8EB2208B0BDE8F041FDF76DBBB0F849
:10AD3000FC3019440131A0F8E0129CE7B0F8FC3077
:10AD4000511C99420FDA9B1A9BB2022B0BD0033B8A
:10AD50009DB290F8F83043B9FEF7ACFEB0B96DB1D2
:10AD60006B1E9BB20BE00025F3E790F8C520012392
:10AD70000921A83008F0DEFD0028EDD1002362682B
:10AD8000B2F8E4120B44A2F8E03274E76368D3E946
:10AD90003B32991C8A4207D3D21A022A04D0033AC2
:10ADA000954288BF95B2DAE70022F9E7606801238F
:10ADB00090F8C7201946A83008F0BCFD00287FF4A1
:10ADC0006BAF71E7012B08D192F8C830002B90D1FE
:10ADD00060680021FBF7D4FC99E75FB1F80635D431
:10ADE000390735D4BA0635D4BB0735D140F67321BF
:10ADF000FFF79DBA38B1B2F80001B2F802319842BB
:10AE000001D3222375E7002905DDB2F80611B2F857
:10AE100002319942F5D2B2F8FE10B2F8FC309942F4
:10AE20000BD2636893F8C910B3F8FA2051B1B3F8A4
:10AE3000FC309342CCD808235BE792F86031002BBA
:10AE4000DFD1EEE7052AC3D93E2352E71E2350E7A0
:10AE50003D234EE723234CE72A234AE7636893F810
:10AE6000C6202B2A3FF49DAD302A3FF475AD232A2E
:10AE70007FF47EAD93F86C21022A7FF470AD00213F
:10AE80001720FFF7B3BB00BF4C020020E4180020DE
:10AE90008D9100001002002030000020F7B5764CA4
:10AEA000012727700023606080F8EB7200882381FF
:10AEB000237584F82430FDF767FA63681888FDF776
:10AEC0008DFA6368B3F8E222264612B393F856214E
:10AED000FE2A1ED193F86031DBB160683B4690F8E2
:10AEE000C7203946A83008F025FD054688B96368B3
:10AEF00093F86121A3F8FE0083F858210220394617
:10AF0000FEF79EFE6368022083F8EA52FEF73CFFDC
:10AF100004E0636893F85601FE28F7D1636893F85C
:10AF2000ED22002A4FD0002362686384B2F8E63233
:10AF3000B2F8E812013B11FA83F1A2F8E812B2F874
:10AF4000FA109FB211FA83F3A2F8FA30FEF7B2FDBD
:10AF500028B16268D2F8EC303B44C2F8EC3060684B
:10AF6000B0F8E232012B9CBF0133A0F8E232002599
:10AF70000FB180F8F45290F8C63080F8EA52A3F18D
:10AF80000B02012A2AD8B0F8BC30B0F8B4239B1ABF
:10AF900019043DD400F2B631CD3008F020FE6368CC
:10AFA00083F8C650FF2283F822216168B1F8E622B7
:10AFB00001F1A80008F059FE00283FD040F6FB112F
:10AFC0003120F6F7C3F993F82B3223B96268538E18
:10AFD000928C9A42A8D363689B8CA5E7262B17D145
:10AFE000B0F8B423B0F8BC309B1A1A0410D480F81F
:10AFF000C650FEF7D1FD6368014630B983F86C0195
:10B0000003B0BDE8F040FFF733B983F86C51CCE7EB
:10B0100090F8C530262B01D0282BC6D1B0F8BC3013
:10B02000B0F8B4239B1A1B04BFD4002380F8C530AA
:10B03000FEF7B2FD01460028B7D1E1E70F4B0093C0
:10B0400096E803000E4B0F4AF7F7B8FCE16919B117
:10B0500094F8200001F026FC6068012390F8C620D7
:10B060000521A83008F066FC20B103B0BDE8F0402F
:10B07000F7F79CBC03B0F0BDE418002071A20000FB
:10B08000799C0000DD9A000038B50446084694F823
:10B09000A83313B10C25284638BD94F8C630172BB9
:10B0A000F8D194F8CC3303F0FF05002BF2D199B11D
:10B0B0000A4B5968D1F80833C4F84C312A4601F5D7
:10B0C0009C7301F53E7109F02EFD012384F8A8332D
:10B0D000204609F05FFEDEE70223F7E7E4180020D0
:10B0E00010B50446D0F8BC03E369984204D1D4F803
:10B0F000C023636A9A4214D02388A4F82D3208F042
:10B10000EBFCB4F8C033A4F83132B4F8C233A4F87D
:10B110002F020949A4F83332022204F2232009F055
:10B12000E4F802212046FDF7EBFB002384F8C6304B
:10B13000032384F8C93010BD6D460100054B064A53
:10B140001A65064A5A65064B064A1A65064A5A6542
:10B15000704700BFB8000020C19C0000BB46010042
:10B160006401002095460100DB4C0100054B064AB6
:10B170009A65064A1A66064B064A9A65064ADA65D1
:10B18000704700BFB8000020A737010045810000CC
:10B1900064010020733601008B4C010038B590F833
:10B1A000C5300E3B012B04462DD8B0F8BC30B0F8AA
:10B1B0001E2301339BB29A4225D10388A0F82D3279
:10B1C000D0F8280308F088FCB4F82C33A4F8313206
:10B1D0000025B4F82E33A4F82F020B49A4F833321B
:10B1E00084F82C52022204F2232009F07EF8022176
:10B1F000204684F81C53FDF7E7FB03212046FBF7AC
:10B2000015FE84F8C55038BD6D4601002DE9F041AA
:10B21000DFF8C08004460D46002600F2C5170DB9C0
:10B22000BDE8F081B4F802330133A4F80233B4F876
:10B23000FA300133A4F8FA30204609F0B0FDC8B165
:10B24000D4F8EC30D4F8F02001339342C4F8EC3059
:10B2500004D8A18CD01A0531884202D8012184F883
:10B26000F810934206D3C4F8EC60022241463846F7
:10B2700009F03BF894F8043123B1B4F800310133FC
:10B28000A4F8003194F9083123B1B4F80631013340
:10B29000A4F8063194F8602102F0FF037AB1B4F803
:10B2A000FE300133A4F8FE302046FFF777FFB4F8F4
:10B2B000BC30013D0133A4F8BC30ADB2AFE794F827
:10B2C000C720012104F1A80008F034FB0028E6D1D2
:10B2D000EAE700BF7F490100044B1B7C002B14BF31
:10B2E0004FF405704FF49C70704700BF7019002038
:10B2F000014B1874704700BF7019002070B5104DD5
:10B300000C460621F6F70AFE2B68C3B194F83930D3
:10B31000ABB10C4B1B6823B940F24D210D20F6F761
:10B3200015F89847092180B2F6F7E2FD10B94FF4FD
:10B330001471F3E72B683E21BDE87040184770BDDB
:10B340005802002054020020034B00214FF4805289
:10B350001970A3F801207047B019002070B5064697
:10B36000022014460D4600F0FFF9064B01221A7028
:10B37000054B033CC3F81045C3F80865C3F80455F2
:10B3800070BD00BFB019002000F0004008B50220D9
:10B3900000F0EAF909480A4B0A494FF0010C80F81D
:10B3A00000C000224FF40000C3F80021C3F80421BC
:10B3B000C3F80821C1F8040508BD00BFB01900207A
:10B3C00000F0004000F00140114B1A786AB1114AB8
:10B3D00011494FF40000C2F80805D1F800213AB92C
:10B3E0001021002099705A701870002000F0BCB92C
:10B3F000D1F80421002AF3D0D1F8082112B110218C
:10B400000022EEE7D1F800140122C9B2E9E700BF3B
:10B41000B019002000F0014000F0004008B5124BC8
:10B420001A78587892B1114AC823D2F8001141B164
:10B43000D2F8040120B1D2F80801B0FA80F0400936
:10B4400008BD013B13F0FF03EFD101E0022804D156
:10B4500040F205113B20F5F779FFA0F10100B0FAA9
:10B4600080F0400908BD00BFB019002000F0004086
:10B470000A4B1A787AB10A4BD3F800214AB1D3F8B3
:10B48000042132B1D3F808211AB9D3F80004C0B2AC
:10B490007047102070479878704700BFB01900209F
:10B4A00000F00040024B00221A809A70704700BFE3
:10B4B000B41900202DE9F843044601201D460E462C
:10B4C0009DF820902F4F904600F04EF904F00300B5
:10B4D00040EA054040F08070C7F80405C7F80865E9
:10B4E000294E357109F0E5FE38B9D7F8182522F054
:10B4F000FF0242EA0802C7F81825244B244AC3F881
:10B50000082514F0FB0F05D1224AC3F89825FC3A10
:10B51000C3F89C25B9F1020F2FD81F4B13F809501F
:10B52000B9F1000F20D1174B012CC3F8205506D0DC
:10B530000123022C7370F4700BD9BDE8F88303F576
:10B5400080331649164AC3F89815C3F89C257470C1
:10B55000F4700C4B012200213270C3F80011C3F8C3
:10B5600000121A60BDE8F88309F0C1FE0028DAD1A4
:10B570004FF4EE713C20F5F7E9FE40F2D1113C208A
:10B58000F5F7E4FE00F00040B419002000F001409F
:10B590000000020200F1004074230300501100403B
:10B5A0000CF00040244B5A7810B5002A3BD0234AB7
:10B5B000C2F80C15C2F81005D97801249C70E9B1C5
:10B5C000042913D0197851B31B79023B0021012BB8
:10B5D000C2F8041105D81A480323C0F85011C2F864
:10B5E0001C35184B184AC3F8042510BD00211C70E7
:10B5F000C2F80411C2F80042146010BD1B78BBB140
:10B60000104BC2F804114FF40030C3F80405D2F80F
:10B6100000110029E9D05460C3F8080510BDFE21CF
:10B620003C20F5F793FE40F201213C20F5F78EFE19
:10B63000EB213C20F5F78AFEB419002000F0004011
:10B640000010004000F0014000000202064B1A7892
:10B650002AB106490648C1F8080500221A700022DE
:10B66000A3F80120704700BFB419002000F001408A
:10B670000000020208B50B4B1B784BB10A4BD3F804
:10B68000042152B1D3F80004003818BF012008BDCE
:10B6900040F267213C20F5F759FE4FF41A713C2027
:10B6A000F5F754FEB419002000F00040F8B5184B2F
:10B6B0001B783BB3174CD4F8043113BB164B022252
:10B6C000C4F804231F691A6942F010021A61D4F801
:10B6D000043107F0100753B9104E4FF40045C6F877
:10B6E000805109F049FED4F80431002BF7D027B976
:10B6F000094A136923F010031361064B0222C3F8B1
:10B700000823F8BD40F273213C20F5F71FFE00BF6F
:10B71000B419002000F0004000ED00E000E100E07E
:10B72000014B01229A60704700F0004008B50B4BB6
:10B730004FF40042C3F88020BFF34F8FBFF36F8FE9
:10B74000074B0022C3F80025C3F80025FFF77EFF52
:10B75000044B4FF40002C3F8082508BD00E100E0E7
:10B7600000F0004000F0014038B5144C0023C4F84C
:10B770000035C4F800350546FFF768FF104B4FF45D
:10B780000002012DC3F8082503D0022D08D085B989
:10B7900038BD0223C4F800350A4BC4F81435F7E766
:10B7A0000321C4F800150749C4F81415C3F804258B
:10B7B000EEE782213D20F5F7C9FD00BF00F0004013
:10B7C00000F00140B9190020074B9B78012B08D0ED
:10B7D000022B05D1830702D4044B01221A61704762
:10B7E00070474207F8D57047C81A00200010004083
:10B7F00008B5144B93F84530D9070ED59A070DD5E7
:10B80000114BD3F8002242F00102C3F80022D3F812
:10B81000503503F0F603022B0FD008BD5B07FCD5B3
:10B820000A4B0B4AC3F8AC2509F0A3FC0028F4D05E
:10B8300040F2D4513E20F5F789FD40F2CC513E2034
:10B84000F5F784FDC81A00200010004000F0014008
:10B850000810004030B52D4A431E83B0044682F8DC
:10B860002400072B48D8DFE803F0423D473847471C
:10B870004704274B0520C3F81005264B244D5B5C7D
:10B8800092F92520C5F8083501F07F03C5F8543535
:10B89000204601AB01F0BAFC9DF9040001F016FC52
:10B8A0000DF1050001F090FD58BB09F047FD90B186
:10B8B0004FF08052D5F88835D2F820231449022C55
:10B8C0000CBFC2F30662C2F3062223F4FE4343EA2E
:10B8D0000223C1F8883503B030BD0D4B0620C3F8F4
:10B8E0001005CAE70A4B0420C3F81005C5E7084B4A
:10B8F0000320C3F81005C0E740F674513E20F5F769
:10B9000025FD40F29D513E20F5F720FDC81A00208C
:10B91000001000407823030070B54E4E431E82B0E5
:10B92000044686F82400072B00F28F80DFE803F03E
:10B93000574D8D528D8D8D04474B0522C3F8102530
:10B94000464A454B525CC3F8082501F07F02C3F814
:10B9500054257378012B63D03F4DD5F80032FF2278
:10B9600043F4887386F84820C5F8003209F0B6FC25
:10B9700018B314F00C0244D00122C5F80423D5F802
:10B980003C3786F8472023F0004323F0FF0343F0C1
:10B99000004343F07D03C5F83C37D5F87C3786F883
:10B9A000462023F0004323F0700343F0004343F0AC
:10B9B0006003C5F87C37EA632A64204601F00AFC7C
:10B9C00009F0BCFC80B102B070BD234B0422C3F867
:10B9D0001025B5E7204B0622C3F81025B0E71E4B13
:10B9E0000322C3F81025ABE709F0B7FC0028EAD121
:10B9F000194AD2F8683543F4C023C2F8683502B05A
:10BA000070BDD5F83C3786F8472023F00043C5F8D1
:10BA10003C37D5F87C3723F00043C5F87C37CCE7BA
:10BA200096F92520F07801AB01F0F0FB9DF90400B8
:10BA300001F04CFB0DF1050001F0C6FC00288BD095
:10BA400040F29D513E20F5F781FC40F674513E20B6
:10BA5000F5F77CFCC81A0020001000407823030092
:10BA60001B4B10B560220021184605F053FB45F62C
:10BA7000FF72A0F8482009F001FC10B909F007FC9A
:10BA800060B114482422FF2105F044FB4FF08043AD
:10BA90000022C3F8082EC3F8102E10BD09F000FCD8
:10BAA0000028EED109F01AFC78B909F00EFC044622
:10BAB00058B908483822FF2105F02CFB4FF080438D
:10BAC000C3F8084EC3F8104E10BD02484022DAE712
:10BAD000C81A0020000E0040962808B507D8064B6B
:10BAE00095288CBF002201221A70188508BD40F2EB
:10BAF000F3113E20F5F72AFCC81A0020024B185C0F
:10BB000000F51660704700BF78230300014B93F8DF
:10BB100038007047C81A0020014B186B704700BFEF
:10BB2000C81A0020014B586B704700BFC81A00208C
:10BB300008B5154B013983F8440007291AD8DFE806
:10BB400001F01715190419191904104A104B40F087
:10BB5000007040F44030C3F81425C3F81805D3F83A
:10BB6000503503F0F703032B09D008BD094AEDE770
:10BB7000094AEBE740F2F3213E20F5F7E7FB40F2FC
:10BB80000B313E20F5F7E2FBC81A00200801906354
:10BB9000001000400801100108011000224BD3F8EA
:10BBA000002222F0020242F4801210B5C3F80022F3
:10BBB0001E4C1F4AC4F8A02502F5DE421C32C4F810
:10BBC000A4254FF48022C4F804250278032A26D144
:10BBD000012919D0D3F814451649427824F4702469
:10BBE000C3F81445086A02F03F0242F40C3240F0F8
:10BBF000030042F420720862C3F80009C3F8102958
:10BC0000012381F85C3010BDD3F81415427821F47B
:10BC1000702040F400200749C3F81405E2E74FF410
:10BC200058713E20F5F792FB0010004000F00140F3
:10BC30002C110040C81A002008B509F07FFB50B154
:10BC4000054AD2F8743723F0807323F0010343F0E0
:10BC50008073C2F8743708BD00100040464B0222C2
:10BC600070B5C3F88020BFF34F8FBFF36F8F434C85
:10BC700000220123C4F8FC2FC4F8FC3F09F06DFB3F
:10BC800028B1D4F83C3743F48063C4F83C3709F05A
:10BC900010FB60B1394AD2F83C3723F0004323F05F
:10BCA000FF0343F0004343F09603C2F83C3709F02A
:10BCB00045FB40B1314AD2F8403723F47F4343F487
:10BCC000B053C2F840372D4C2D4BC4F8783701F0F3
:10BCD00097FB38B14FF08053D3F83033591C18BF5D
:10BCE000C4F84C374FF010231B6E5A1C0AD023495E
:10BCF000D1F88C251B0403F47F0322F47F02134345
:10BD0000C1F88C351D4A1F4B1F4D40F20316C2F877
:10BD100034650021012440F25B6683F824401987D2
:10BD2000596383F8451083F85C10C2F83865C2F88F
:10BD300030450324C2F8104540F20124C2F85046B1
:10BD400002204FF04064C2F80002C5F804451970A3
:10BD50000949D2F800494FF0960CA3F828C0C1F861
:10BD600080011C621B6E1024C2F80443086013B1EA
:10BD7000BDE87040184770BD00E100E000100040D1
:10BD80002C000089C81A002000F0014038B5036873
:10BD90003D493E4A1C0E1B02C1F82445C1F81C3522
:10BDA0004368C1F83C35037A82F8263090F809C020
:10BDB000837A82F844300CF1FF3107295ED8DFE83E
:10BDC00001F036565D045D5D5D04314D2E4C43F04F
:10BDD000007343F44033C4F81455C4F81835D4F84C
:10BDE000503503F0F703032B31D082F824C0072924
:10BDF0003FD8DFE801F034143E0C3E3E3E04224BB7
:10BE00000521C3F81015C37A82F8253038BD1E4BC2
:10BE10000621C3F81015C37A82F8253038BD1A4BB5
:10BE20000421C3F81015C37A82F8253038BD1649AD
:10BE3000184CC1F8144543F0007343F44033C1F883
:10BE40001835D1F8503503F0F703032B04D140F235
:10BE50000B313E20F5F77AFA012382F824300A4BA1
:10BE60000321C3F81015C37A82F8253038BD0A4D76
:10BE7000ACE740F674513E20F5F768FA40F2F32142
:10BE80003E20F5F763FA00BF00100040C81A0020FA
:10BE9000080190630801100008011001014B83F8AC
:10BEA00025007047C81A0020034B020E0002C3F899
:10BEB0002425C3F81C05704700100040014B83F88F
:10BEC00026007047C81A00202DE9F041604D95F812
:10BED0004530DB0786B040F1AB8000280CBF042260
:10BEE0000222002304460E468DF804208DF8063009
:10BEF00001F05AFC01284FF0FF3088BF00208DF878
:10BF0000050001A805F072F9002840F08C8095F832
:10BF10004530DFF8488143F0020385F84530D8F812
:10BF2000003201273B4385F85D70C8F80032002CD1
:10BF30003CD0012C58D0474B2A8DDF64952AD3F88A
:10BF40004C357FD8B4FA84F401A8022364098DF833
:10BF500004308DF8054005F0BFF90DF1030005F040
:10BF600051F9002869D1AA789DF80330012A18D028
:10BF7000022A11D183F00203C3F3400385F85E3037
:10BF80003BB13549354B4FF460100122C1F808052B
:10BF90001A6106B0BDE8F08185F85E0006B0BDE824
:10BFA000F08183F00403C3F38003E7E795F82610DC
:10BFB0003046FFF74FFC274B2A8DAF70952AC8F803
:10BFC0000070DF64D3F84C35BCD92548254983601F
:10BFD0002833C36001F0E0F901300128B2D940F202
:10BFE0000F713E20F5F7B2F995F826103046FFF7AD
:10BFF00093FC0223AB702A8D164BC8F80440952A97
:10C00000DC64D3F84C359DD9154816498360293333
:10C01000C36001F0C7F90130012893D940F21C71C7
:10C020003E20F5F793F940F6B2213E20F5F78EF960
:10C0300040F23C713E20F5F789F940F6D4213E20CC
:10C04000F5F784F94FF4E4613E20F5F77FF900BF7E
:10C05000C81A00200080004000F00140001000409D
:10C06000340000200C24030070B582B005F04AF9BA
:10C0700005F06AF9504A514BD2F8046310240221AA
:10C08000C2F80843C2F800124FF46021C3F8081543
:10C09000D2F850354A4C0021DBB2054606F01006B6
:10C0A00084F84510002B51D1238D952B04D9A3780A
:10C0B000012B76D0022B6AD03F4B0022C3F810210F
:10C0C000D3F83C1784F8472021F000412271C3F8CF
:10C0D0003C17D3F87C1721F00041C3F87C1794F883
:10C0E0005C102280A270E9B184F85C20D3F80022B1
:10C0F00022F4801242F00202C3F800222F4A4FF4C9
:10C100008021C2F80815D3F8142522F47022C3F850
:10C110001425226A22F00302C3F800292262294A68
:10C12000C3F810291EB1244B1022C3F8042315B103
:10C13000214B01221A6194F85E302BB11E4A012175
:10C140000023116184F85E3002B070BDFF238DF8CA
:10C1500007300123C2F8101113619DF807304BB965
:10C160000CE09DF80730013BDBB28DF807309DF8FD
:10C1700007301BB1D2F81031002BF2D09DF80730F8
:10C18000002B91D140F666013E20F5F7DFF801F073
:10C1900015F9013001288FD940F67D013E20F5F7D1
:10C1A000D5F801F005F90130012885D940F677016D
:10C1B0003E20F5F7CBF800BF0010004000F0014032
:10C1C000C81A0020803202002DE9F0439B4C94F8FD
:10C1D000453043F0020387B00F4684F845300646E9
:10C1E000002840F0878004230DEB03098DF804300C
:10C1F0008DF8060001F0D8FA01284FF0FF3088BF13
:10C2000000208DF80500484604F0F0FF002840F0BB
:10C21000D780012594F8261084F85D503846FFF742
:10C2200019FB2378A570AB4206D18549D1F80022CD
:10C2300042F00802C1F80022824A834802EB47021A
:10C240004FF48011B2F8AC50E26B05F5FA7542F488
:10C250008012E263A0FB05257C4AAD09C2F80415F3
:10C26000002B66D194F8453043F0020384F8453042
:10C27000FFF7BEFA08F07DFF8046002868D103F082
:10C280002DF8002E724B039008BF012200F5A87014
:10C2900018BF00228DF8048002938DF8052053F812
:10C2A0002030049348465AD1DFF89881664A08EB5B
:10C2B0004707B7F8AC3003F51673A2FB03239B09BD
:10C2C000059305F009F8238D952B7ED80DF1030019
:10C2D00004F098FF002840F0A680A2789DF8033073
:10C2E000012A68D0022A52D084F85E00284607B09E
:10C2F000BDE8F083002302258DF804508DF8063048
:10C3000001F052FA01280DF104094FF0FF3088BF07
:10C3100000208DF80500484604F068FF00284FD142
:10C3200001239E4284F85D3060D023780546002BBF
:10C3300098D0012B9CD194F8453043F0040384F845
:10C340004530FFF755FA08F014FF8046002896D0D4
:10C35000FFF78AFE0025284607B0BDE8F0832823B2
:10C36000059304F0B9FF238D952BAFD9012E5FD132
:10C37000384839492923C0E9028301F013F8013014
:10C380000128A3D940F21C713E20F4F7DFFF83F0AF
:10C390000203C3F3400384F85E30002BA6D02B4980
:10C3A000274B4FF46010C1F80805012228461A6196
:10C3B00007B0BDE8F08383F00403C3F38003EAE72A
:10C3C00040F6B2213E20F4F7C1FF2248282308F1AD
:10C3D00094018660C36000F0DFFF013001287FF622
:10C3E00075AF40F20F713E20F4F7B0FF94F82610BD
:10C3F0003846FFF791FA2378A570012B06D1104932
:10C40000D1F8002242F00402C1F80022E26B42F4AB
:10C410000012E2630D4A4FF40011C2F804152925F9
:10C42000002B86D11EE740F6D4213E20F4F78EFF84
:10C430004FF4E4613E20F4F789FF00BFC81A0020E2
:10C440000010004078230300D34D621000F001403B
:10C4500000800040340000200C2403002DE9F0434C
:10C460000D4687B017460646002839D104230DEB48
:10C4700003088DF804308DF8060001F095F90128C5
:10C480004FF0FF3088BF00208DF80500404604F0D3
:10C49000ADFE002840F00D81A34C4FF0010994F847
:10C4A000261084F85D903846FFF7D4F9227884F896
:10C4B00002904A4500F0E2809C4B9D4903EB470304
:10C4C000B3F8AC3003F5FA73A1FB0313A5EB931596
:10C4D000002A40F0F380974B974AC3F8AC2531E02F
:10C4E00000234FF002098DF804908DF8063001F01A
:10C4F0005BF901280DF104084FF0FF3088BF0020E0
:10C500008DF80500404604F071FE002840F0D1800F
:10C510000123854C9E4284F85D3040F0FB8094F806
:10C5200026103846FFF7F8F9237884F80290012B9B
:10C5300000F0A480293D002B40F0C0807D4B7F4A55
:10C54000C3F8AC257E4B7B4AC3F840557D49C2F801
:10C55000A815A3F5E0431021C3F80413E36B43F4DB
:10C560000023E3634FF40023C2F8043594F8453008
:10C5700043F0020384F84530FFF73AF9704B01228B
:10C58000DA64D3F84C25AA4264D20293002E4FF00D
:10C5900000038DF80430039308BF012304958DF840
:10C5A000053026D1614E624A06EB47074046B7F890
:10C5B000AC3003F51673A2FB03239B09059304F02B
:10C5C0008BFE238D952B00F28E800DF1030004F07D
:10C5D00019FE002840F09980A2789DF80330012AC6
:10C5E00033D0022A20D084F85E00012007B0BDE8D5
:10C5F000F08328234046059304F06EFE238D952B8F
:10C60000E3D9012E40F08B804F48504905F12903B2
:10C61000C0E9025300F0C6FE01300128D5D940F22E
:10C620001C713E20F4F792FE83F00203C3F3400333
:10C6300084F85E30002BD8D03E493F4B4FF4601059
:10C640000122C1F808051A61CFE783F00403C3F3A0
:10C650008003EDE7374A0025C3F84055C2F8AC55D2
:10C66000E36B4FF4002123F40023E363C2F80815C1
:10C67000FFF7FAFC284607B0BDE8F083304B2D4A9F
:10C68000C3F840552F49C2F8A815A3F5E04310217F
:10C69000C3F80413E36B43F40023E3634FF4002374
:10C6A000C2F8043594F8453043F0040384F845306B
:10C6B00062E740F6B2213E20F4F748FE204B1D4AC7
:10C6C000C3F840551F49C2F8A815A3F5E04310214F
:10C6D000C3F80413E36B43F40023E3634FF4002334
:10C6E000C2F8043548E7184805F1280306F194011B
:10C6F000C0E9025300F050FE013001287FF665AF1B
:10C7000040F20F713E20F4F721FE40F6D4213E2086
:10C71000F4F71CFE40F2E9713E20F4F717FE4FF4E7
:10C72000E4613E20F4F712FEC81A002078230300CB
:10C73000D34D621000F00140001000400410004092
:10C740000080004040810040340000200C240300A1
:10C75000014BC3F83C0570470010004010B504467B
:10C76000074804F055FD28B994E80F00054C84E80B
:10C770000F0010BD40F6E6013E20F4F7E7FD00BFD4
:10C78000C9B700002C1B002008B5174B174993F8B8
:10C790004520C1F8040542F0010C1864900783F8A5
:10C7A00045C00CD5D1F8003243F00103C1F8003286
:10C7B000D1F8503503F0F603022B0FD008BD530714
:10C7C000FCD50B4B0B4AC3F8AC2508F0D2FC002873
:10C7D000F4D040F2D4513E20F4F7B8FD40F2CC51F1
:10C7E0003E20F4F7B3FD00BFC81A0020001000403F
:10C7F00000F001400810004038B5144B5A6B8242DB
:10C800001ED2134901244C64D1F844251C7605320C
:10C810008242D86105D30F4BD3F8042102B91C61C1
:10C8200038BDDA6B0C4C0025C1F8445142F480024B
:10C83000C1F844054FF48001DA63C4F8041538BD2B
:10C8400040F6F7013E20F4F781FD00BFC81A002032
:10C85000008000400010004000F0014010B50F4C77
:10C8600094F839C094F838100222BCF1010F034645
:10C870002276208D94F824200BD000F08BFCE06110
:10C88000636B074A00210344C2F84411C2F84435DF
:10C8900010BD00F061FCE061F2E700BFC81A0020A3
:10C8A00000800040C30003F1804303F5F83310B467
:10C8B000084A094CC3F81025012202FA00F0E26B85
:10C8C000C3F81415054B0243E2635DF8044BC3F84B
:10C8D0000405704704110040C81A002000F0014010
:10C8E000044BC3F86005D3F8002242F04002C3F8BD
:10C8F0000022704700100040054BD3F800220021B1
:10C9000022F04002C3F80022C3F86015704700BF50
:10C9100000100040044BD3F84835024603F07F0373
:10C920005B420120137070470010004070B5324E1A
:10C93000338DF170952B8CBF0022012286B03270AE
:10C94000044608BB01227270B278022A30D096F8F1
:10C95000242001AD29492A4801EB4201B1F8C02049
:10C9600002F2E732A0FB021203EB9212B4FA84F453
:10C970000123640928468DF804308DF805400292A1
:10C9800004F0AAFC06B070BD0222727001ADB1784D
:10C9900096F824200229DDD11849194801EB8201BB
:10C9A0000A6F02F2E732A0FB0212A3EB9212DDE75C
:10C9B00001AD96F925202B46084696F8261000F082
:10C9C00025FC9DF9040000F081FB0DF1050000F04D
:10C9D000FBFC58B90B4AFF2386F84830D2F80032E6
:10C9E00043F48873C2F80032338DD0E740F29D5192
:10C9F0003E20F4F7ABFC00BFC81A002078230300E8
:10CA0000D34D621000100040024B0022C3F84025B5
:10CA1000704700BF00800040034B93ED147B9B6D7B
:10CA200080ED007B0B607047C81A00202DE9F043B1
:10CA30003B4B3C4C0125DD6485B0D3F84C6503F0DD
:10CA4000A7FC94F8463020650022C4E91526002B87
:10CA50007AD0354BD3F80401D3F81011002969D1ED
:10CA6000002840F0C681D3F80021002A00F05D8242
:10CA7000FF22C3F800015D610292029A2AB908E020
:10CA8000029A013A0292029A1AB1D3F81C21002AA2
:10CA9000F6D0029B002B00F0EE82234B94F8491055
:10CAA000D3F8482502F07F029142C0F098821E4BD5
:10CAB00001210020C3F81C0184F84820C3F80813A2
:10CAC00019649963164B184901228020C1F80403A8
:10CAD0001A64D3F84025D3F8445502F56A52183247
:10CAE000954240F20F82D3F84025E06B02F51C52CC
:10CAF000103240F40020E06301F5F031C3F8402526
:10CB00000A480B4A0025C3F840514FF40023C1F8EE
:10CB1000A805C1F8AC25C1F8043505B0BDE8F0831F
:10CB200000800040C81A00200010004040810040F2
:10CB3000141000408021C3F80813B44B4FF40021B7
:10CB4000C3F8081584F84620238D952BA37840F26E
:10CB50000881012B00F0FE80022B00F02082AB4AFE
:10CB6000E16BC2F808150022A949E26384F8452068
:10CB7000D1F80022257E22F48E7222F00102C1F843
:10CB80000022002D40F00081A14BD3F81031002B82
:10CB900040F056819E4BD3F80421003A18BF012281
:10CBA0008DF80C200022C3F8002103A8C3F80C2143
:10CBB000C3F81021C3F80421C3F81421C3F81821C5
:10CBC000C3F80821C3F86C2104F0B0FB10B145F0A4
:10CBD0001005EDB28F4B0022C3F8442105F0180276
:10CBE000102A00F0E4808B4BD3F84875D3F8443515
:10CBF000236394F839306763022B00F0EA80A3784E
:10CC0000022B00F0E68094F824106378A27884F870
:10CC1000381084F83920002B00F06E8115F0110FC8
:10CC200040F0B381207994F80080B3F1010918BF76
:10CC30004FF00109002800F0F5807748FFF7A6F8CB
:10CC400061690023B8F1010F2380A370237105D11E
:10CC50003B368E4200F2438184F80080E2784846F9
:10CC6000FFF7FCFB0026002800F00A8294F85C30F5
:10CC7000FBB1674BD3F8002222F4801242F002028B
:10CC8000C3F80022614A4FF48021C2F80815D3F896
:10CC9000142522F47022C3F81425226A22F003021C
:10CCA000C3F8002922625D4AC3F81029002384F8E2
:10CCB0005C30EF0700F11081A80700F1EB8015F060
:10CCC000280F06D085F02001E36EC1F340113046F5
:10CCD000984715F0100501D0236F9847A378022BD1
:10CCE00018D1237EB3B1022B00F09681012B40F0C6
:10CCF000D181E369626B934240F2C781454AC2F831
:10CD00004435E36B414A43F480034FF48001E3630D
:10CD1000C2F8041504F082FA002874D1002D72D0F4
:10CD20000190019B01330193019B013300F0AD8021
:10CD3000374AD2F8503503F0F703042B00F09E80F9
:10CD4000374B00200221C2F81001C3F8801105B052
:10CD5000BDE8F08300F02CFB0130012800F2818156
:10CD6000A3782A4AE16BC2F808152948217E0022DF
:10CD7000E26384F84520D0F8002222F48E7222F07B
:10CD80000102C0F8002229B1224AD2F84411003928
:10CD900018BF0121012B00F0A780022B54D01C4B9F
:10CDA000D3F810310025002B3FF4F4AE48E0A27810
:10CDB000012A7FF418AFD3F84875D3F844352363BC
:10CDC00094F83930676345F02005022BEDB27FF40B
:10CDD0001AAF94F82410042902D008297FF415AF63
:10CDE0000B4BD3F8143413F0060F0CBF08210421A9
:10CDF0000BE7064A8020C3F808034FF40023C2F86B
:10CE0000083584F8461005B0BDE8F08300F0014015
:10CE10000010004000800040D01A00208032020044
:10CE200000E100E0208D002A00F02081012B00F0BD
:10CE3000B080012A00F0EC8000F07EF9C11900E713
:10CE400045F01005EDB2A5E6954AD2F80C01D2F8EE
:10CE50000024002806BF00230425062512F0010F38
:10CE600018BF1D4631B105F00B0345F0010543F035
:10CE70000103EDB2002B7FF48DAE85E6019B0133FB
:10CE80000193019B01337FF454AF40F675413E207E
:10CE9000F4F75CFA08F052FA002868D108F05DFA5D
:10CEA000002864D17E4BD3F85034D9015FD51A07DE
:10CEB00005D013F0F00F02D013F4706F57D1784AF9
:10CEC000D2F85414C3F30442012A50D101294ED0A0
:10CED000C3F34253022B4AD8636E9847F9E6704B6E
:10CEE0004646C3F81080C1E66D4BD3F80C51002DB7
:10CEF0003FF44AAE08254DE62380A37023712376C4
:10CF00001E46B3E6674C00224FF40025C3F84025C7
:10CF1000C3F84021C1F80803C4F80855C3F84021FC
:10CF2000C1F80803C4F808556DE7D3F8481594F81C
:10CF30004700C3F81C2101F07F0184F84810002845
:10CF400038D194F84920D3F874358A426BD89AB214
:10CF50000F2A02D9B3F5003F65D3514B01221A6461
:10CF60009A634F4BD3F81C310393039BAAE5226CC1
:10CF700094F8443052789A4241D885F00400C0F3C6
:10CF80008000A36E31469847A3E6FFF76DF80026B0
:10CF90006CE6012A38D000F0A1F8C11951E600F082
:10CFA0000DFA013001287FF6DBAE40F67D013E2010
:10CFB000F4F7CCF994F849008842D2D2D3F83C1760
:10CFC00084F8472021F00041C3F83C17D3F87C27B0
:10CFD00022F00042C3F87C271D649D63C1E7D3F8AB
:10CFE0003C1721F00041C3F83C17D3F87C17002010
:10CFF00021F0004184F84700C3F87C1757E545F05D
:10D000000405EDB20020BCE700F086F8C11918E66F
:10D0100000F072F8C11914E6636BE169224A0B440F
:10D02000C2F844356DE61E4AD2F83C3723F000437F
:10D0300023F0FF0343F00043012143F07D0384F814
:10D040004710C2F83C37D2F87C3723F0004323F076
:10D05000700343F0004343F06003C2F87C3711646F
:10D060007FE740F677013E20F4F770F940F62A0199
:10D070003E20F4F76BF940F67B313E20F4F766F979
:10D0800040F69A213E20F4F761F940F657413E20E0
:10D09000F4F75CF940F656413E20F4F757F900BF2B
:10D0A0000010004000F0014000800040024B03EB04
:10D0B0008000806A704700BF78230300024B03EBB7
:10D0C0008000006F704700BF78230300024BC0B29E
:10D0D000C3F80C05704700BF0010004010B50446AF
:10D0E0000846FFF7EBFF034AA2FB0023A4EB9310D3
:10D0F00010BD00BFD34D6210054B064A33F8113006
:10D1000003F2E733A2FB0323023800EB93107047CE
:10D1100070240300D34D6210054B064A33F81130DA
:10D1200003F57A73A2FB032300EB9310704700BF53
:10D1300070240300D34D621010B504460846FFF773
:10D14000BDFF044A00F2E733023CA2FB0330A4EB2C
:10D15000901010BDD34D621038B50C4D35F811103C
:10D1600005EB82056C69214401F6B7314FF47A74FE
:10D1700004FB001406481D46A0FB04341046FFF7CC
:10D1800095FF0535A4092C44204438BD70240300C4
:10D19000D34D621070B5064608461546FFF78EFF60
:10D1A0000A4A02EB85024FF47A73526902F6B732EB
:10D1B00003FB06230446064A1C1B2846A2FB043434
:10D1C000FFF774FFA4090530204470BD70240300EC
:10D1D000D34D621010B5044608F080F850B10A4AE9
:10D1E000D2F84037082C23F0004304D0042C02D09E
:10D1F000C2F8403710BD23F47F4343F0004343F4AB
:10D200004443C2F8403710BD001000402DE9F04FF4
:10D210002B4C83B007461E460D46904600F0F6F8AC
:10D220002378BB42814602D16378AB422DD07B1E6E
:10D23000072B3CD8DFE803F027393B373B3B3B0467
:10D2400002200DF107034246294600F0E5F8824628
:10D2500090BB28469DF907B0FEF750FC53460246A6
:10D260003146584600F0C2F83288164BA280B27898
:10D2700027706570E07184F8028084F803909A70DA
:10D2800003B0BDE8F08F0020DBE794F9023043459E
:10D29000CDD1E3788342CAD1A288A37994F907005B
:10D2A0003280B370ECE70320CBE70120C9E740F2FE
:10D2B000F9310620F4F74AF83D217520F4F746F8D5
:10D2C0004C0000205000002038B5044600250D70A9
:10D2D000C16D21B1024B186805F0FCF8E56538BD59
:10D2E000441B0020FB2908B504D940F27C412620CC
:10D2F000F4F72CF8014B1860998008BD441B0020FE
:10D3000070B5084E04460025E36A53B1E16AF0683F
:10D310000B68E3620D704D708D70CD7005F0DAF81A
:10D32000F2E770BD781B0020014BD860197470477C
:10D33000781B002080B582B000AF78600B467B8000
:10D340000F4B1B68002B16D10E4A7B6813600D4BE8
:10D350001B68184605F0B1F80346094A1360084BEC
:10D360001B68002B03D123218420F3F7EFFF064A2B
:10D370007B88138000E000BF0837BD4680BD00BF3A
:10D38000A81B0020A01B0020AC1B0020014B1B6829
:10D390001B6818475C020020014B1B689B681847FC
:10D3A0005C020020014B1B68DB6818475C02002010
:10D3B000014B1B681B6918475C020020014B1B686E
:10D3C0005B6918475C020020014B1B685B6A1847C9
:10D3D0005C020020014B1B689B6A18475C0200201E
:10D3E000014B1B68DB6A18475C02002010B4034C39
:10D3F00024686468A4465DF8044B60475C02002022
:10D40000014B1878704700BFFC210020014B187DAC
:10D41000704700BFC01B0020042810B511D883B18D
:10D4200004280CBF10242824A1420AD2064C54F828
:10D43000200018B141568A42A8BF0A461A7000203F
:10D4400010BD6FF01500FBE7C01B002030B5024691
:10D45000114890F91C3093421ADD90F92430934220
:10D4600018DAD31A856A0D4CE85C235693420ED025
:10D470000E3400290CBF0346431CA542D8B206D186
:10D4800029B1013AD2B2012A01D80130C0B230BD6F
:10D490000D20FCE70020FAE7C01B002090260300C7
:10D4A00008B5054B93F91C30984203DAFFF7CEFF1D
:10D4B000024B1B56184608BDC01B002090260300D7
:10D4C00010B51C4C94F82C3073B9012384F82C301F
:10D4D00007F0E6FE48B1184BA362D823236284F814
:10D4E00024300823A361237710BD07F0EEFE002847
:10D4F000F1D107F0F3FE0028EDD107F0B6FE38B108
:10D500000E4BA362D823236284F824300423E9E776
:10D5100007F0B4FE0028F3D107F0B9FE0028EFD1E0
:10D5200007F0C7FE0028EBD14FF4DB71742003F045
:10D53000DBFA00BFC01B0020CB2603009E260300A1
:10D54000014B1879704700BFF41B0020054B1A7976
:10D55000824283BF1B6800EB400003EB00100020F9
:10D56000704700BFF41B002043F60952C0F30803C4
:10D5700002FB03F3400A03F5807302FB00F000EBAB
:10D580005320704743F6095CC0F3080210B50CFB4A
:10D5900002F2C0F34E24030E43EA01230CFB04F015
:10D5A000090E02F580724FEA411C00EB52205A012D
:10D5B000B2EB030E4CEAD36C6CEB01044FEA841C13
:10D5C0004FEA8E12B2EB0E024CEA9E6C6CEB040C2E
:10D5D0004FEACC0C4CEA527CD200D31841EB0C0140
:10D5E000DA03C903801841EA534141F1000110BD3B
:10D5F000430B48F2376C0CFB03F34FEA134C00B5B6
:10D60000104B43F6095E0EFB1C0000FB03F35B0DA1
:10D610000EFB03FE03EB4C230EF5745C0CF1080CBF
:10D62000B0EB5C2F08D80EF5807EA0EB5E20C0B278
:10D630000B6010705DF804FB013300200B6010706C
:10D640005DF804FB6F0C0100F8B5274DA94246D8E0
:10D65000264E274F450F45EAC105A6FB0514C0F32A
:10D660004F31A40B01EB054107FB1411A6FB01513F
:10D67000890B41EA04411F4C04FB110448F2376C4A
:10D68000600B0CFB00F04FEA104C43F6095E1A48A1
:10D690000EFB1C4505FB00F0400D0EFB00FE00EBF1
:10D6A0004C200EF5745C0CF1080CB5EB5C2F12D815
:10D6B0000EF5807EA5EB5E2E5FFA8EFE069D85F848
:10D6C00000E00D0628184FEA112141F10001186011
:10D6D00059601460F8BD01304FF0000EEEE796215E
:10D6E0009B2003F001FA00BFFF7F841E83DE1B43F3
:10D6F000000024F40080841E6F0C0100420B48F2ED
:10D70000376303FB02F2120C43F6095C074B0CFB78
:10D71000120101FB0333013B5B0D0CFB03FC5002C8
:10D72000B1EB5C2F88BF0130184470476F0C0100CB
:10D730001F2810B59FBF054B440103EB4010195142
:10D7400096BF42600020012010BD00BF001C0020D9
:10D7500070B5012504460E4685407AB1002000F0E0
:10D7600075FDE30003F1804303F5F833C3F81005BA
:10D77000C3F81465034BC3F8045570BD014BC3F8DF
:10D780000855FAE700F0014008B5064B93F800246D
:10D79000202A03D13F21022003F0A6F983F83004A8
:10D7A00008BD00BF001C002008B5064B93F80024FC
:10D7B000202A03D14521022003F096F993F828048A
:10D7C00008BD00BF001C002010B5094A92F80034C3
:10D7D000202B03D15021022003F086F9590102EBDE
:10D7E0004313BDE81040525858680421104700BF49
:10D7F000001C002008B501B3F0B14FF0FF331A460A
:10D80000E0FB01320E498A4203D971216D2003F0F9
:10D810006BF9180D40EA0230C3F30F134FF22441A5
:10D82000B0FBF1F203EB0040064B03FB1200B0FB30
:10D83000F1F040EA0240013008BD0846FCE700BFB5
:10D840003F420F00000024F4014B9888704700BF4E
:10D850003C200020014B5888704700BF3C2000202E
:10D8600010B5EFF3108472B6064A93790133DBB238
:10D8700093719379012B01D107F097FC04B962B63B
:10D8800010BD00BF3C20002070B50C4C267866B956
:10D890000125A0602570FFF7E3FF00F075FA30B9AD
:10D8A0004FF080432573C3F80453002070BDA36874
:10D8B000002BFAD09847A660F7E700BF3C20002075
:10D8C00038B5FFF7CDFF00F05FFA094C4FF0804507
:10D8D00040B107F057FC01232B610423637300233D
:10D8E000A37338BD032363730123C5F80433F6E73C
:10D8F0003C20002010B5EFF3108472B60A4B9A79E1
:10D9000022B94FF496716D2003F0EEF89A79013A3E
:10D91000D2B29A719A791AB9DB7B0BB900F022FA6C
:10D9200004B962B610BD00BF3C20002008B5054B0D
:10D930001A7822B100221A731A70FFF7DBFF002059
:10D9400008BD00BF3C200020024B587B003818BFA8
:10D95000012070473C20002073B51B4D2B7F63B91D
:10D96000286A00F0030007F03AFC30B1EFF31083AF
:10D9700072B66A7B1AB103B962B602B070BD0122F9
:10D980006A7303B962B64FF080430822C3F80823D4
:10D990004FF42073ADF80630BDF80640A4B2631E04
:10D9A0009BB2ADF80630002CF6D14FF08046074808
:10D9B000C6F80C4107F03BFC85F82540FFF780FFD7
:10D9C0000823C6F80433D8E73C200020602000205C
:10D9D0002DE9F041384C94F82630002B69D04FF0F7
:10D9E0008043D3F80071D3F8046157B10122C3F822
:10D9F0000823237B2BB1A368002525730BB198471F
:10DA0000A5604EB14FF080430022C3F804210222EA
:10DA1000C3F80823FFF7A0FF4FF080462748D6F849
:10DA20000C8194F82550EDB207F005FC20B140F2CE
:10DA3000C5116D2003F058F847B1637B032B05D166
:10DA40000423637307F09EFB01233361B8F1000FD9
:10DA500016D04FF080430022C3F80C21637B042BC7
:10DA600002D040F2D711E4E707F05CFCC0B14FF000
:10DA700080430022C3F8342C02236373FFF73AFF7C
:10DA80004DB1002384F82530637B022B01D1FFF7D1
:10DA900017FFFFF72FFFBDE8F041084807F0DABB9A
:10DAA00007F007FC0028E2D107F018FC0028DED1BF
:10DAB000E2E7BDE8F08100BF3C20002060200020AC
:10DAC00010B5044C206A00F0030007F088FB002822
:10DAD000F8D010BD3C200020F8B5054650B10278C2
:10DAE000042A07D8437842B9013B1F2B02D8837818
:10DAF000212B07D96FF0150076E0002BFAD183783F
:10DB0000002BF7D1814B0127C3F88070BFF34F8FF3
:10DB1000BFF36F8F4FF08046C3F880717C4C4FF09D
:10DB2000FF33C6F808330023C6F80031C6F80431C5
:10DB3000C6F80C31A371AB88A38007F03BFB08B19A
:10DB40002770A771D6F80C24D6F80C34D20303D56D
:10DB5000DF0701D500F012F940F2F55363802B780E
:10DB6000A9782377002222622174A273042B4ED855
:10DB7000DFE803F005033B494B000123236207F074
:10DB800020FB00284ED007F023FB236A03F0030399
:10DB9000984247D1AB79002B3ED1FFF791FF237C10
:10DBA0006BB12B785BB900F0EFF8054603F04AF84B
:10DBB0006FF00043002D00F0A580C4E905034FF08D
:10DBC0008043D3F80C24D3F80C34D20303D5DB07FD
:10DBD00001D500F0D3F84D4A01230020607384F88A
:10DBE0002630C2F880311360F8BDFFF739FE4FF0E0
:10DBF0008043D3F80C14D3F80C24CE03F9D5D00706
:10DC0000F7D50223BAE7434BB8E7434BB6E740F2F8
:10DC100016316D2002F068FF4FF080430222C3F8F6
:10DC20000423BCE74FF080430122DA600022C3F8EE
:10DC30000421226AC3F8182507F017FB10B34FF030
:10DC400080534FF08042D3F84432C3F34233C2F8DA
:10DC50003C3507F00AFB10B34FF080430122C3F8B4
:10DC60004C254FF0804301229A600222C3F804231E
:10DC7000AA79002A93D1D3F8042391071CD440F247
:10DC8000CD21C6E707F0FAFA0028D8D107F0FFFA4D
:10DC90000028D4D107F00DFB0028D0D1D9E707F038
:10DCA000EDFA0028D8D107F0F2FA0028D4D107F015
:10DCB00000FB0028D0D1D4E7184A1669116941F059
:10DCC00010011161D3F8043106F010060BB907F00A
:10DCD00055FB4FF08047D7F8043183B1FFF7F0FED2
:10DCE00026B90E4A136923F0100313614FF08043E5
:10DCF0000222C3F808230022C3F804214FE707F0EB
:10DD00003BFBE8E7C4E9053059E700BF00E100E06C
:10DD10003C200020010002000100030000ED00E0B3
:10DD200010B50D4C04F1240007F085FA48B9637B67
:10DD3000022B01D1FFF7C4FDBDE81040074807F0F2
:10DD400089BA074A012384F82530BDE81040C2F89B
:10DD50000031FFF785BD00BF3C200020602000207F
:10DD600000E100E04FF08042012353600023C2F83D
:10DD70000031014A1370704763200020014B0122DB
:10DD80001A707047632000204FF08043D3F80031B1
:10DD900023B9034B187800F0010070470120FAE71F
:10DDA00063200020094B4FF0FF32C3F80823002204
:10DDB000C3F84025C3F84021C3F84425C3F84421E3
:10DDC000C3F84825C3F84821704700BF00800040D1
:10DDD000084B1B785BB101234FF40031064AC2F8AF
:10DDE0004813C2F808130BB9C2F8403170474FF41A
:10DDF0004031F3E76820002000B0004070B5EFF339
:10DE0000108472B6094A0A4B0025D2F80415D2F8DC
:10DE100004612EB1596801315960C2F80451F4E728
:10DE20005B6804B962B6C0E9001370BD00B0004081
:10DE300068200020032808D90438C0B2044B8000B1
:10DE40001858003818BF012070470120704700BFE4
:10DE500040B10040074BD3F80435C01A20F07F4092
:10DE6000884205D3B0F5000F8CBF02200020704718
:10DE70000120704700B0004001282DE9F041044620
:10DE8000884604D94FF4F5716C2002F02DFE810014
:10DE90000E4F0F4B4FF4803585400026C7F80853CE
:10DEA0004046C7F848535E500221FFF7D3FF58B9E8
:10DEB00004F5A87447F824800AB1C7F80453C7F8DA
:10DEC00044530120BDE8F0813046FBE700B000403C
:10DED00040B1004008B5054A9068022120F07F401B
:10DEE000FFF7B8FF0128F7D008BD00BF6820002069
:10DEF0000F4B4FF40062C3F88020BFF34F8FBFF386
:10DF00006F8FC3F880210B4B01225A609A60D3F8BF
:10DF10000425002AFBD10849C3F80813C3F84813A5
:10DF2000C3F84021C3F84421C3F80421704700BF5F
:10DF300000E100E000B000400200030008B50A4B19
:10DF40004FF48072C3F88020BFF34F8FBFF36F8F01
:10DF50000649C3F8802101204860FFF723FF044BE6
:10DF6000086100221A7408BD00E100E00080004052
:10DF70006820002010B5254C0023FF224FF0FF3110
:10DF80004FF0FF30C4E90201237062746360FFF751
:10DF9000D5FFFFF7ADFF1E4B4FF400621A606169B9
:10DFA0001C4A51B9012313601A4B4FF48272C3F813
:10DFB00044230222C3F8042310BD174B1748C3F8AB
:10DFC000A805C3F8AC15C3F85C294FF40022C3F8C8
:10DFD0000425134A0521C2F8401501211160D2F829
:10DFE00040110029FBD04FF40021C3F8081501218E
:10DFF0005160D1600021C2F84011C2F84015C3F849
:10E00000A815C3F8AC15C3F8AC15CDE768200020FF
:10E0100000E100E000B0004000F00140408100401D
:10E0200000800040F8B52D4C2778012F05460E469C
:10E0300005D1D4E902238B4208BF824248D0284B45
:10E040004FF04042C3F80825FFF7C2FE002225F03A
:10E050007F411046FFF710FF00283AD00FB1FFF7BD
:10E0600039FF002301276374A761FFF767FF1D4B8A
:10E07000D3F8042522F00302C3F80425D3F80825B9
:10E0800022F0030242F00202C3F80825102292FA9D
:10E09000A2F2B2FA82F2092A04DD134840F2913169
:10E0A00002F018FDC3F81025DF60A269C3F8002252
:10E0B0000E4B4FF48072C3F880211A60084B4FF06A
:10E0C0000042C3F80425C4E9025604236370277094
:10E0D000F8BD40F20E316C2002F006FD68200020F1
:10E0E00000F0014000800040176A030000E100E0FA
:10E0F0002DE9F0411E4C94F80080B8F1020FD4E9EC
:10E10000022305460E4605D18B4208BF82420AD142
:10E11000BDE8F0818B4208BF824204D14FF44771C1
:10E120006C2002F0E1FC237C13B94FF44871F7E74F
:10E13000104F4FF040430022C7F8083525F07F41CB
:10E140001046FFF799FE78B1B8F1000F01D0FFF744
:10E15000C1FE4FF08043C7F80435042363700223E7
:10E16000C4E902562370D3E74FF44B71D8E700BFE0
:10E170006820002000F00140014BD3E90201704704
:10E1800068200020014BD3F80405704700B0004020
:10E1900013B56846FFF732FEDDE90004FFF7E4F946
:10E1A000024B0021E4FB030102B010BD0080841E7D
:10E1B0002DE9F041224CFFF70BFE2378022B04D00F
:10E1C00040F237316C2002F08FFC07F019F8D4E9E7
:10E1D0000267C21C41F10005AF4208BF964226F01B
:10E1E0007F480ED004214046FFF734FE48B9104660
:10E1F0002946FFF717FF134BA269C3F80022BDE8B9
:10E20000F08102214046FFF725FEA0B90E4A0D49D4
:10E210004FF08043C2F808350123A36160744B605E
:10E22000CB604FF00041C2F804150422C4E9026734
:10E2300062702370DFE70123A36100236374DAE7D0
:10E24000682000200080004000F0014008B520B1A7
:10E2500040F2AF316C2002F047FC014808BD00BF1E
:10E2600040810040032837B508D9041FE4B2012CCF
:10E2700019D940F2F5316C2002F036FC244900F146
:10E28000100201239340C1F8083300F5A87300225F
:10E2900041F823201F4B81005A5053F8203000933F
:10E2A000009B03B030BD1C4D2B789BB16A78824235
:10E2B00010D11A4A4FF04041012BC2F8081501D184
:10E2C000FFF73CFE00232B704FF0FF324FF0FF337F
:10E2D000C5E90223124A4FF48033A340C2F8083341
:10E2E000C2F8483304F5A873022152F82300FFF75F
:10E2F000B1FD012818BF0B4B22B204FA01F41CBF78
:10E3000000211951074B53F822300193019BC8E7B4
:10E3100000800040408100406820002000F0014063
:10E3200000B0004040B1004008B50B4B1A78012AFC
:10E3300005D15878FFF77EFD58B1002008BD022AAC
:10E34000FBD15878FFF776FD0028F6D14FF08040DA
:10E35000F4E74FF00040F1E768200020032838B5CB
:10E3600022F07F41264B044606D90438C0B201286A
:10E3700038D940F2A1310BE0D3E90202B2F1FF3FFC
:10E3800008BFB0F1FF3F06D11A7C22B940F27E31BE
:10E390006C2002F0A9FB1B78022B1AD0194B1A4DE6
:10E3A00004F110020120A40000FA02F2C5F80823CB
:10E3B000185104F1804404F50044D4F84035CB1AD8
:10E3C00023F07F43022B09D9C4F84015C5F8042374
:10E3D00038BDFFF7A9FF4300FBD4DFE70020C4F8F6
:10E3E0004005F5E71A782AB15B78A34202D140F2E2
:10E3F0009D31CDE7BDE838400122FFF73DBD00BFAC
:10E40000682000204080004000800040204A08B57D
:10E41000D2F80433D90312D5D2F840317BB10023AE
:10E42000C2F84031D2F840050221FFF713FD30B1A8
:10E430004FF48033C2F80833042001F0DDFD144AA4
:10E44000D2F804339B0312D5D2F844317BB10023B8
:10E45000C2F84431D2F844050221FFF7FBFC30B189
:10E460004FF40033C2F80833052001F0C5FD084B16
:10E47000D3F8042132B10022C3F80421054A5368BD
:10E4800001335360044B4FF40062C3F8802108BD90
:10E4900000B000406820002000E100E038B5314CB9
:10E4A000637CFF2B5BD023783BB1012B10D123740D
:10E4B000022360782370FFF7D5FE2B4BD3F804239B
:10E4C00010030DD5D3F84C2152B140F23E4104E087
:10E4D000237C002BECD140F252416C2002F004FB73
:10E4E000D3F8042351030DD5D3F8483153B102209A
:10E4F000FFF7B8FE1D4B4FF48072C3F88021022055
:10E5000001F07AFD184BD3F8042392030DD5D3F80C
:10E51000443153B10120FFF7A5FE144B4FF4807234
:10E52000C3F88021012001F067FD0F4DD5F80433B9
:10E53000DB0316D5D5F840319BB10020FFF792FEE2
:10E540000A4B4FF48072C3F880210020FF236374CC
:10E55000A061C5F80002BDE8384001F04DBD0620BD
:10E56000F9E738BD682000200080004000E100E0AD
:10E570002DE9F04F8C4F7C7E04EB44033B4483B089
:10E580005E78202E47D0894BE5B26400002B00F066
:10E590008780874BDFF82092002B5DD006EB451279
:10E5A00007EB420A4FEA45189AF82030013BDBB2EC
:10E5B000052B33D87F4A12F803B0BBF1090F2DD0D9
:10E5C000AFF30080EFF3108372B62C443C449AF80A
:10E5D00021206270A278B24204BF2022A27013B937
:10E5E000AFF3008062B6B044730107EB480809EB53
:10E5F0004616012259F80330706888F820205946E1
:10E6000098477C7E04EB44033B44E5B25E78202EC1
:10E610004FEA4404C2D103B0BDE8F08F40F2C661B6
:10E62000702002F061FA62B6B044730107EB48084B
:10E6300009EB4616012259F80330706888F820204B
:10E64000594698477C7E04EB44033B44E5B25E7830
:10E65000202E4FEA4404DED006EB451207EB420AB7
:10E660004FEA45189AF82030013BDBB2052BD5D88C
:10E67000504A12F803B0BBF1090FCFD0AFF30080BE
:10E68000EFF3108372B62C443C449AF82120627058
:10E69000A278964204BF2022A270002BC4D1C2E708
:10E6A000434BDFF810B1DFF810A14FF02009002B29
:10E6B0004FD006EB451207EB42024FEA451892F89D
:10E6C0002030013BDBB2052BA8D81BF80310092929
:10E6D000A4D0EFF3108372B62C443C4492F821206E
:10E6E0006270A278964208BF84F80290002B52D044
:10E6F000B04407EB480873010AEB461601225AF8AA
:10E700000330706888F8202098477C7E04EB44032F
:10E710003B44E5B25E78202E4FEA4404C9D17AE743
:10E7200062B6B044730107EB48080AEB46160122B3
:10E730005AF80330706888F8202098477C7E04EBF4
:10E7400044033B44E5B25E78202E4FEA44043FF494
:10E7500062AF06EB451207EB42024FEA451892F80A
:10E760002030013BDBB2052B3FF658AF1BF80310FE
:10E7700009293FF453AFEFF3108372B62C443C44A5
:10E7800092F821206270A278964208BF84F8029025
:10E79000002BC6D1C4E70191AFF3008062B6B0444C
:10E7A000019907EB4808A6E7882000200000000038
:10E7B00000000000FC260300001C00202DE9F04FA3
:10E7C000DFF82CA1994601EB41034FF0200E1AF817
:10E7D000034082F800E0744583B000F08680DFF8E3
:10E7E00014B10F46904605460BEB4412D5F800C015
:10E7F00090681369D1681B1841F100019C456B6852
:10E800008B414FEA44161CD3EB89002B54D0D38A9A
:10E81000002B51D1ACEB00030193FFF71BF840F242
:10E8200056339842019B5AD040F2F552904252D052
:10E83000B0F5C67F14BF01220E2293423CDA98F84D
:10E8400000E089F800E095E80D000BEB06011B18CD
:10E85000D1F8088042F100029845CB6893411AD361
:10E86000CB8AA3B1EB8993B9A8EB0008FEF7F2FFBE
:10E8700040F25633984230D040F2F553984228D0B7
:10E88000B0F5C67F14BF01230E23984503DB01209A
:10E8900003B0BDE8F08F5E4489F80040327E2B7CE7
:10E8A0009A421ED904EB47140AEB440494F8214021
:10E8B000202CECD06601C6E704EB47130AEB4303B8
:10E8C00088F8004093F82130202BA6460DD01C4636
:10E8D0008AE73323D9E73322AFE71D23D5E71D228B
:10E8E000ABE7002003B0BDE8F08F89F80040CEE729
:10E8F00088200020001C00202DE9F04F85B00D4637
:10E9000016461F469DF838A0FEF7F8FE2A686B6889
:10E91000861947F10007964277EB030351D3DFF8DE
:10E92000BC8040F2563905E05E4577EB040348D3DE
:10E93000C5E900B40DF10F030DF10E025146284652
:10E94000FFF73CFF00283DD19DF80F3008EB431343
:10E95000D3E902241969DB8A11EB020B44F10004AC
:10E96000002BE1D1EB89002BDED00191FEF772FF85
:10E97000484501992BD040F2F553984225D0B0F587
:10E98000C67F14BF01230E239942CDDAFEF762FF42
:10E99000484520D040F2F55398421AD0B0F5C67FD2
:10E9A00014BF01220E229DF80F3008EB4313996823
:10E9B000DC6812EB010B44F100045E4577EB0403C5
:10E9C000B6D2002005B0BDE8F08F3323DCE71D236D
:10E9D000DAE73322E7E71D22E5E700BF001C00204D
:10E9E0002DE9F04F154692F8008092F80BC0AF7AEF
:10E9F00012891C4687B00023E3602361C4E9003319
:10EA000027749DF8409084F80DC00646A3606361AA
:10EA1000E28184F811800F46B8F1000F49D1FEF76A
:10EA2000B1FDD5E904C2584BC31841F1000E9C4515
:10EA300072EB0E030AD3013E47F1FF37C4E90067CA
:10EA40004FF47A73A36007B0BDE8F08F263041F130
:10EA50000001844572EB0103EDD3288901300021C8
:10EA6000844572EB0103C0F08180BCEB000062EBD7
:10EA7000010104F10C03009303AA04ABFEF7E4FDCB
:10EA8000039B6868E97A2A890233034400290CBF92
:10EA90007A20472013441844FEF730FEDDE90432A3
:10EAA000C01A20F07F40C4E90032A06007B0BDE882
:10EAB000F08F364803A9801A04F10C02FEF798FD86
:10EAC000B4F80EB00DF10B0204A95846FEF790FD04
:10EAD0002F4B1B78202B2CD02E490B69D1E9052117
:10EAE000053342F1000A13EB01084AF1000A6B6892
:10EAF000227B981CEB7AC4F80080002BE389C4F8D1
:10EB000004A0134403440CBF7A2047201844FEF7A6
:10EB1000F5FD3246A0603B462869CDF800902146BD
:10EB2000FFF7EAFE00288ED1C4E9006707B0BDE810
:10EB3000F08F16F1090847F1000ABBF1000FD6D09B
:10EB4000FFF722F90028D2D1FEF784FE40F25633B7
:10EB500098420ED040F2F55398420FD0B0F5C67FE0
:10EB6000C5D116F1160847F1000AC0E740464146F4
:10EB70007FE716F1250847F1000AB8E716F13B08D0
:10EB800047F1000AB3E700BF0040420FFF7F841E39
:10EB900000200020082000202DE9F04F97B01C46EF
:10EBA000CDE904128246FFF7E7FADFF8F4820E4659
:10EBB0004FF08041D8F8A0200123C1F80835054660
:10EBC0000821B448136001EB4412131800EB4417FA
:10EBD000B3F80E9014581A7B0192D3E901B30837A9
:10EBE00008930FCF0DF1380CACE80F0097E8030045
:10EBF0008CE8030024F07F40FEF7B6FC019A09F18F
:10EC000001031344A44A9042034400F21F8293423A
:10EC100000F3DA80002BC0F2D1800793FFF7B4F83D
:10EC20000290B9F1000F40F09980FEF713FE40F218
:10EC30005633984200F0D68040F2F553984200F0E7
:10EC4000CE80B0F5C67F00F0C4800023039300207F
:10EC500003210246B6F1FF3F08BFB5F1FF3F1BD0CD
:10EC6000A54276EB0B03C0F09B802F1B66EB0B03DA
:10EC7000B7F5000F73F1000380F0ED81671B002FE3
:10EC80002B4609DD002A00F0B08098F81810002902
:10EC90000CBF0146002100E05346671EA7EB0303AB
:10ECA0004BF1FF308B420090069752DB029B7BB901
:10ECB000D8E90431B1F1FF3F08BFB3F1FF3F07D0FE
:10ECC0000398E31A6BEB0101834271F100033DD31A
:10ECD000009B0992049AB7EB0A0A63EB02030293C2
:10ECE000FEF7B8FD40F2563C6045029B099A00F0E1
:10ECF000BD8040F2F55C604579D0B0F5C67F14BFA9
:10ED00000B201820824573F1000375D2059B012B5F
:10ED100000F0B480002A40F0AB80B6F1FF3F08BF9E
:10ED2000B5F1FF3F00F0A480009BE91B66EB0303F5
:10ED3000052973F1000080F27481012973F1000349
:10ED400007DA2F4606950096154665E0B9F1000FE3
:10ED5000BED00024204617B0BDE8F08FD8E90423C8
:10ED6000B3F1FF3F08BFB2F1FF3F7FF45EAF002871
:10ED70007FF45BAFFEF76EFD40F25633984200F031
:10ED8000608140F2F553984200F05681B0F5C67F9D
:10ED900000F04D81029B039303211846012259E79D
:10EDA000671B6BEB0603B7F5000F73F10003FFF46D
:10EDB00066AF40F28971702001F096FE03F1F453C2
:10EDC00003F59023079329E703F1614303F5F70364
:10EDD00023E700200D230321039302463AE7322361
:10EDE000039334E71C23039331E7014655E73D20A5
:10EDF000824573F1000389D3B9F1000500993846C3
:10EE000018BF0125FFF70EF9009BB3F1FF3F08BFC4
:10EE1000B7F1FF3F00F02481069B23F07F40231AC7
:10EE200023F07F43013BB3F5000F92D2089B1B19DF
:10EE30001B1A23F07F43B3F5000F8AD8FEF794FB2B
:10EE4000079A164BA2EB000A9A452FD3801A9842D4
:10EE5000C0F0DA80104B9A4524D8984240F20A81DB
:10EE6000C0F1614606F5F706B24620E0272049E7E3
:10EE700000993846FFF7D6F80025C5E7B6F1FF3F01
:10EE800008BFB5F1FF3F00F0FA8006952F460096C7
:10EE90000025C1E7001C0020FF7F841E0040420FB8
:10EEA000882000200AF1F45A0AF5902A5646794B38
:10EEB00093F8283023B909F11E03B34280F2AC80E5
:10EEC000059B012B02D00120FFF7CCF9B9F1000F0F
:10EED0005CD0AAEB090200230120FFF73FFA0028CB
:10EEE00050D0002352461846FFF738FA002849D080
:10EEF000002D6FD1D8E90423B3F1FF3F08BFB2F171
:10EF0000FF3F05D1FEF7ACFC06F07AF9C8E9040131
:10EF100098F81830002B70D109F11902B24280F232
:10EF2000A4800025AAEB02022B460220FFF716FA66
:10EF300030B1D8F8A0301D604FF08043C3F80855B9
:10EF4000089B10934FF0FF304FF0FF31CDE90E4B8F
:10EF5000019B8DF84430CDE90C0100238DF8503031
:10EF6000ADF846900A930AAE0FCE4A4D0FC50FCEAC
:10EF70000FC596E80F00012485E80F00204617B062
:10EF8000BDE8F08F0120FFF76DF9E2E652464B46EF
:10EF90004846FFF7E3F90028F4D0D8E90423B3F199
:10EFA000FF3F08BFB2F1FF3F1CD1002DB0D0039B43
:10EFB000FA1A009B4FF0050063F10003FFF7CEF94A
:10EFC000002861D098F81830002BA5D1012388F8CB
:10EFD0001830A1E7D8E90423B3F1FF3F08BFB2F12D
:10EFE000FF3FE4D0FEF786FC4FF0FF324FF0FF33D7
:10EFF000C8E90423002D8BD0D9E70520FFF732F9AB
:10F00000002388F8183087E7224B93F828304642CF
:10F01000B246002B7FF454AF4FF4FD61702001F035
:10F0200063FD009938461546FEF7FCFFECE60D201F
:10F030001021039001220DE6322035210390012298
:10F0400008E61C201F210390012203E640F23D4107
:10F05000702001F049FD40F28D71702001F044FDF7
:10F0600040F2D471702001F03FFD4FF40161702037
:10F0700001F03AFD40F6B201702001F035FD40F29A
:10F08000FB61702001F030FD40F22921702001F079
:10F090002BFD00BF082000203B4B2DE9F04793F8E3
:10F0A00028303A4DDFF8E880002B00EB400307469C
:10F0B000EC5C14BF002602264FEA4709FFF762F80E
:10F0C0004FF0200C4FEA471E08EB44120EEB0403EE
:10F0D0009168126905EB430A0B1A23F07F439E42A5
:10F0E0000FD8B3F5000F0CD85218121A22F07F4235
:10F0F000B2F5000F05D8BCF1200F0BD12046BDE8BA
:10F10000F0879AF82130202BA4461C46DCD1BCF1B4
:10F11000200FF3D00CEB471309EB070205EB430379
:10F1200015F802E093F82130AB54790174460426B7
:10F130000B1905EB430322469445204683F82060D3
:10F1400093F82140F4D109EB07032B440A4493F8C8
:10F1500002C0BCF1200F5FFA8CF618BF76184F443E
:10F1600018BF05EB460605EB42023D4408BF83F895
:10F1700001E04FF0200318BF86F821E0A87082F864
:10F1800021302046BDE8F08708200020882000209C
:10F19000001C00202DE9F04101EB41034C4DEE5CD9
:10F1A00082B0202E01910C4680464FEA41073DD1A6
:10F1B000484B0BB1AFF3008006F022F8AB7E202B5A
:10F1C0000AD0454BD3E904E210F1020C41F10003EF
:10F1D000E64572EB03032ED3202E0AD04246334677
:10F1E000FFF7DAFC00283BD00220AE7602B0BDE883
:10F1F000F081D5E90423B3F1FF3F08BFB2F1FF3F2F
:10F200001DD12B7E33BB0420FFF72CF806F008F845
:10F21000D5F8A0104FF080422020A87600230120CE
:10F220000B60C2F8083502B0BDE8F0810846FFF770
:10F2300033FF8642BCD0002002B0BDE8F081FEF76B
:10F2400059FB4FF0FF334FF0FF32C5E904232B7E0B
:10F25000002BD8D00520FFF705F800232B76D2E746
:10F260003A1906EB441305EB430315F802E093F853
:10F270002130AB54610173460420CA189C4605EB4B
:10F280004202664592F8213082F82000F5D13B1900
:10F290002B443C4498782028C2B218BF52186144CD
:10F2A00018BF05EB420205EB4101254408BF83F876
:10F2B00001E04FF000004FF0200318BF82F821E07A
:10F2C00085F802C081F8213002B0BDE8F08100BFAE
:10F2D00088200020000000000820002005F09EBFCC
:10F2E0002DE9F04F87B005F08BFFC44E05460F4661
:10F2F00005F096FFD6E90223B3F1FF3F08BFB2F154
:10F30000FF3F05D04FF0FF324FF0FF33C6E9022335
:10F3100096F82830002B00F0F380737F002B00F06C
:10F32000ED80B74CE379002B40F0DE80E81C47F11C
:10F330000001FEF777FE237A002B40F05481DFF8BE
:10F34000C88298F800B00122BBF1200F227200F0B1
:10F350004F812022A37188F80020A276E3713360E8
:10F36000637E03EB43025FFA83F9A25C5B00202A11
:10F37000019308D0DFF894A253010AEB4212517EA8
:10F38000012900F0E280019BDFF884A203EB09076A
:10F3900027444FEA49183D78202D04D04846FFF70E
:10F3A0007BFE8542F7D1BAF1000F01D0AFF30080A8
:10F3B00005F026FFA37E202B09D0D6E9042310F107
:10F3C000020E41F1000C724573EB0C03E3D3202DC8
:10F3D00039D02B460122FFF7DFFB002855D0A57658
:10F3E00008EB0B0304EB430393F82020022A1DD102
:10F3F000019A4A442244062183F820109178CBB226
:10F4000020291CBF434404EB4303D84418BF83F8AE
:10F4100021B0019B08BF82F801B04B44234404EBA8
:10F42000480883F802B0202388F82130019B4B4420
:10F430009946A144FF2299F801306272202B56D1DF
:10F4400007B0BDE8F08FD4E90423B3F1FF3F08BF54
:10F45000B2F1FF3F07D0FEF74DFA4FF0FF324FF009
:10F46000FF33C4E90423237EC3BB0420FEF7FAFE66
:10F4700005F0D6FED4F8A0104FF0804200232020E3
:10F48000A0760B60C2F80835AAE708EB050304EB89
:10F490004303387893F821303B7002460421134629
:10F4A000424404EB42029D4282F8201092F821204F
:10F4B000F5D1B978BB70CAB220291CBF424404EB15
:10F4C0004202434404EB430318BF82F821004FF08B
:10F4D000200208BF787083F821205CE70520FEF742
:10F4E000C1FE00232376C0E7FEF762FE23E7454B0B
:10F4F000187807B0BDE8F04F01F00EBC404C15E79E
:10F500004FF40C71B069FEF775F933697269B1692E
:10F51000023342F100025B1842F10002181842F176
:10F520000002854277EB0203FFF4F7AE364B374A11
:10F530001B78580102EB4313082112585868904772
:10F540004FF43171702001F0CFFAD08A03930DF19E
:10F55000130205A90290FEF74BF898F80020202A24
:10F56000DDE9020313D03269B16912F1050872694D
:10F5700042F1000218EB010842F100029A44DAE974
:10F5800002134145934128BFCAE90282FBE615F107
:10F59000090847F100020028F0D0CDE90223FEF768
:10F5A000F3FBDDE902230028E8D1FEF753F940F22E
:10F5B00056318842039B0CD040F2F55188420DD061
:10F5C000B0F5C67F029AD9D115F1160847F10002AD
:10F5D000D4E715F1250847F10002CFE715F13B0804
:10F5E00047F10002CAE74FF43771702001F07CFA4E
:10F5F00040F2DF21702001F077FA00BF08200020E0
:10F60000882000203820002000200020001C00203E
:10F610000000000070B5124C0D460646FEF750FA89
:10F62000637E04F1200CD9B20CEB831C002302E0B2
:10F630000133202B12D01CF81320D8B2002AF7D1A6
:10F6400003EB4111074A04EB4104590102EB431358
:10F650005650012284F820205D6070BD184670BDB0
:10F6600088200020001C00201F2809D80B494B7E51
:10F6700000EB431301EB430393F82020012A01D050
:10F68000002070474B7E00EB431301EB43034FF028
:10F69000000C104683F820C0704700BF882000206F
:10F6A0000378002B40F018812DE9F04F954A5368FC
:10F6B000C3F308038DB08046002B40F0F980924DD3
:10F6C000924CDFF858924FF0000B24B1002140F229
:10F6D0008240AFF300806F7EFFB285F809B024B19D
:10F6E000002140F28740AFF30080894B7E1C06F07A
:10F6F000010A03EB871E03EB8A1CBEE80F00ACE88F
:10F700000F00BEE80F00ACE80F00BEE80F00ACE849
:10F710000F009EE80F0056468CE80F003FB224B160
:10F72000002140F2FA30AFF3008007EB470706EB09
:10F730004606EB19EA5B9B78AA532E44B37054B18A
:10F74000002140F2FE30AFF3008024B1002140F2EE
:10F750008C40AFF3008005F053FDCDF800A006AB60
:10F76000424606460F46FFF73BF924B1002140F21E
:10F770009340AFF30080674B1B78202B54D0D9F80F
:10F780001020D9F81830DDE906019B18D9F81420AB
:10F7900042F100029842914146D2CDE9063201235E
:10F7A000029324B1002140F29E40AFF300800699FD
:10F7B00026F07F400A1A22F07F42B2F5000F36D8B9
:10F7C000089B5B181B1A23F07F43B3F5000F2ED85C
:10F7D0003B465148CDF800A0324606A9FFF78CF809
:10F7E000029B03B9C0B1DDE906311846FDF7CAFE38
:10F7F000BDF826309DF824609B1903F101034BEB03
:10F800000B02181842EB0101C8E9040124B10021E0
:10F8100040F2B540AFF300806B7A002B7FF455AF18
:10F8200001200DB0BDE8F08F00230293B9E7BDF8C9
:10F8300026A00DF1130205A95046FDF7D9FE354B60
:10F840001B78202B11D0D9F81030D9F81410D9F822
:10F850001820053341F100019B1841F100011F22DE
:10F86000CDE906318DF82420BFE716F1090347F1F1
:10F870000001BAF1000FF2D0CDE90231FEF784FAAF
:10F88000DDE902310028EAD1FDF7E4FF40F256320B
:10F89000904231D040F2F552904228D0B0F5C67F68
:10F8A000DDE90231DBD116F1160347F10001D6E79D
:10F8B000103B59B2002911DB01F1604101F56141B2
:10F8C00091F8000340090028ABD00F4D0F4CDFF832
:10F8D0004C904FF0000BF8E60020704703F00F0348
:10F8E000043B1344187E40090028EED199E716F135
:10F8F0003B0347F10001B2E716F1250347F1000190
:10F90000ADE700BF00ED00E088200020000000000F
:10F91000A8200020002000200040420F08200020E6
:10F920002DE9F04FAF4A536891B0C3F30803834603
:10F930000491002B40F0688108230393049B1B78FB
:10F94000012B00F24C82A84E26B1002140F29C50BF
:10F95000AFF300800023A54C05934FF0010926B1B9
:10F96000002140F2A950AFF30080B9F1000F04D19B
:10F970009F4B0BB1AFF3008062B6657EEDB24FF0E6
:10F9800000036372039B002B40F09E80A84626B1C3
:10F99000002140F2BD50AFF3008005F031FC049A25
:10F9A00000950AAB8246FFF71BF826B1002140F212
:10F9B000C550AFF300800BEB481904EB49094FEA3F
:10F9C000481799F82030013B012B7BD80A992AF07F
:10F9D0007F4AA1EB0A0222F07F4323F00103002BB0
:10F9E00040F0C38008EB4802224407EB0B039078F9
:10F9F00004EB43030421202883F820104FEA480336
:10FA0000C1B200F0A281394404EB410181F821B078
:10FA1000434423445F4404EB470783F802B02023A8
:10FA200087F8213000230593012726B1002140F2F9
:10FA3000CA50AFF300806F4B0BB1AFF30080EFF310
:10FA40001088C14672B6637A002B88D16A4B0DF1DB
:10FA5000280E03EB4B1CBEE80F000CF1080CACE8C1
:10FA60000F009EE803008CE803008FB1039B002B7E
:10FA700000F0EA80059B23B1604B1B78202B00F03F
:10FA80006781637EDB4303F001036376FF236372C8
:10FA9000B8F1000F04D1564B0BB1AFF3008062B642
:10FAA00026B1002140F20160AFF30080002F4AD15F
:10FAB00026B1002140F20D60AFF30080384611B04E
:10FAC000BDE8F08F0027B0E74D4B05F1010A0AF0C1
:10FAD000010A03EB851E03EB8A1CBEE80F00ACE8AD
:10FAE0000F00BEE80F00ACE80F00BEE80F00ACE866
:10FAF0000F009EE80F002DB28CE80F00D0460FFAE1
:10FB00008AF726B1002140F2FA30AFF3008005EB0E
:10FB1000450507EB47076319625B9B78E25327446F
:10FB2000BB7056B1002140F2FE30AFF3008026B129
:10FB3000002140F2B350AFF30080637A002B7FF4D2
:10FB40000EAF554623E7637E03EB43031C44637803
:10FB5000202BADD026B100214FF4C160AFF300805F
:10FB6000284B187801F0D8F8A2E722F07F42B2F5CE
:10FB7000000F3FF637AF0C9B5B18A3EB0A0323F093
:10FB80007F43B3F5000F3FF62DAF0DF127030DF1C5
:10FB9000260229460AA8FEF711FE059000285AD130
:10FBA00008EB480222440423907889F820304FEA79
:10FBB00048032028C1B2434418BFC91923445F44F5
:10FBC00004EB470718BF04EB410183F802B04FF084
:10FBD000200314BF81F821B082F801B087F82130EA
:10FBE000012722E700ED00E000000000882000204F
:10FBF0000000000000000000001C00200020002089
:10FC0000A820002038200020103B59B20029C0F263
:10FC1000948001F1604101F5614191F800335B0985
:10FC20000393002B7FF48AAE744B1B78202B00F0DB
:10FC3000DB80049B1B780393002B3FF484AE40F2DF
:10FC40009551702000F050FFFF236372B8F1000F50
:10FC50007FF426AF1FE79DF826C09DF827E0F44506
:10FC60001AD1BCF1200F00F0A78007EB0C0304EBC6
:10FC7000430393F8213089F82130BC4404EB4C0C49
:10FC800000228CF821B05F4404EB4703059F0592E6
:10FC9000032283F82020C8E6BEF1200F00F0A980DF
:10FCA00007EB0E0304EB4303BCF1200F93F8211084
:10FCB00000F08D8007EB0C0204EB42024FEA480390
:10FCC00092F82100069082F821104FF0050A3A18A8
:10FCD00004EB420201468E45814682F820A092F84C
:10FCE0002100F4D103EB08022244079192F802A00C
:10FCF000BAF1200F5FFA8AFE66D0BE4404EB4E0EC6
:10FD0000069A8EF8212003EB08022244079982F814
:10FD10000290394407EB0B024FF0200E04EB410137
:10FD200004EB4202F44581F821E082F82100A4D1DD
:10FD30004344059A04F803B0A5E703F00F03043B1E
:10FD400013441B7E5B0903936BE782F801B05FE607
:10FD500029460220FFF71EFA00287FF492AE637E48
:10FD600003EB430020440BEB431204EB4202857883
:10FD70000421DFB282F820105A015B00202DE9B285
:10FD80003B4418BF891823445A4418BF04EB41016F
:10FD900004EB420283F802B04FF0200318BF81F851
:10FDA00021B0059F08BF80F801B082F82130B8F17A
:10FDB000000F7FF475AE6EE608EB4803E35C89F84C
:10FDC00021304FEA4803B3E7069951709BE708EBEF
:10FDD00048024FEA4803A05C0690A15475E740F240
:10FDE0009951702000F080FE40F29251702000F096
:10FDF0007BFE40F2D311702000F076FE0020002040
:10FE00002DE9F84F774CDFF8EC8105464FF0010AF9
:10FE100004F1200BB8F1000F04D0002140F21F6064
:10FE2000AFF30080BAF1000F04D16F4B0BB1AFF309
:10FE3000008062B64FF000036372B8F1000F04D087
:10FE4000002140F22460AFF30080667E0BEB861E3B
:10FE5000BEE80F0006F1010909F001070BEB871C52
:10FE6000ACE80F00BEE80F00ACE80F00BEE80F00E2
:10FE7000ACE80F009EE80F00B9468CE80F00B8F11F
:10FE8000000F04D0002140F2FA30AFF3008006EBFF
:10FE9000460607EB4707A319A25B9B78E25327446A
:10FEA000BB70B8F1000F04D0002140F2FE30AFF378
:10FEB0000080637A03F0FF01002B40F08280B8F1EC
:10FEC000000F03D040F22E60AFF3008005EB491322
:10FED00004EB43034FEA491693F82020032A6ED11E
:10FEE00009EB4902A75CBD4275D0202F67D03B4685
:10FEF00001E0202B63D0F21804EB4202194692F87D
:10FF000021309D42F5D1202D59D07319314404EB95
:10FF1000430304EB410193F8213081F82130B8F11B
:10FF2000000F0CD0002140F26730AFF30080B8F131
:10FF3000000F04D0002140F23360AFF300802E4464
:10FF400004EB4606012386F82030B8F1000F04D0F8
:10FF5000002140F23C60AFF30080244B0BB1AFF3C3
:10FF60000080EFF3108A72B6637A002B7FF452AFF1
:10FF7000BD4203D11E4B1B78202B1AD0637EDB437E
:10FF800003F001036376FF2363720124BAF1000FCB
:10FF900004D1154B0BB1AFF3008062B6B8F1000F7E
:10FFA00004D0002140F25E60AFF300802046BDE83F
:10FFB000F88F49460220FFF7EDF80028DED1002433
:10FFC000E4E7B8F1000F3FF42DAF002140F22A60C2
:10FFD000AFF300801EE7202DF1D093F82130A35419
:10FFE0009DE700BF88200020000000000000000006
:10FFF000002000200000000070B506280ED8DFE8C1
:020000021000EC
:1000000000F01D4F040D0D6F0E00B04B4FF08041FE
:10001000D3F8A0200123C1F80835136070BDAC4DA2
:100020002B78202B00F08F80AA4C5A0104EB43134D
:10003000A2585868BDE8704005211047A34CD4E988
:100040000423B3F1FF3F08BFB2F1FF3F00F0D680B9
:10005000A14EF38B002B6DD19D4D2B78202B00F002
:10006000AB80D6E90223FF21B3F1FF3F08BFB2F115
:10007000FF3FE17105D00520FEF770F9002800F080
:100080001F81737F012B00F08B802B78914A5901DF
:1000900002EB4313BDE870405258586801211047E5
:1000A0008B4D8A4C2B78202B00F0AF800123A3715D
:1000B000FDF76AFE002800F0F480D4E90423B3F1D0
:1000C000FF3F08BFB2F1FF3F63D02B78814A59014F
:1000D00002EB4313BDE870405258586800211047A6
:1000E0007A4C237E5BB1D4E90423B3F1FF3F08BF10
:1000F000B2F1FF3F00F0AC800023237670BD744D59
:100100002A78202A00F0AB80734E4FF0FF324FF078
:10011000FF33C6E90223E379002B00F0C7802B7878
:100120006C4A590102EB4313BDE8704052585868BD
:1001300006211047FDF728FE00288DD14FF4D0612D
:10014000702000F0D1FC61494B7E03EB4300DAB232
:100150000B5C202B00F0AF8003EB421201EB42025C
:1001600092F821400C54FF204872022082F82000AF
:10017000584C59482B7000220A7280F8282004EB52
:100180004312127E002A7FF450AF01F073F82B78EF
:100190004BE7FDF765FB05F033F8C4E9040194E78C
:1001A000D6E90401B269013841F1FF31801841F10B
:1001B0000001FDF79DFF68E7627ED3B202EB4202C9
:1001C000A15C202977D001EB431304EB430393F8A0
:1001D0002100A0543F4A297002EB411100222272F3
:1001E00086F82820097EFF226272022283F82020EE
:1001F00000297FF436AF01F03DF832E7FDF730FB20
:1002000004F0FEFFC4E9040122E7637E03EB43012F
:10021000DBB2625C202A4ED002EB431304EB4303B3
:1002200093F821006054FF216172022183F82010AD
:10023000284B2A7003EB42122748137E002180F8D6
:1002400028102172002B7FF431AF01F013F82DE755
:10025000FDF706FB04F0D4FFC4E904014CE7617E1E
:10026000CAB201EB4101605C202824D000EB4212AD
:1002700004EB420292F8216066541649164E28702B
:1002800001EB4010237286F82830017EFF23637251
:10029000022382F8203000297FF437AF00F0EAFF14
:1002A00033E740F2AA61702000F01EFC40F29C612E
:1002B000702000F019FC4FF41571702000F014FC50
:1002C00040F28561702000F00FFC00BF8820002004
:1002D00000200020001C00200820002070B5284BC2
:1002E0001A78202A86B045D0264CD4E90213B3F1FF
:1002F000FF3F08BFB1F1FF3F37D1234D05EB42155A
:100300000646D5E90201FDF73DF92B7DEA8AD218B0
:1003100002F101024FF0000C4CEB0C0C93194CF164
:10032000000C18180DF10B034CEB0101009303AA0C
:1003300004ABFDF789F99DF80B20DDE904310F2AA4
:1003400094BF002201229B1841F10001C4E902314F
:100350000E4BDB7913B9012006B070BDD4E902233E
:100360000520FDF7FBFF06B070BD40F68901702047
:1003700000F0BAFB40F68801702000F0B5FB00BF2A
:100380000020002008200020001C002088200020E1
:10039000FDF7F8BE38B5224B93F800E0BEF1200F10
:1003A00038D0204D6B7E95F819C003EB43035FFAFC
:1003B0008CFCEB5C202B1FD01B4C4FEA4C1C06E046
:1003C000634405EB430393F82130202B14D004EB56
:1003D0004312117E8142F3D804EB4E14D4E9021388
:1003E00020694018D2E9021243F10003814272EB06
:1003F000030304D2002038BD4FF0FF3038BD0B4B53
:10040000081A1C68FDF7B0F804F16F038342F1D8B5
:10041000001B38BD40F6C201702000F065FB00BF34
:100420000020002088200020001C00200820002040
:100430002DE9F04F924B1E7887B0202E019000F0EE
:100440001A81904F904D7B7E286803EB43030DF19A
:100450001302FC5C019B18442B6903938946AB692A
:10046000029305A9FDF7C4F8019A884B6F3A9A42A6
:1004700061D8DFF82082059B696908EB4616B268EF
:100480009B1832699B182A699B1A23F07F40B0F5AC
:10049000000F50D897F819A0AB61202C85F8209058
:1004A0005FFA8AFA18BF4FF0200B00F0D88008EBF3
:1004B000441C9B18DCF8080041F100019842DCF86C
:1004C0000C308B414FEA441651D3BCF81630002B48
:1004D00035D10520FDF7C6FE797E4FF0FF324FF093
:1004E000FF33BBF1200FC5E90223C9B240F0A98058
:1004F00001EB410120247B5C614A797E127802EB9A
:10050000411207EB420282F821302B68019A134412
:100510002B60FF237B72FB791BB16B7F012B00F0FB
:100520009280202C43D05A4B187800F0F5FB002025
:1005300007B0BDE8F08F012007B0BDE8F08FEB8B6E
:10054000002BC6D1A0EB0209FDF784F940F2563327
:10055000984220D040F2F55398421AD0B0F5C67FA9
:1005600014BF01230E234B45B3DD95F8209046447C
:10057000337E4B4511D904EB4A1307EB430393F841
:100580002130202B17D0A346D5E904211C46AB69A6
:100590008DE73323E7E71D23E5E7DDE902312A692B
:1005A0005B189B1A0220AB6107B0BDE8F08F0020FA
:1005B00007B0BDE8F08F0520FDF754FE4FF0FF3285
:1005C0004FF0FF33797EC5E90223C9B204EB411332
:1005D00007EB43034FEA410C93F8212001EB410361
:1005E000480117F803A0FA544FF00508534600EBF2
:1005F000030E07EB4E0E1A4694421E468EF82080DC
:100600009EF82130F3D10CEB010EBE4461449EF8FC
:100610000290B9F1200F5FFA89F818BF804439447D
:10062000024418BF07EB480807EB42028E704FF0F8
:10063000200114BF88F821A08EF801A082F82110B3
:100640005AE75C46C2E7D5E90431A869013B41F1AC
:10065000FF31181841F10001FDF74AFD61E705205F
:10066000FDF700FE797E4FF0FF324FF0FF33C5E912
:100670000223C9B23CE740F6EA01702000F034FAE8
:10068000002000208820002008200020913F420FF9
:1006900038200020001C00202DE9F84F9F4C637E7D
:1006A00000EB431304EB430393F82030002B00F0DE
:1006B0003081677EDFF870820546FFB2B8F1000F27
:1006C00004D0002140F62F10AFF300807E0105EB2F
:1006D000471704EB4707B8F1000F40F0DF807719A8
:1006E00004EB470797F82030012B09D0043B022B7D
:1006F00040F2C98004F040FE97F82030012BF5D17C
:10070000DFF828A24FF0010BB8F1000F04D0002150
:1007100040F64610AFF30080BBF1000F04D1804BD0
:100720000BB1AFF3008062B64FF000036372B8F113
:10073000000F04D0002140F64B10AFF30080667E1E
:100740000AEB861EBEE80F0006F1010909F0010759
:100750000AEB871CACE80F00BEE80F00ACE80F0006
:10076000BEE80F00ACE80F009EE80F00B9468CE829
:100770000F00B8F1000F04D0002140F2FA30AFF3BF
:10078000008006EB460607EB4707A319A25B9B78A0
:10079000E2532744BB70B8F1000F04D0002140F2AF
:1007A000FE30AFF30080637A03F0FF01002B40F0CE
:1007B0008A80B8F1000F03D040F65510AFF30080E7
:1007C00009EB490323444FEA490B5E78B54200F038
:1007D0009580202E2FD04FEA491101E0202E2AD0FB
:1007E0008B1904EB43033246374693F82160B54238
:1007F000F4D1202D1FD00A44294404EB410104EB1D
:10080000420291F8213082F82130B8F1000F04D073
:10081000002140F25F30AFF300800BEB090323446B
:100820009B789E425DD0B8F1000F0CD0002140F2C1
:100830006730AFF30080B8F1000F04D0002140F61C
:100840005910AFF30080374B0BB1AFF30080EFF3DB
:1008500010839B4672B6627A002A7FF455AF84F803
:100860001990FF22627223B92D4B0BB1AFF30080B8
:1008700062B6B8F1000F04D0002140F66B10AFF360
:100880000080BDE8F88F731904EB43030122DFF801
:100890009CA083F820204FF0010B35E797F820301B
:1008A000012B3FF42DAF043B022B16D9002140F65B
:1008B0003B10AFF3008004F05FFD002140F63F10D5
:1008C000AFF3008007E7B8F1000F3FF425AF002138
:1008D00040F65110AFF3008016E7012387F820306F
:1008E000EBE7B8F1000F04D0002140F26230AFF323
:1008F00000800BEB090323449F7094E7202D9AD0CE
:1009000005EB491204EB4202202792F821205A708D
:100910007BE740F62611702000F0E6F888200020E2
:10092000000000000000000000000000A8200020DF
:1009300070B586B063BB064610460D46FCF714FE44
:100940000DF10B0304460093304604AB294603AA7D
:10095000FCF77AFE03981349231A8B420BD3001B32
:1009600088420ED3104A93420DD8904215D9C0F157
:10097000614303F5F7030A9AA2F10F00C01A06B00B
:1009800070BD4342F7E703F1F45303F59023F2E718
:1009900040F67111702000F0A7F840F6B201702007
:1009A00000F0A2F80040420FFF7F841EBFF34F8F7C
:1009B0000549064BCA6802F4E0621343CB60BFF3FB
:1009C0004F8F00BFFDE700BF00ED00E00400FA0517
:1009D000094B01225A604FF0FF32C3F80823074B3E
:1009E0004FF48042C3F88020BFF34F8FBFF36F8F67
:1009F000C3F88021704700BF00E0004000E100E044
:100A0000094B01225A604FF0FF32C3F80823074B0D
:100A10004FF48052C3F88020BFF34F8FBFF36F8F26
:100A2000C3F88021704700BF00C0004000E100E033
:100A3000084B0022C3F8FC2F0122C3F8FC2F064B01
:100A40000222C3F88020BFF34F8FBFF36F8FC3F82C
:100A5000802170470010004000E100E0F8B51B4E17
:100A6000337805460C4617466BBBFCF729FD184B3F
:100A70007760002D08BF1D4628463472FFF7D8FF67
:100A8000FFF7BEFFFFF7A4FFFDF726F80546C0B944
:100A9000EFF79EFBFDF714F8FCF75EFF04F056FB42
:100AA000002C0CDB04F01F026409A40004F1604474
:100AB00004F5614401239340C4F88031236001238D
:100AC00033702846F8BD4FF0FF35FAE72C2100209F
:100AD0000227030008B572B6024B5B6803B1984762
:100AE000FFF764FF2C2100201FB572B6134B5D6821
:100AF0008DB9FFF75BFFB2FBF6F2DCB20133002ADF
:100B0000F9D104F110036B4403F80C2C0A2234B918
:100B100001A8A847EDE7024600230A26EDE7631E79
:100B200004AEDCB256FA83F3B0FBF2F602FB160019
:100B3000303003F80C0C3046E9E700BF2C210020D0
:100B4000074B93F90830002B09DB5A09012103F008
:100B50001F0301FA03F34032024941F82230704783
:100B60002C21002000E100E0014B1878704700BF05
:100B70002C2100202DE9F0472E4E2F4C0746EFF395
:100B8000108372B63578EDB2FF22327003B962B6C7
:100B90000DB1FF2373704FF001080023DFF8A09020
:100BA000C4F80480C4F80031C4F80431C4F80475F2
:100BB000C4F80080D4F8003113B9D4F80431EBB193
:100BC000D4F80431002BE8D1B5B97378DBB2032235
:100BD0007570C4F80823194AC4F804514FF48041D1
:100BE000C4F80051C2F88011EFF3108272B635706C
:100BF00002B962B6002BC2D1BDE8F087D9F8103037
:100C0000DB06D7D50D4B4FF48042C3F88021EFF3BC
:100C1000108A72B60323C4F80433D4F8003123B920
:100C2000D4F804310BB904F0A7FBBAF1000FC1D11D
:100C300062B6BFE73521002000E0004000E100E09F
:100C400000ED00E01B4B4FF4805270B5C3F88020DC
:100C5000BFF34F8FBFF36F8F174D184C0021C5F8AE
:100C60000011C3F880212669236943F01003236132
:100C70000123C5F8043306F010062B60D5F80031C7
:100C8000A3B11EB9236923F0100323610A4B01228B
:100C9000D3F808055A60C3F808230022C3F80021DE
:100CA000044B4FF48052C3F8802170BD04F064FB04
:100CB000E4E700BF00E100E000C0004000ED00E01C
:100CC00038B50C4902460520431ED8B2FF2803D18F
:100CD00048216920FFF708FF01EBC0031D7905F0EB
:100CE000FF04002DF0D141F8302001225C719C718D
:100CF0001A7138BD38210020042808B503D94F21C6
:100D00006920FFF7F1FE034B03EBC00000230371E2
:100D100008BD00BF38210020042808B503D9582198
:100D20006920FFF7E1FE094B03EBC0000379012BBB
:100D300001D05921F4E7437982790133DBB29A4239
:100D400018BF4371BDE80840FFF7FABE3821002004
:100D500070B5124C06250026013D15F0FF0500D1A7
:100D600070BD94F8281004EBC1031A79012A09D147
:100D700058799A79904205D05A79D2B29A7154F83A
:100D80003130984794F828300133DBB2042B94BFFC
:100D900084F8283084F82860DEE700BF382100207E
:100DA00008B504F062FA70B904F068FA58B904F0B2
:100DB0006EFA40B904F07DFA044A054B002808BFDA
:100DC0001346184608BD024BFBE700BF00E7014091
:100DD0000C05004008B504F06CFA08B3EFF310807E
:100DE00072B6104A1369116941F010011161A2F540
:100DF000406203F01003D2F80011D2F804210A4334
:100E000000D040BF20BF00BF00BF00BF00BF23B95C
:100E1000044A136923F01003136100B962B608BDD8
:100E200020BFFCE700ED00E0914270B53BD2B2FA82
:100E300082F33BB1C3F1200420FA04F4994021432A
:100E400098409A40160CB1FBF6FC06FB1C142404D7
:100E50001FFA82FE030C85B204EB10400CFB0EF46B
:100E6000844206D9201A90428CBF02200120ACEBAC
:100E7000000C03EB01410CFB1211B1FBF6F006FB79
:100E8000101105EB014100FB0EFE8E454FEA0C4CA4
:100E900006D9AEEB010E96458CBF02220122801AC4
:100EA00040EA0C0070BD73219620FFF71DFE00BFC5
:100EB0002DE9F8431C4652EA040349D0074615467B
:100EC0000E467CB9914208D321463046FFF7ACFF6D
:100ED00004462A46384604FB1561FFF7A5FF214664
:100EE000BDE8F883B4FA84F9B9F11F0F34DC4FF090
:100EF000010808FA09F2A2FB051320FA08F002FB28
:100F0000043226FA08F140EAC670FFF78DFFC9F1F6
:100F10001F03D8404FF0000118D0431E8C4661EBF0
:100F2000010105FB01F203FB042280461846A5FBE4
:100F3000033EFB1A724466EB02061F46AF4276EB95
:100F4000040324BF40466146BDE8F8838446F5E7C4
:100F5000CA219620FFF7C8FDE7219620FFF7C4FDC0
:100F600092B1013A034616D010B500EB020C01E035
:100F70009C450BD08E461C4611F8012B13F8010B33
:100F80009042F5D0801A10BD1046704760789EF8E8
:100F90000120801A10BD00780A78801A704700BFBF
:100FA00030B5441A944229D33AB34B1CC31A022BCE
:100FB0002FD9531E072B2CD922F003058C468646C9
:100FC0000D445CF8044B4EF8044BAC45F9D122F0CB
:100FD00003039A4202F0030400EB030501EB030C48
:100FE0000BD0CA5CC254012C07D09CF801306B7046
:100FF000022C02D09CF80230AB7030BD002AFCD02D
:101000008B18024413F801CD02F801CD8B42F9D1BF
:1010100030BD4B1E0244014613F8014F01F8014B4D
:101020009142F9D130BD00BF81EA000370B59E073F
:101030005DD185075FD0002A58D0034601E0002A21
:1010400054D011F801CB03F801CB9C0702F1FF3219
:10105000F5D1032A29D941EA0305141F6E074FEA87
:10106000940E4AD12B2C48D90EF101064FEA560CAA
:1010700003EBCC0CA1F108051C4695ED027BA4EC1A
:10108000027B644505F10805F7D1F50726F0010458
:1010900003D551F8245043F824500EF1010402F016
:1010A000030203EB840301EB8401FAB1541E022C0A
:1010B0001FD922F003058C460D449E465CF8044B74
:1010C0004EF8044BAC45F9D122F00304A24223446C
:1010D000214402F0030509D00A781A70012D05D0C9
:1010E0004A785A70022D1CBF8A789A7070BD0346E8
:1010F000DBE71546F0E70346ABE70EF1010C01EB29
:101100008C0C1D1F0C4654F8046B45F8046F6445A5
:10111000F9D1C2E72DE9F04184075FFA81FE5FD083
:10112000002A59D0034601E0002A55D003F801EB0C
:10113000990702F1FF32F7D14EEA0E24032A44EA5E
:1011400004443ED9151FAE08172D06F10106C3F35E
:10115000800147D99846002940D048F8044B771AB7
:1011600003EB810C79080CEBC101CCE900440CF1D4
:10117000080C6145F9D127F0010C08EB8C0167459B
:10118000CCEB8C7805EB880517D02F1F032F0C6054
:1011900013D9A5F10807032F4C600ED9A5F10C0750
:1011A000032F8C6009D9A5F11007032FCC6004D957
:1011B000143D032D0C6188BF4C6102F0030203EB68
:1011C00086034AB1013A83F800E005D0012A83F88A
:1011D00001E018BF83F802E0BDE8F0811546BEE7E4
:1011E0000346A9E719461546CFE700BF014B1B6828
:1011F0001B681847A0020020014B1B685B6818475A
:10120000A0020020014B1B689B681847A002002029
:10121000014B1B681B691847A0020020034B18688C
:10122000034BC01A18BF0120704700BFA002002066
:101230000C27030038B50E4C237803F0FF05B3B933
:101240006378012B06D102236370636813B163686E
:10125000984765606378032B09D100256570636842
:101260002BB1A3685B69984763689847656038BD90
:10127000A0210020014B01229A777047A021002075
:10128000042873B5064604D940F23D116820FFF7E3
:101290002BFC104D0124FFF7CDFF2C706B78022B37
:1012A00014D1AB683046DB68984705EB4602537DA6
:1012B00083420DD3AB7FA34200D0137D8DF8043061
:1012C000AB688DF805601B6801A8984702B070BD37
:1012D0002346F3E7A021002010B520B940F25311B6
:1012E0006820FFF701FC064B5A78022A02D05A7890
:1012F000032A04D19B68BDE810405B68184710BD05
:10130000A021002010B5084C6378022B02D063782E
:10131000032B02D1A3689B6898470023A37723700F
:10132000BDE81040FFF786BFA0210020054B5A788A
:10133000022A02D05A78032A02D19B681B691847F7
:1013400000207047A0210020054B5A78022A02D0C5
:101350005A78032A02D19B689B691847002070477E
:10136000A0210020024B5878003818BF0120704798
:10137000A02100202DE9F04786468C460846089EAD
:10138000154674461946002B40F0C2808542B2FAD9
:1013900082F245D94AB1C2F1200300FA02FC2EFACA
:1013A00003F3954043EA0C0C94404FEA154EA8B263
:1013B000BCFBFEF8230C0EFB18CC08FB00F943EA3B
:1013C0000C43994528D9EB1808F1FF3704D2994509
:1013D00002D9A8F102072B44A3EB0903A4B2B3FB83
:1013E000FEFC0EFB1C330CFB00F044EA0344A0425D
:1013F00014D92C190CF1FF3304D2A04202D9ACF15C
:1014000002032C44241A43EA07401EB1D4400023AF
:1014100034607360BDE8F0874746DDE76346F1E777
:1014200092BB431B01214FEA154EAFB2B3FBFEFC4A
:10143000200C0EFB1C330CFB07F840EA03439845D5
:1014400062D9EB180CF1FF3004D2984502D9ACF107
:1014500002002B44A3EB0803A4B2B3FBFEFC0EFB7B
:101460001C330CFB07F744EA0344A7424ED92C195E
:101470000CF1FF3304D2A74202D9ACF102032C4491
:10148000E41B43EA0040C0E7C2F1200320FA03F165
:10149000954090402EFA03F303434FEA154EAFB246
:1014A000B1FBFEFC0EFB1C10190C0CFB07F841EA0B
:1014B0000041884504FA02F422D969180CF1FF3082
:1014C00004D2884502D9ACF102002944A1EB0801FD
:1014D0009BB2B1FBFEFC0EFB1C110CFB07F743EAB1
:1014E00001439F420ED9EB180CF1FF3104D29F4209
:1014F00002D9ACF102012B44DB1B41EA004192E727
:101500006046E3E76146F7E76046A3E76346B7E76F
:10151000834206D916B9002108467BE7C6E900E0F8
:10152000F9E7B3FA83F78FB9834201D3724508D83C
:10153000BEEB020460EB030301209C461EB90021B0
:1015400068E73846FAE7C6E9004CF8E7C7F1200C2F
:10155000BB4022FA0CF41C432EFA0CF120FA0CF3D7
:10156000B84001434FEA14490EFA07F5B3FBF9F806
:101570001FFA84FE09FB18300B0C08FB0EFA43EA35
:1015800000439A4502FA07F240D9E31808F1FF3008
:1015900004D29A4502D9A8F102002344A3EB0A031E
:1015A00089B2B3FBF9F809FB183308FB0EFE41EAD8
:1015B00003418E452CD9611808F1FF3304D28E45C2
:1015C00002D9A8F10203214443EA0040A0FB02989B
:1015D000A1EB0E014145CE46434602D306D14D450F
:1015E00004D2B9EB020E68EB04030138002EA6D03A
:1015F000B5EB0E0261EB030101FA0CFC22FA07F3D2
:101600004CEA0303F940C6E9003198E74046C5E7D4
:101610004346D9E738B505460C46F0F73FF930B1F7
:101620003E2D04D12046BDE83840F0F777B938BDEB
:101630001FB5014601A800F006F801A802F026FE39
:1016400005B05DF804FB0B88C3F30B0383804B8864
:10165000C380002242724B78C3F30113012B02D0E6
:10166000022B18BF1346043103720160704710B596
:101670008B880370437803F0F00343708A88C2F3C9
:10168000032213434370CA888270CA8803F0CF03D1
:10169000120A4370C2700A7A120102F03002134338
:1016A00003F03F0343704A7A43EA821343700C46C7
:1016B00009680430814205D0E288FB2A28BFFB225A
:1016C000FFF7B2FCE0880430C0B210BD10B48B88C4
:1016D0000370437803F0F00343708A88C2F3032257
:1016E00013434370CA888270C27802F0C002C2708D
:1016F000CC88C4F30524224303F0CF034370C270A7
:101700000C7A240104F03004234303F0BF03437038
:101710004C7A43EA841303F07F0302F03F024370E4
:10172000C2700B680430834205D0CA885DF8044B50
:101730001946FFF779BC5DF8044B70472DE9F84373
:101740000B78013B05460C46372B00F28382DFE81D
:1017500013F04E00520056001F018102D100D70045
:10176000DD00E300E900ED00EF00FF001B013800A1
:1017700081025B0081026100F300F9005C016201FB
:1017800056018102680181027B01AB01B101B70101
:101790008102BD01C901CF01F801FE0152023002F0
:1017A00044024C0236023E0204020A0210021602F1
:1017B0001C02220226022A02640258025E02700201
:1017C0006A020E23B1F803200B7042F283039A429F
:1017D00009D10623637066780236324621462846D0
:1017E000FFF722FC5CE03121C720EFF7AFFD0C23AF
:1017F0000B700823EEE71A230B700123EAE73E2360
:101800000B700223A370E6E73E230B7012234B708C
:101810000B23F7E72920F0F781F828B13E23237046
:10182000222363702923EDE70A20F0F777F83E239F
:1018300005F1080204F108012B70A0B30A23AB7074
:10184000E378EB70A3882B71A3881B0A6B71A379D3
:10185000AB71E379EB71A368AB608B889380D4F8AC
:101860000E30C5F80E30638A6B8263696B61238B1F
:101870002B83638BAB76638B1B0AEB76A38B2B7767
:10188000A38B1B0A6B77E38BAB77E38B1B0AEB779E
:1018900094F8203085F820301F226A70023296B208
:1018A0003046BDE8F8830123AB70E378EB70A38882
:1018B0002B71A3881B0A6B71A379AB71E37903F0D9
:1018C0000103EB71A368AB608B889380638BAB7370
:1018D000638B1B0AEB73A38B2B74A38B1B0A6B7498
:1018E000E38BAB74E38B1B0AEB7494F820302B75FD
:1018F0001322D2E73E230B7004234B70142381E79D
:101900003E230B700C234B7004237BE73E230B70AC
:101910000A234B70032375E73E230B700D234B7096
:1019200005236FE705232370042353E70823FAE711
:1019300030230B7003234DE73E230B700B234B70BA
:1019400007235FE73E230B7006234B700C2359E7F8
:101950008B788370012B15D113230370B1F80330FA
:10196000C370B1F803301B0A0371B1F8053043713D
:10197000B1F805301B0A8371052292B2002A3FF4A8
:101980002AAF8AE70022F8E757230B70022321E7EA
:101990003E2303700D238370CB78C370B1F80D30F4
:1019A00083800B798371D1F80530C0F80730B1F826
:1019B0000930A0F80B30CB7B43730B7C83734B7CDB
:1019C000C3734B7F03740B7B43748B8A43828B7D81
:1019D0000375D1F81730C0F81530B1F81B30A0F8F6
:1019E0001930CE7AC676E52E28BFE52632461F315D
:1019F0001C30FFF719FB06F11A02D2B24DE73E2365
:101A00000B7001234B701123FCE63E230B70062361
:101A10004B701223F6E63E230B7009234B70132301
:101A2000F0E63E2303702420EFF778FF002815BF6F
:101A300024230E2313260F263246AB70A11CE81C6C
:101A4000FFF7F2FA721C28E73E2303702520EFF718
:101A500065FFC0B12523AB70D4F80230C5F8033060
:101A6000D4F80630C5F807306389A5F80B300A268C
:101A7000F01CE27A04F10C012844FFF7D5FAE27A6F
:101A80000132324409E70F23AB706388A5F80330B5
:101A900023796B716379AB71A379EB71A37A2B72A4
:101AA000E37A6B720726E3E73E230B7003234B7048
:101AB0001023A7E63E230B7005234B702023A1E6DD
:101AC0003E230B7009234B7021239BE63E230370BA
:101AD0002620EFF723FF002815BF262318231726FB
:101AE0001326A9E73E230B7004234B70272389E6B6
:101AF0003E230370282383708146D1F8023049F8D1
:101B0000033F4FF000084646AA795FFA88F39A42ED
:101B100001D8721D31E7B21D331DA118A25849F832
:101B2000032009EB03008B88838047793A46063708
:101B3000063106303E44FFF777FAB6B208F10108E5
:101B4000E2E73E230B701D234B7019235AE63E2318
:101B50000B7007234B701A2354E63E230B7020238F
:101B60004B702C234EE63E230B704C234B702D23E1
:101B700048E63E230B7004234B702E2342E63E239F
:101B80000B7022234B702F233CE63E230B70142353
:101B90004B70302336E63E230B70312332E63E2372
:101BA0000B7032232EE63E230B7002234B7033233F
:101BB00028E63E230B7014234B70222322E63E239B
:101BC0000B700B7C5B000F334B701D231AE63E231A
:101BD0000B7003234B701E2314E63E230B700B7D0A
:101BE0005B0013334B701B230CE63E230B70032367
:101BF0004B701C2306E63E230B7005234B701F23FE
:101C000000E6FF230B700B234B70A223FAE5FF23A2
:101C10000B7005234B70A323F4E5FF230B70052302
:101C20004B70A423EEE5FF230B700D234B70802334
:101C3000E8E5FF23037081238370D1F80330C21CD1
:101C400003F1280153F8040B42F8040B8B42F9D13D
:101C5000292222E640F29221C6E508B510B1FFF72D
:101C6000E7FC10B96FF0150008BD0020FCE710B5C7
:101C70000C4630B129B1EFF79DFD28B1207000204E
:101C800010BD6FF01500FBE76FF02200F8E708B514
:101C9000EFF722FE002008BD01F009B808B5EFF704
:101CA0002DFE002008BD01F08EBB01F0A0BB02227A
:101CB00002708270362242716FF00F0282716FF0F3
:101CC0001A02C2710E2202726FF07802427268220A
:101CD0000023827248224370C3700371C272184697
:101CE000704701F036B838B54FF080530446D3F84A
:101CF000A020D3F8A410013106D1D3F8A8304FF6B4
:101D0000FF719BB28B423ED0D3073CD54FF080553C
:101D1000D5F8A420D5F8A830A4F80530C3F30723DC
:101D200063F03F03C4F80120A371D5F8903001336C
:101D300023D0D5F8943001331FD0D5F89830013333
:101D40001BD0D5F89C30013317D00020F6F7B0FB3C
:101D500098B9D5F89000D5F89410D5F89820D5F812
:101D60009C30C4F81330C4F80700C4F80B10C4F852
:101D70000F2001232370002038BD10220021E01D18
:101D8000FFF7C8F9F5E70023F4E770B54FF0805589
:101D9000102200210446D5F8A060FFF7BBF91022FD
:101DA0000021A018FFF7B6F9D5F8803001330BD128
:101DB000D5F88430013307D1D5F88830013303D109
:101DC000D5F88C3001330BD0D5F88000D5F88410CD
:101DD000D5F88820D5F88C30E36120616161A2617B
:101DE0000020F6F765FB08B9F3071DD44FF08053C8
:101DF000D3F8902001320BD1D3F89420013207D1CF
:101E0000D3F89820013203D1D3F89C2001320BD0B3
:101E1000D3F89000D3F89410D3F89820D3F89C30DE
:101E2000E36020606160A260002070BD10B50446D0
:101E3000FEF708FFB0F5007F09DA10F5007F08DD36
:101E4000031EB8BF03339B102370002010BD7F23F7
:101E5000FAE76FF07E03F7E7F5F7EABF1FB5002357
:101E6000CDF80A30D0F80230417841F64B52934217
:101E70008BBF40F2E2424FF47A72B3FBF2F3B3FB52
:101E8000F2F3027898BF03F5506342EA01229BB255
:101E9000ADF80020ADF80230ADF80430C279837996
:101EA00043EA0223ADF80630427A037A684643EAF1
:101EB0000223ADF8083001F07EF805B05DF804FBB0
:101EC00001F0F0BA0078003818BF012001F039B8ED
:101ED000F5F7E2BF8178008801F0AFBA01F0CBBA24
:101EE00037B505460C4600880DF1060101F02EF8C5
:101EF0002B882380BDF80630638003B030BDF5F732
:101F0000D3BF00F0BDBE00F019BF08B5EFF7FEFC6F
:101F1000002008BDF5F714BD00F02DBFF5F724BF74
:101F200000F0F8BE01F0EDB901F0B7B901F0FEB96B
:101F300000F055BE00F05ABE00F066BE00F082BE52
:101F400000F029BF01F07EB800F0EFBE00F0A9BE9E
:101F500003880B8001F01CBA03880B8001F026BABD
:101F600000F043BFF5F77EBDF5F764BD00F072BF2A
:101F700000F081BFF5F780BD00F0B8BF00F0B9BE3A
:101F800001F0D3BA01F09EBAF5F7E4BCF5F7A2BDB3
:101F9000F8B5D4181F46BDF81830053414FB03F407
:101FA000A4B2054604F11B0020F0030080B2884271
:101FB000164603D0A3211420EFF7C8F915F003014A
:101FC00001D0A421F7E7B4F5004F01D9A521F2E72C
:101FD0001422281DFFF79EF8EF746C802E80F8BD48
:101FE00070B50688C58803898E42C5F30E02C3F317
:101FF0000E0403D2C9211420EFF7A8F95D40C5F300
:102000000E030BB92D0409D4A24209D2C37CA41A31
:102010000533E41AA14203DD00238374184604E06B
:102020001832012381528374104470BD014405317C
:1020300011FB02F01B3020F0030080B27047408893
:102040001B3020F0030080B2704738B503888B4204
:1020500004D240F201111420EFF778F9857C65B1C4
:10206000C388C3F30E031833C25A8A4207D3C1523E
:10207000811DEFF779FC00238374284638BD0025C5
:10208000FBE70346F0B59C88A5B2C4F30E06DC88D6
:10209000AC4200F1180002D10020D881F0BD5F8968
:1020A000DC7C855B3C4402343444ED1B20440C88CA
:1020B000ADB2AC4288BF0D805C89B4FA84F4640987
:1020C00014700A88DA81E9E7F8B58288C3890026A6
:1020D00004460D4692B20E60CBB1C2F30E024189A6
:1020E000183287180B44825A9BB29342438104D919
:1020F0004FF4A7711420EFF729F904D1011DEFF770
:1021000033FC46812F600023E3810120F8BD18468F
:10211000FCE770B5044604F11806A38822899BB237
:102120009A420846C2F30E050DD021B1A91CE27CEB
:102130003144FEF779FF04F108012046755BEFF7A3
:1021400013FC284670BD0025FBE78388C0889BB23E
:10215000C31A584258417047828873B5C48895B2F3
:10216000AC42C2F30E0202F1180212D04189C689B4
:10217000835A314499420EDB0DF10601ADF8065049
:10218000EFF7F2FBBDF80600001B18BF012002B0FC
:1021900070BD0020FBE70120F9E7028970B5C58812
:1021A000C5F30E065540C2F30E04C5F30E020346F6
:1021B000183022B92A0402D50020188270BDB4421A
:1021C0001D8806D9DA7CA41B0532A41AA542A8BF33
:1021D00025469A890AB1845B2D1BA942ECDCDC7C84
:1021E0001982033A0534324422441044E6E7F8B534
:1021F000038A002B39D08B4237D3C488858900F1FC
:102200001803C4F30E041E1995B91D557570858900
:102210001E5B0D44ADB2314485811953DAB1811D85
:10222000EFF7A2FB00238381002303820120F8BD86
:102230001E5BAE4204D040F201211420EFF786F875
:10224000C57C878A033E2644053535445E195F53B5
:10225000857DB570DBE7C27C2C44144402341A1926
:102260001B5B838293788375DEE70020DFE783883A
:10227000C2889BB29A4206D0428922B9C3F30E03A8
:1022800018331844704700207047C37C0888023315
:102290000B44136070470230704738B58388C2889A
:1022A0009BB29A4209D043893BB9C5893DB9011D0A
:1022B000EFF75AFBC581012038BD0020FCE7184626
:1022C000FAE703881380C388C3F30E03183303446B
:1022D0000B608089704708B54B1E062B04D84FF45D
:1022E000CD711520EFF732F819B900B10160084639
:1022F00008BD58B1B1F5803F02D34FF4D671F0E775
:10230000036800225A601A1D19811A600431EEE731
:102310000268002322B90381031D426003607047F5
:10232000918812680B449BB2F4E703464FF6F672AD
:10233000A1F10800904270B504D94FF4E97115205D
:10234000EFF704F81868B8B1848802688C4214D09A
:102350003AB98EB206F10805ADB2AC4204D21046CD
:102360000AE003461046EFE742501A684518126823
:10237000A41BAC8042501D6070BD1A60FCE70023B6
:102380000B6003688A800B600160704730B590B1C4
:102390008478B1FBF4F304FB131300EB430252897E
:1023A0008A4201D1D8B230BDC27822B900F10A0305
:1023B000D0B2844201D8FF20F5E733F8025BA9428E
:1023C00002F10102F4D1EEE7827803880532594325
:1023D00001EB42010844704713B50023CDE90033F7
:1023E00004468DF806006846EFF7BAFD08B102B062
:1023F00010BDBDF804002146EFF790FD0028F2D093
:1024000040F22F311720EEF7A1FF70B50D460A21DB
:102410001E46FFF70BFE3246044609212846FFF709
:1024200005FE204470BD03460068884209D1EFF3E1
:10243000108272B6186808B10168196092B962B664
:10244000704758B97047884208D1EFF3108272B6CE
:1024500018680028F2D001681960EFE703460068A9
:102460000028F0D17047F8B50346D51D25F00705C3
:102470005C0705F1100003D066212220EEF766FF0D
:1024800003F1080413B11C609980DA8018350A46FC
:102490000026013A92B242B9013989B200FB0150DB
:1024A00013B1226062602272F8BD002BF1D02718B0
:1024B0006660267227603C46EBE70346EFF3108226
:1024C00072B6006818B1016819600023036002B990
:1024D00062B67047EFF3108372B602680A6001605B
:1024E00003B962B67047012303707047F8B505461B
:1024F0000846002811461E4614BF00240224FF236C
:10250000AB702B191B7D012B04D001342B191B7DC3
:10251000012B19D105EB44073B8B3A8C981990425B
:1025200004DD2C44002038832075F8BD05EB8404BD
:10253000324660681844FEF777FD3A8B16443E83B6
:102540000023AB700120F0E70020EEE7002910B572
:1025500014BF00230223FF218170C1180C7D012CC0
:1025600007D10C3320F8132002230B75002383704E
:1025700010BD0133C1180C7D012CF2D04FF48B71CA
:102580000920EEF7E3FE30B5827802F0FF03EAB9E6
:10259000027D022A18D0427D022A17D11A46012351
:1025A00081B185180C3200242C7520F81240C21815
:1025B0000324147500EB83020C33526830F8133097
:1025C0000A608B80012002E00122E9E7002030BD93
:1025D00030B58378E3B9837D022B17D0C47D022CFC
:1025E00016D1032381B105190C3400222A7520F875
:1025F0001420C2180324147500EB83020C335268B4
:1026000030F813300A608B80012002E00324E9E7F0
:10261000002030BD037D012B01D1008B7047437D2D
:10262000012B0CBF408B00207047837D012B01D113
:10263000808B7047C37D012B0CBFC08B002070477F
:10264000038B23B9408B003818BF0120704701204D
:102650007047838B23B9C08B003818BF01207047A7
:1026600001207047027D022A01D1008B7047437D13
:10267000022B01D1408B7047032AF6D0032BF9D0EF
:1026800000207047827D022A01D1808B7047C37D74
:10269000022B01D1C08B7047032AF6D0032BF9D04F
:1026A000002070472DE9F041064606989DF81C7001
:1026B000984643070D46114602D010F0030003D0A0
:1026C00025214C20EEF742FE4FF48B72FFF7CBFE34
:1026D000002F06AB044600FB08F10CBF1846002093
:1026E000FFF7F9FD17B9069B33602C60BDE8F08158
:1026F000EFF73CBE10F0FD0F14BF01200020704723
:10270000406870474068A830704790F80033DBB2EB
:1027100090F8E6202AB913F0FB0F14BF0120002027
:102720007047002070472DE9F843B0F86260B0F8B8
:10273000645080461746383089B3F4F767FB0221AE
:10274000044601F07DF902218146204601F078F926
:102750004E4528BF4E46B6B21B2E38BF1B26FB2E59
:1027600028BFFB26A84228BF284680B21B2838BFB6
:102770001B20FB2828BFFB20B4F5A47F38BF4FF4F3
:10278000A474B4F5296FB8F800303B8028BF4FF42B
:1027900029647E80F880BC803C81BDE8F883F3F733
:1027A0006BFFCCE707B50023CDE9003302238DF89A
:1027B00006306846EFF7D4FB08B1002004E000982B
:1027C000F4F77AF90028F4D003B05DF804FB08B5FB
:1027D000F4F704FA0438C0B201288CBF00200120AD
:1027E00008BD13B5FFF7F3FF58B90023CDE9003357
:1027F00002238DF806306846EFF7B2FB40B10020A7
:1028000004E0F4F77DF90028EFD0012002B010BDFC
:10281000009C2046F4F750F90028ECD02046F2F74F
:10282000E1F90028E7D0F0E707B5002340F6881269
:1028300001A9FAF7DBFD03B05DF804FB08B5431E00
:10284000072B05D8DFE803F00A0A04090404040989
:102850004FF422710620EEF779FD032008BD08B57C
:10286000431E072B05D8DFE803F00A0A0409040415
:1028700004094FF422710620EEF768FD032008BD1D
:1028800008B5431E072B05D8DFE803F00A0A040940
:10289000040404094FF422710620EEF757FD0320CB
:1028A00008BD08B5431E072B05D8DFE803F00A0A68
:1028B0000409040404094FF422710620EEF746FDD2
:1028C000032008BD10B5044638B1F5F7D9FB34EA4A
:1028D00000030CBF0120002010BD0120FCE710B553
:1028E0000446FFF75FFF28B9FFF771FFC0B9012465
:1028F000204610BDF5F79CFB68B1F4F769FE04466D
:10290000F2F74CFB50B92046F2F744FB80F001008F
:10291000C4B204F00104002CE6D1E9E70024F8E792
:10292000F4F70CF9431E5C425C41E1E738B505461B
:102930000C462AB11F2901D8002038BD1220FCE71F
:10294000EFF70EFCA04211D32846F2F73FFB08B187
:102950001F2CF3D82846F2F7D7F848B1214628466D
:10296000F2F720F90028E7D14520E6E70720E4E761
:102970004220E2E738B50546F2F7C6F8E8B1284646
:10298000F4F79AF808B9002038BD2846F3F7D6FCCA
:1029900004462846F3F714FE88B9002CF3D02088AB
:1029A000F5F7E4FC20880121EFF7B8FA0028EAD017
:1029B00041F2E2713920EEF7C9FC4220E4E70C2035
:1029C000E2E7F0B587B0054601A9008800F090FF66
:1029D0000446002840F0818001A8FFF793FE029B87
:1029E00093F8E931003B18BF01238DF802309DF8C0
:1029F0000430002B74D1837F1F2B74D19DF80230DB
:102A000083F0010303F001038DF8033090F8723076
:102A10009B0603D49DF80330002B68D0EB881B3B4A
:102A20009BB2E02B65D82989A1F5A4739BB244F22F
:102A3000481083425DD86B881B3B9BB2E02B58D873
:102A4000AA88A2F5A4739BB2834252D8B1F5296F2C
:102A500051D8B2F5296F4ED801A8FFF751FE029E5A
:102A6000FF2786F863719DF80230002B3DD19DF859
:102A70000410B1FA81F103AA4909FFF754FE6A88EC
:102A8000BDF81230BDF81410BDF80E00934228BFF7
:102A9000134640F6480CA6F86831EB88AA886145D1
:102AA00028BF6146984228BF1846BDF81030A6F8E6
:102AB00064016345288928BF6346834228BF0346D3
:102AC0008A42A6F86631134628BF0B46A6F86A313B
:102AD00086F86271002386F86331204607B0F0BDA6
:102AE000C3689A068AD423468CE73A24F2E71A246C
:102AF000F3E71224F1E71124EFE72DE9F04385B065
:102B000007468846008802A900F0F2FE054650BB41
:102B100002A8FFF7F7FD034602A8FFF7F1FD039EA9
:102B2000814696F8FC2102F0FF051AB1B8F10205C2
:102B300018BF01259A7F93F87330232A43EAD30301
:102B40000CBFC5F10102002203F0010313433CD086
:102B5000BC7814B9F5F794FA0446F878B8BBF5F7E1
:102B60008FFA24B90925284605B0BDE8F08300286E
:102B7000F8D099F8752032B114F0020400F0020088
:102B8000F0D00028EED0FF2286F86D21DDB996F84E
:102B90006C2102F0FF05B2B986F86F0186F86C81EE
:102BA00086F86E41BA888DF80500A6F8702101A953
:102BB00048468DF80440ADF8062000F067FF00237A
:102BC00086F86D31CFE73A25F9E71A25CBE7002CD7
:102BD000CFD1C7E708B5F5F70FFA002008BD10B54B
:102BE0000446F6F761FE2070002010BD10B5FFF717
:102BF000F8FD044630B9F6F751FE2046F5F794FD8E
:102C0000204610BD0C20FCE738B50546FFF7E9FD6E
:102C10000446A8B92878012803D9FF280BD0122030
:102C200038BDFFF767FD691CF6F744FE002814BFA6
:102C300000200720F4E70120F5F776FD2046EFE7B6
:102C40000C20EDE738B50546FFF7CBFD0446A8B9E3
:102C50002B78012B03D9FF2B0CD0122038BD18463E
:102C6000FFF748FD691CF6F753FE002814BF00204B
:102C70001220F3E7F5F758FD2046EFE70C20EDE7CB
:102C800010B50D24047000236FF070011122C47080
:102C9000592441708270047143718171C271184668
:102CA00010BD08B50821EEF777FD002008BD73B50B
:102CB00006460C460088694600F01AFE0546B0B983
:102CC000B3787BB96846FFF71BFD90F87430A370AA
:102CD000338894F902002380F5F7C6FEA0702846D9
:102CE00002B070BD7F20FFF79FFDA070F0E70225C6
:102CF000F5E710B504466FF07F00FFF795FDF5F797
:102D0000B3FE20707F20FFF78FFDF5F7ADFE6070FA
:102D1000002010BD10B50446F4F75AFCF2F736F95E
:102D2000F5F7A2FE2070002010BD08B501220B4669
:102D300000F1100101F0F7FE002008BD10B50146BA
:102D400004460020F5F79CFB08B92060A080002015
:102D500010BD10B50446F5F749F928B90020214601
:102D6000F5F776FB002010BD0020FFF7B8FD002826
:102D7000F4D10C20F7E707B501900120FFF7AFFD74
:102D800038B101200199F5F763FB002003B05DF82D
:102D900004FB0C20FAE7F7B50C46054669460088A7
:102DA00000F0A6FDA11C0246A8B96846FFF7AAFCE0
:102DB000034600F1260783F87A20386808603879DE
:102DC00008712888208093F87A6006F0FF00002EB2
:102DD000F1D103B0F0BD0023C4F8023002200B7122
:102DE00023706370F5E7FFF7ECBD1FB5838844F2ED
:102DF0009022934217D80288ADF804204088ADF89D
:102E00000600B3F5296F28BF4FF42963ADF80A0017
:102E10000A8001A8ADF80830ADF80C30FFF7D1FDFD
:102E200005B05DF804FB1220FAE737B50D46694698
:102E300000F05EFD044650B96846FFF761FC9DF85E
:102E40000010B1FA81F12A464909FFF76CFC2046CF
:102E500003B030BD10B500236FF004046FF06F01B4
:102E60000A22047043708170C270047143718171D1
:102E7000C271184610BDF7B507460D460088694671
:102E800000F036FD0646B8B96846FFF739FC04463F
:102E900094F8700084F87260FFF7D0FCA87094F882
:102EA0007100FFF7CBFCE87094F8723003F0FF007C
:102EB000002BEDD13B882B8003B0F0BD10B583888B
:102EC000022B044610D8C078FFF7FCFC08B911208B
:102ED00010BDA078FFF7F6FC0028F8D020460121AD
:102EE000BDE81040FFF709BE1220F1E713B5837863
:102EF000C178027903F0010451EA040C03F00203E3
:102F00001DD052EA030C1AD0002C18BF0021002B50
:102F100018BF00228DF80320037842788DF8021044
:102F200043EA0223ADF8003043798279684643EAE8
:102F30000223ADF80430FFF7C1FF02B010BD11202D
:102F4000FBE708B5EFF75CFF002008BD13B50C46A2
:102F5000694600F0CDFC30B9019B9DF80020B3F824
:102F6000BC3012B9238002B010BD0133FAE710B5AE
:102F7000044600884FF6FF73984286B017D004A924
:102F800000F0B6FCA8B904A8FFF7BAFBA389029326
:102F90006389019323890093A288E3886188F4F709
:102FA000C9FA002814BF0020302006B010BD002050
:102FB000ECE70220F9E7F8B50646FFF7D8FF05462B
:102FC00030B901463088EEF793FF044610B9022568
:102FD0002846F8BDFFF799FB0028F8D094F81C3379
:102FE00003F0FF0543BBB08800F089FD07460146AA
:102FF000012000F091FDB84220D241F64B539F4290
:1030000005D8B4F8702040F202239A4218D1002368
:10301000C4E9C937A4F82003F279B37943EA02235B
:10302000A4F82C33337A727A43EA0223A4F82E33BD
:10303000FF2384F81C33CBE73A25C9E71225C7E7FD
:103040000C25C5E713B50088694600F051FC014620
:10305000F0B99DF80030019CA3B19DF80030012B20
:1030600009D1019A92F82433DBB292F8E62072B9C2
:1030700013F0FB0F0BD094F873314BB9012384F894
:10308000733105E02046FFF740FB0028E5D102211F
:10309000084602B010BD2DE9F341054690F80180C5
:1030A00000780221EEF724FF0446002800F0878014
:1030B000F4F7BEFF08B32046F1F736FFEB789842ED
:1030C00028BF184686B2B8F1040F5DD0E06CFFF758
:1030D000A1FA304487B2F4F7ABFFB8B9EB7873B913
:1030E0002046F1F721FF874210D92046F1F76EFF05
:1030F00050B9072002B0BDE8F081EE78E3E7204642
:10310000F1F724FF0028EBD11220F3E7F4F790FF4A
:10311000394602462046FFF709FC0028EAD1A8F10B
:103120000303012B2DD82046F1F750FF6B78032BBA
:103130002DD108F0FD07012F3AD12046F1F746FFC7
:10314000002833D1B8F1010F08BF0227E16C3A46DD
:103150006846EFF71DF86A68E06C33460121FFF717
:10316000C5F90028C5D06B78023B012B07D8E06C6D
:10317000FFF750FA01210246E06CFFF7E7F9002063
:10318000B8E7002ECFD1BFE7002ECCD0BCE7002897
:10319000BAD1042BCDD12046F3F78EFC0028B3D052
:1031A000E06CFFF74DFA0028C3D1ADE70027CDE76B
:1031B000B8F1040FCFD12046F2F748F8DFE74220FC
:1031C00098E72DE9F3470746467890F80390007892
:1031D0000221EEF78DFE044600283AD0F4F728FFCE
:1031E00030B12046F1F7DAFE002808BF4FF00009A1
:1031F000E06CFFF71AFA48441FFA89FA1FFA80F8C0
:10320000F4F716FF60B1F4F713FF4146024620467B
:10321000FFF78CFB054668B1284602B0BDE8F08791
:10322000FB78002BEFD02046F1F7B8FE0028EAD15A
:103230001225F1E7042EFBD0032E10D0B9F1000FB8
:10324000F6D02046F3F738FC38B10C25E4E7042229
:103250000EE04225E0E70725DEE7012E0CD12046EF
:10326000F1F7B4FE0028F2D1012E0CBF0622052290
:10327000E16C6846EEF78CFF7A68E06C53460021FB
:10328000FFF734F90028E6D0023E012EC4D8E06CE6
:1032900042460021FFF75AF9BEE713B50446F4F79A
:1032A00097F94FF44073ADF8003000238DF80230E9
:1032B000684614F8013B8DF803300194FFF781FF55
:1032C00002B010BD38B5022105460078EEF710FEB9
:1032D0000446A0B1F3F7F0FB28B92046691CF1F7CA
:1032E0000BFD002038BD2046F1F758FE08B10C2038
:1032F000F8E72046F1F74EFE0028F8D1EDE742202E
:10330000F0E713B50446F4F763F914F8013B8DF8C0
:1033100003304FF44073ADF80030684600238DF859
:1033200002300194FFF7B7FE02B010BD73B5054639
:10333000F4F74EF92B78044663B100230DF1010137
:1033400001208DF80030F5F79BF818B16846FFF7BB
:10335000B9FFA0B9002620468DF80060F1F722FEE3
:10336000B04214BF80233346ADF801302B788DF87E
:103370000360012B05D169462046F4F70DFA02B02F
:1033800070BD1BB92046FFF7F5FAF8E71220F6E703
:1033900010B5012104460088EEF7AAFD20B1A11C5A
:1033A000BDE81040F7F770BE022010BD08B50088D8
:1033B0000121EEF79DFD20B1BDE808400021F7F79F
:1033C00063BE022008BD37B505460C460088694635
:1033D00000F08EFA034638B96846FFF793F92A8859
:1033E0002280B0F84C206280184603B030BD2DE931
:1033F000F341438804460E46EBB10088694600F06D
:1034000077FA054698B9238833806846FFF77AF93A
:1034100007466846FFF774F90646D6F81C806288AE
:103420004146384600F055FAF3694345F5D1284640
:1034300002B0BDE8F0811225F9E710B50C46012174
:10344000EEF756FD88B1022C11D804F00103C4F345
:10345000400480F8ED3280F8EC4223B190F8EA3273
:103460003BB1F3F715F9002010BD0220FCE7122054
:10347000FAE71846F8E710B504460078FF280AD0A6
:103480000221EEF735FD58B16378A27843EA0223B2
:10349000C384002010BDB4F80100F3F711FBF8E776
:1034A0004220F7E710B504460078003818BF012025
:1034B000F3F7A6FC2078003818BF0120F3F7A8F82E
:1034C000002010BD10B50446F4F7B2FD50B1F4F77A
:1034D0007FF86178C1F3400201F00101F1F7BAFE13
:1034E000002010BD20780221EEF702FD0028F0D167
:1034F0004220F6E738B504460D46F4F7BBFD8300DD
:1035000001D40C2038BD20460821EEF7F1FC04461A
:1035100048B1F3F7DFFD0028F3D02A462146BDE885
:103520003840F3F73FBE0220ECE703880B80817838
:1035300098B2FFF7DFBF0820F4F780BDF7F716BE9B
:1035400010B5044604B910BD236898476468F9E7CC
:1035500003680BB9016070471A465B6813B18A4271
:10356000FAD170478A4218BF5160704708B5F2F728
:10357000E9FE20B14FF48C710120EDF7E7FEF1F781
:1035800029FA10B140F21D11F6E7BDE8084002200B
:10359000FEF722BF08B50120FEF71EFF0020FEF750
:1035A0001BFFEEF76BFDF4F7D5FEEFF7F3F918B15B
:1035B000FA210120EDF7CAFE08BDFFF7EBBF08B501
:1035C000FFF7D4FFF6F7C6FD20B14FF49971012043
:1035D000EDF7BCFE08BDFAF737B90B46152203F824
:1035E000032BD0F80920C1F80320427B1A717047E1
:1035F00030B585B004460D46F5F71EFB78B3A4F54B
:10360000FA7402A92088ADF8000000F071F918B131
:103610002E217E20EDF79AFE039B93F86C208DF807
:103620000220022193F86D20B3F86E308DF803204C
:103630006846ADF80430FFF760FA08B14421E8E7C6
:103640008DF808009DF808308DF80900002063F31C
:1036500007009DF8093063F30F2005B030BD362315
:103660002B70D4F80930C5F8033004238DF80830E6
:10367000E8E710B54468037894F8C520002104F108
:10368000A80000F057F918B986217E20EDF75EFEFC
:10369000212384F8C53010BD10F0010305D1830744
:1036A00005D410F0040318BF0823184670470223FE
:1036B000FBE72DE9F84F054608469046894600F09D
:1036C000B2FD8246484600F0B0FD8346FFF7E4FFB6
:1036D00006465046FFF7E0FF46EA0007FFB2003F0C
:1036E000044618BF0127F4F7CBFC00EA0B00C0B278
:1036F000002808BF0026F4F7C3FC00EA0A0095F88A
:103700007020C0B2002808BF0024B24214BF334664
:10371000002388F8003095F87120A24208BF0024E9
:10372000234388F801400CD1484600F080FDB5F8ED
:10373000BC30DB43184480B247F6FD73984288BF23
:103740000027BEB995F87000FFF789F803280ED15D
:1037500095F86C31012B0AD1B5F8702195F87030CD
:10376000012A09D1042B09D0042388F800303846F7
:10377000BDE8F88F082EEAE7082BF8D00823F4E715
:10378000082905D101280CD10421518013807047EC
:10379000042906D1012804D008215180138001207A
:1037A000704700207047F8B5446804F1A80794F802
:1037B000C62005460E4601230B21384600F0BAF814
:1037C000014608B12020F8BD94F8C62001233846F0
:1037D00000F0B0F8C8B394F8C530262BF2D03046CC
:1037E00000F015FD28B931462846BDE8F84000F044
:1037F00004BF737903F0070384F86930337903F069
:10380000070384F8683094F86D3193B994F86C31FB
:10381000012B0ED094F8682094F871309A4210D1A0
:1038200094F8692094F870309A420AD1022384F8FF
:103830006C312323284684F8C63000F0B0FE002007
:10384000C1E72846F4F76AFCF3E70120BBE7F4F789
:1038500081BD704710B542400C781878444022442E
:1038600048785C78604002449C78887860401044D6
:10387000DC78CA78624010441C790A795B7949790E
:10388000624002444B40D3420CBF0120002010BDD7
:10389000024600200139C9B2FF2900D17047535CAC
:1038A00083F001030344D8B2F4E708B5F4F70EFE41
:1038B000082803D0BDE80840F4F740BE08BD08B5AD
:1038C000F7F7ACFD18B1BDE80840F7F7D1BD082007
:1038D00008BD10B500230C4643644B1E42F2107124
:1038E000A0F84C2001FB0232B2FBF4F2826410BD5E
:1038F00070B50D4600210646EEF7FAFA04466860F8
:1039000010B10020287070BD01213046EEF7F0FAAA
:10391000686018B101232B702046F4E70220F2E71B
:103920000A4401388A4200D1704712F8013D00F87C
:10393000013FF7E70D294ED8DFE801F0070B0E1421
:1039400016192B3439483B3D4345B2FA82F0400901
:103950007047073A012A01E00B3A022A8CBF002087
:10396000012070470E3AF5E7113A0C2AF6E76BB9D9
:10397000A2F11301012930D990F8620010B9172A79
:1039800002D87047132A26D91C2AE7E7123A0B2AD5
:10399000E4E7A2F11103032B1FD990F86200E8B10C
:1039A0001D2ADBE7042A14BF002001207047012AEA
:1039B000F9E71E3AD1E7A2F12103062B0DD92F2AF0
:1039C000F1E7292AEFE72A3A042AC7E70BB9052AC3
:1039D000E9E7102AE7E70020704701207047F8B5B3
:1039E000D0E9047605460C46FBF75AFE20B94FF4A1
:1039F000E2712920EDF7AAFCF4B1D5E90431DA1B14
:103A000061EB0603012A73F100014FF0000115DBA1
:103A10006FF00100904271EB030302DA4FF4E7719B
:103A2000E7E7631E1344B3FBF4F35C43E41946F188
:103A30000006C5E904461C462046F8BD0C46FBE7D7
:103A400011F00C0312D001F0040100290CBF4FF457
:103A50001673962303F5BC730CBF402210229842C4
:103A600012D9C01A90FBF2F080B27047022905D13A
:103A70003C2809D93C38C0F38F007047702803D91F
:103A80007038C0F3CF0070470020704703460868C5
:103A9000D8667047013908B50246072910D8DFE813
:103AA00001F007140F040F0F0F0440F6A66008BDC5
:103AB00040F6C41340F2E240002A18BF1846F6E769
:103AC00040F23F212920EDF741FC40F6C410EEE71B
:103AD00080F87410F3F7BEBBA0F57A7241F27073F0
:103AE0009A429DBF4FF47A73B0FBF3F000F550603B
:103AF00040F2E24388BFB0FBF3F080B270476FF44E
:103B00005063C318062B9ABFA0F550604FF47A7328
:103B100040F2E2435843704741F64B53994297BFF6
:103B200000EB8000C0EB401300EB8000800081BF01
:103B300000EB830000EB8000400080B2704741F64C
:103B40004B53994294BF642340F2E2435843704779
:103B5000A0F5AB70884298BF091A186888BF491A47
:103B600000EB5100186013680129A3EB51031360A7
:103B700094BF002001207047C3B293FAA3F3000A58
:103B800090FAA0F01B0E000E43EA002070470131AE
:103B9000F8B5C9B2821D0023012512F8010B884235
:103BA00016D312F8066C002405FA04F737421CBF3E
:103BB00001F1FF31C9B2E0B269B10134082CF3D18F
:103BC0000133DBB2052BE8D199214620EDF7BEFB8E
:103BD000091AC9B2F4E700EBC300C0B2F8BD0B6824
:103BE00070B5C0F801300B7903F01F034371002357
:103BF0000446C372451C861D15F8010B00F0B5FC88
:103C00002871E37AB5421844E072F5D170BD70B501
:103C100081EA114189B2C57A0446032682EA01008D
:103C2000FFF7AAFF013E00EB00100A1816F0FF068E
:103C300090B2F5D141402522B1FBF2F302FB131300
:103C4000C3F3C4022244D8B2567803F0070301221A
:103C500002FA03F31E4207D169432046C1F307412C
:103C6000BDE87040FFF793BF70BDF8B590F83050D5
:103C70006B1E242B044658D8002A58D090F82500F3
:103C800018B1012847D01F201AE094F8321094F898
:103C9000313002FB03132522B3FBF2F102FB113397
:103CA000DBB204EBD30284F8323092F826100126FE
:103CB00003F0070206FA02F2114202D084F8333010
:103CC000F8BDB3FBF5F205FB12330133024604F1F4
:103CD0002B01D8B211F8013B834219D311F8067CAD
:103CE000002306FA03FC1CEA070F1CBF00F1FF309B
:103CF000C0B2DDB220B905EBC20284F83320DFE7A1
:103D00000133082BEDD10132D2B2052AE2D1BAE754
:103D1000C01AC0B2F7E7A28A096A04F12500FFF7CA
:103D200076FF84F833000020CAE71220C8E7104667
:103D3000C6E7114004D010F03F0018BF01207047C3
:103D40000846704708B5037801F00F0223F00F030F
:103D50001343037008290FD8DFE801F0120512059C
:103D6000121412080C000C23437008BD0023C3700A
:103D70000123F9E70E23F7E7A8212A20EDF7E6FA59
:103D80000623F1E72223EFE70B68C0F803308B88A6
:103D9000A0F8073070470B68C0F809308B88A0F88E
:103DA0000D3070470378890123F0400301F0400192
:103DB0000B4303707047037803F07F0343EAC1119C
:103DC000017070471F2A38B50546144603D9EE2105
:103DD0002A20EDF7BBFA09300634FDF725F96C709F
:103DE00038BD1F2A38B50546144604D94FF48871EA
:103DF0002A20EDF7ABFA09300634FDF715F96C709F
:103E000038BD30B5037803F00F03032B024640D0D2
:103E1000052B1FD1C37F90F82000034392F82100A7
:103E2000034392F82200034392F8230020F01F007E
:103E300018432DD05378222B0CD1B2F81930B2F898
:103E40001740907D41B1B3F5506F05D940F6075149
:103E50008B420ED900201BE0991F89B240F67A45AB
:103E6000A942F7D8411E0729F4D88342F2D9A342C8
:103E7000F0D3B2F81B30B3F5FA7FEBD2B2F81D00E5
:103E80000A3880B240F6764398428CBF0020012069
:103E900030BD4078A0F10C0358425841F8E7F8B51E
:103EA000C57815F03F0704460E4619D0072917D8E4
:103EB000DFE801F0040F18212A333D470179012280
:103EC0002846FFF736FF00280CBF33460523184667
:103ED000F8BD017902222846FFF72BFF002870D198
:103EE0000023F4E7017904222846FFF722FF002887
:103EF000F6D005234EE0017908222846FFF719FF86
:103F00000028EDD005233DE0017910222846FFF777
:103F100010FF0028E4D005232CE001792022284658
:103F2000FFF707FF03460028D1D033461AE0017996
:103F300040222846FFF7FDFE03460028C7D0052390
:103F400008E0017940222846FFF7F3FE00280CBF65
:103F500005230623217920222846FFF7EAFE08B12F
:103F60001233DBB2217910222846FFF7E2FE08B1B6
:103F70000333DBB2217908222846FFF7DAFE08B1C5
:103F80000233DBB2217904222846FFF7D2FE08B1C2
:103F90000133DBB2217902222846FFF7CAFE08B1BD
:103FA0000633DBB2217901222846FFF7C2FE08B1B1
:103FB0000633DBB2072E8AD11A1F9742B8BF0023FF
:103FC00085E70523EEE770B50C46064611461D460B
:103FD00024B94FF446712A20EDF7B8F9FFF75FFFD7
:103FE00010B940F21931F6E7031F2B443F2B02DDD5
:103FF00040F21A31EFE72A4621463044BDE87040CE
:10400000FDF712B8C37803F03F0343EA8111C17092
:10401000704730B5C1F38003C1F380142344C1F36A
:10402000001404EB44042344C1F3401404EBC4041F
:10403000C1F3400503EB4403C1F300042C4404EB3B
:104040004404C1F3C0052C44134403EB440313F0B0
:10405000FF031CBF01330171C17818BFDBB221F02F
:104060003F0103F03F042143C170591C41701AB154
:1040700004339B1A013AC25430BD4078704703782C
:1040800001F0030123F003030B4303707047007832
:1040900000F0030070470378490123F0200301F08A
:1040A00020010B43037070470B78837070471B2A05
:1040B00008B504D940F272412A20EDF747F9427061
:1040C000BDE808400330FCF7AFBFB0F80700704709
:1040D000B0F809007047B0F80B00704770B5B0F841
:1040E0000730B0F80950B0F805600479B0F80B005B
:1040F00091B1B3F5506F0FD940F60752934218D8DB
:10410000B5F5FA7F15D20A3880B240F67643984268
:104110008CBF0020012070BD9A1F92B240F67A41F8
:104120008A4206D8621E072A03D89C4201D29E42C8
:10413000E5E70020EFE743680B60037A0B717047F7
:10414000B0F809007047007970470B6843604B680E
:104150008360704743680B6083684B607047838956
:104160000B807047D0F80E300B60D0F812304B60E7
:104170007047D0F816300B607047FFF7E6BF0B684A
:10418000C3607047007970470171090A4171704737
:104190008171090AC17170470172090A4172704741
:1041A0008172090AC172704780887047C088704761
:1041B000008970474089704703891A2B0DD94389BC
:1041C000B3F5A47F09D383881A2B06D9C088B0F52C
:1041D000A47F34BF002001207047002070470430C6
:1041E00001F1200351F8042B40F8042B9942F9D136
:1041F0000B880380704738B515460446FFF7EFFF7C
:104200002B68C4F826306B68C4F82A3038BD0379AF
:1042100013F0070305D0407910F0070018BF012004
:104220007047184670470079704740797047C088DA
:1042300070470279437902F0070203F00703511E29
:104240000A40591E0B4013430CBF01200020704749
:10425000017170470079704741717047407970472C
:10426000FB2908B504D940F295612A20EDF76EF8D4
:10427000417008BD037843B1406890F8EA3223B139
:10428000002380F8EA32F2F703BA704708B5017AE2
:1042900019B101290DD0002008BD0368C288022190
:1042A0008088F4F773FC0028F6D1F4F76DFE012046
:1042B000F2E70368C288F3E702230B7001238B70D7
:1042C0007047F4F7CBBC08B5037A23B140F2BE21A6
:1042D0001020EDF73BF8BDE80840F4F735BD0322A8
:1042E000FFF7F1BF0422FFF7EEBF30B4057A15B136
:1042F00030BC0272704730BCF4F726BD0422FFF7D1
:10430000F4BF0B46142203F8032BD0F80920C1F8A0
:104310000320D0F80D205A60B0F811201A817047A0
:1043200011F00C0F08B504D0800100F5747080B254
:1043300008BD012902D10E30C000F8E7022902D1E0
:104340000F308000F3E74FF4EB710620ECF7FEFF2F
:1043500030B587B004460D46F4F776FCA8B30023C9
:1043600023726FF4F0731C44694624882046FEF7DC
:104370005CFD18B1D8212C20ECF7E8FFBDF8063021
:10438000ADF80E30BDF80830ADF81030BDF8023091
:10439000ADF8123003A8BDF80430ADF80C40ADF80C
:1043A0001430FEF720FD08B1E121E4E78DF80C00A0
:1043B0009DF80C308DF80D00002063F307009DF888
:1043C0000D3063F30F2007B030BD2B46352203F8C4
:1043D000032BD4F80920C5F80320D4F80D205A6027
:1043E000B4F811201A8104238DF80C30E0E74068FE
:1043F000704711F00C0F0CBFC08A4FF42960704752
:1044000070B590F870608D880C8916F00C0F04D18F
:1044100043B1167816F00C0F04D0B5F5296F38BFEC
:104420004FF4296590F8716016F00C0F04D143B178
:10443000537813F00C0F04D0B4F5296F38BF4FF444
:104440002964CB884A88A0F85820A0F85C30A0F8EE
:104450005A50A0F85E4070BD8383BDF800300183E0
:104460004283C383704711F00C0F38B5044610D156
:10447000C38B458C9D4228BF1D46207AFFF750FF15
:104480006389AB4228BF2B46984238BF184680B29A
:1044900038BD4FF42965F0E7F7B506460D46B0F88C
:1044A0004400019211461F46FFF73AFF0199044666
:1044B00006F13800FFF7D7FFA04228BF204684B29C
:1044C0003946B6F84C00FFF72BFF17F00C0F0CBF66
:1044D000B6F84E304FF42963984228BF184614FAB4
:1044E00080F0063510FA85F003B0F0BD70B51646C1
:1044F000C26941F64B539A4294BF4D2596250C460E
:1045000090F8713090F870202946FFF7C5FF2844D5
:104510003044A04294BF201A002070BD70B5C66917
:1045200090F8713090F870200D4641F64B518E4254
:1045300094BF4D2196210446FFF7AEFF2844E06367
:1045400070BD006801F19C02904283BF401A9C3804
:10455000400800207047002803DB814204DC08B2D9
:1045600002E049428142FADC704700F055034008FE
:1045700000F05500184400F03303800800F03300C9
:10458000184400F00F0303EB10107047436800223B
:1045900083F8C52083F80421A3F8002170474368FD
:1045A0000022A3F8062193F80821013283F808219C
:1045B000704708B5426892F80831013B5BB2002BA6
:1045C00082F8083103DA35214A20ECF7BFFE08BD36
:1045D000436883F8531183F852217047A0F10B030D
:1045E000042B08D9A0F12103062B04D9A0F12F0335
:1045F000584258417047012070474268D2F8B430A1
:1046000010B513F008040AD143F00803C2F8B4301F
:10461000CB7882F85031FFF7C2FF204610BD012051
:10462000FCE738B54468037894F8C7200D4604F1D8
:10463000A8000121FFF77EF938B92846FFF783FD6E
:10464000072384F8C80084F8C730002038BD10B5AF
:104650004468037894F8C720012104F1A800FFF70B
:1046600069F910B9082384F8C73010BD30B50C467D
:10467000082304F8033BA0F2232300255D8600F104
:1046800009030A4603CB1B78C2F80300616023725A
:10469000D57030BD10B54468037894F8C52000216A
:1046A00004F1A800FFF746F918B924214520ECF7DA
:1046B0004DFE1E2384F8C53010BDF0B5466807785E
:1046C00096F8C52087B004460D463B460A2106F100
:1046D000A800FFF72FF968B32846FFF76DFD10B368
:1046E0002846FFF765FD05902846FFF75DFD04901D
:1046F0002846FFF75FFD03902846FFF757FD059911
:104700000090DDE9033206F13800FFF7A5FE61688D
:1047100001F5DC7116313046F4F766FC67B9606864
:104720000421F2F783FB002086F8040186F8C50017
:1047300007B0F0BD0120FBE760680521F2F720F823
:10474000F1E70B230B70437A8B70A0F52E731B8857
:10475000A1F80330037B4B7170470C230B70437A35
:104760008B70A0F52E700388A1F8033070470923E1
:104770000B70A0F571731B88A1F80330D0F80B30D3
:10478000C1F80530D0F80F30C1F80930B0F8133057
:10479000A1F80D3070474368D3F85C3110B504467A
:1047A0005BB10C22FFF714FF63683022204683F8C8
:1047B000C620FFF7F4FE012010BD1846FCE738B50F
:1047C00005464068012390F8C6200021A830FFF775
:1047D000B1F86C6860B994F8C6200123052104F192
:1047E000A800FFF7A7F8002814BF0820012038BD53
:1047F00094F8CB300BB90020F9E70A212846FFF7DF
:10480000CAFF04460028F6D12846FFF7C8FE6B68A9
:10481000122283F8C6202046E9E738B504464068EE
:104820000D4690F8C62001230021A830FFF782F83A
:1048300070B9606890F8C620142A09D001230521B8
:10484000A830FFF777F8002814BF0820012038BDF2
:1048500003212046FFF79FFF28BB636893F80A31C6
:1048600013B92046FFF79BFE6168284601F53E71AB
:10487000FFF778FC6168284601F5A471FFF779FC21
:1048800061680B88A1F8CD33284601F2CF31FFF7DC
:1048900061FC6168284601F2D731FFF760FC63686C
:1048A000162283F8C6200020D1E7436893F8C6207B
:1048B000132A03BF1422002083F8C6200220704769
:1048C00010B5436893F8C630192B044607D1FFF79B
:1048D00070FE63681D2283F8C620002010BD0220F0
:1048E000FCE70A46072310B502F8033B00F1090371
:1048F0000C4603CBC4F80300516019889B7893726F
:10490000118110BD10B54468037894F8C5200021CA
:1049100004F1A800FFF70EF818B9AA211C20ECF743
:1049200015FD042384F8C53010BD68B50546406800
:104930002E787EB990F8C62033463146A830FEF76F
:10494000F9FF18B9B2211C20ECF700FD6B6883F861
:10495000086168BDD0F8B420D30701D4B721F2E7CD
:1049600090F80831013B5BB2002B80F8083101DA86
:10497000B921E8E722F00102C0F8B420E9E70E23EC
:104980000B706FF4E273184403884B80704710B5C6
:104990004468037894F8C520092104F1A800FEF7C3
:1049A000C9FF30B1002384F8F83084F8043184F86A
:1049B000C530002010BD38B5047845685CB995F85D
:1049C000C6202346214605F1A800FEF7B3FF80B9B3
:1049D0000124204638BDD5F8B44014F00404F7D1C2
:1049E000FFF7DDFDD5F8B43043F00403C5F8B4306B
:1049F000EFE7012385F808310223A5F8064185F881
:104A0000C630E6E70378426813B982F80831704788
:104A1000D2F8B43023F00403C2F8B430FFF7C9BDB4
:104A200038B54568037895F8C5200446002105F19E
:104A3000A800FEF77FFF18B971214B20ECF786FC28
:104A40002378002B0CBF0523102385F8C53038BD13
:104A500001230B7000238B70A0F586731B88A1F8CF
:104A60000330437A4B714389CB8083890B81704734
:104A700070B54468057894F80B6116F0020604F1ED
:104A8000A80012D194F8C5202B463146FEF752FFFC
:104A900018B96F214020ECF759FC012384F8C53088
:104AA00084F80431A4F8006170BD8DB994F8C62073
:104AB0002B462946FEF73EFF08B184F80851002333
:104AC00084F87231F0E722F00202C4F8B420F6E76D
:104AD000D4F8B4209307F2D594F80831013B5BB2C7
:104AE000002B84F80831EEDA8121D3E734230B70F0
:104AF000D0F80930C1F80330704710B50B794C7904
:104B00000A68012843EA042108BF41F480311046B5
:104B100010BD07B5FFF7F1FF0DF10702F4F768FECE
:104B200003B05DF804FB70B58CB00E461546014627
:104B3000102268461C46FEF7F3FE10220DEB020021
:104B40003146FEF7EDFE6846FCF714F835B1102249
:104B500008A92046FEF7E4FE0CB070BD08AA234663
:104B60000CAD144603CCAC4218605960224603F1E8
:104B70000803F6D1F0E7FFF7C5BEFFF779BFF4F7FA
:104B8000E9BBFFF7D2BE13B50346104652680E3B91
:104B90000C4692F8C510092B42D8DFE803F0054116
:104BA0004141104118414128042905D10190FFF7E6
:104BB000EDFC0198F4F776FC002002B010BD10293E
:104BC000FAD1002102B0BDE81040FFF7E0BE1E2977
:104BD000F2D10190FFF7DAFC0198002CECD042688A
:104BE00092F81A3123F0200382F81A31E4E792F8A0
:104BF000C630242BE0D1002482F8C6400190FFF794
:104C0000D8FC0198436893F86C31012B03D12146FD
:104C1000F3F764FA01984368002283F86C21CBE72C
:104C200040F245213120ECF791FB08B5436893F839
:104C3000C620172A04D040F2AA413120ECF786FBA7
:104C40001B2283F8C62008BD08B5436893F8C62028
:104C5000172A04D040F2A4413120ECF777FB192247
:104C600083F8C62008BD08B5436893F8C620122A09
:104C700004D040F297413120ECF768FB012283F821
:104C80000921132283F8C62008BD08B5436893F8AC
:104C9000C620232A05D022B140F201513120ECF781
:104CA00055FB242283F8C62008BD08B5436893F855
:104CB000C620302A06D1002283F8C620BDE808406D
:104CC000FFF777BC172A03D11B2283F8C62008BD43
:104CD00040F2BF413120ECF739FB4268D2F8B430E2
:104CE000D90610B5044604D440F2F5413120ECF762
:104CF0002DFB990602D540F2F641F7E723F01003A9
:104D0000C2F8B430FFF755FC60680521BDE81040DB
:104D1000F1F736BD70B5426892F81A3143F00403DA
:104D2000044682F81A3108460D46FFF793FA064604
:104D30002846FFF793FA224601463046BDE8704008
:104D4000F4F73CBE10B50C46D1E90501EDF782F948
:104D500094F86C0320280BD0FBF79EFC94F86C03AE
:104D6000FAF782FC20B940F61C113120ECF7EEFA7C
:104D700010BDEEF70FB890F8EB32002280F8C52096
:104D800080F8C62080F8C92013B10221F1F7F8BCE1
:104D90000321FBE70C2100F54070ECF7FDBC08B5E2
:104DA00090F8CB3043B990F8C5200621A830FEF723
:104DB000C1FD00F0010008BD0120FAE710B50C4666
:104DC000D1E90501EDF746F994F8010320280BD04D
:104DD000FBF762FC94F80103FAF746FC20B94FF4A4
:104DE00015613620ECF7B2FA04F536742046F2F776
:104DF000A9F820B12046BDE81040F2F7B3B810BDC5
:104E000038B590F8C930B0F8FA50044683B9C5F106
:104E1000020594F8F83083B92046FFF7C0FFB8B90F
:104E20002846A842A8BF284620EAE07080B238BDD4
:104E3000B0F8FC00401B051FEBE794F8C5200023E9
:104E4000092104F1A800FEF775FD0028E4D1E8E788
:104E5000D4F8F030D4F8EC00043B181AE1E710B5B0
:104E60000C460921E08DEDF743F810B1FF2380F8DF
:104E70009E30A06820B94FF4E9710A20ECF766FA79
:104E8000BDE81040FDF72FBB70B50E460321054667
:104E9000EDF72EF8044648B905212846EDF728F825
:104EA00020B116B190F8BD3003B90446204670BD5C
:104EB000037C0BB900207047037C012BFAD0007CE7
:104EC000073818BF0120704708B5027C012AD3B209
:104ED00004D0FFF7EDFF00F0010008BD1846FAE727
:104EE00038B50446FFF7F0FFD8B1237C022B16D06B
:104EF000257CEB1E5D425D41012907D10723207906
:104F00002374FAF77DFF2079FBF7C6FB0123237496
:104F10003DB104F12000BDE83840F2F723B8012587
:104F2000EAE738BD10B50446FFF7CEFF70B1204662
:104F30000121FFF7D5FF2079FAF796FB20B94FF44E
:104F400001710B20ECF702FA00232374002010BD3E
:104F5000FFF785BF08B58B6F6BB191F8523053B92D
:104F60008B6F01211888ECF7D9FF20B140F2451171
:104F70001E20ECF7EBF908BD10B51D23C3700446E5
:104F8000F3F7A4F8207110BD10B51E23C3700446BA
:104F9000F3F79CF8207110BD08B5F6F761FDF6F740
:104FA000C5FBF6F7D1F9BDE80840F6F77BBA70B556
:104FB00004460025666BA06D1EB9EDF7CFF9A66516
:104FC00070BD616B0B6863630D704D708D70CD703B
:104FD000FDF780FAEEE70B460146986DFDF77ABAC9
:104FE00010B50446E06B28B10368E3632146FFF780
:104FF000F2FFF7E710BD10B5044690F828301BB15A
:1050000000F12801F8F760F994F84D3023B104F16C
:105010004D012046F8F758F9A36D3BB12046FFF744
:10502000DFFF2046BDE81040FFF7C1BF10BD70B5DF
:1050300004460025666A16B9A16D59B970BD616A4A
:10504000606D0B6863620D704D708D70CD70FDF7F3
:1050500041FAEFE7606DFDF73DFAA665EEE7436DB7
:1050600010B5044633B1FFF7E2FF606DEDF76EF95E
:105070000023636510BD10B50446F8F741F92046DA
:10508000BDE81040FFF7D3BF10B50446F8F738F974
:10509000002384F8203010BD10B50446F8F730F92D
:1050A000002384F8503010BD10B5044690F820302D
:1050B0000BB1FFF7E9FF94F8503013B12046FFF72A
:1050C000EBFF2046BDE81040FFF7C9BFF8F7F8B97D
:1050D000801A00F3070038B540B20D4659B21446A5
:1050E000F8F7DEF90023287020446C70AB7040B2F2
:1050F00038BD002070474FF0FF3070474FF0FF3051
:10510000704770477047002070474FF0FF3070477E
:105110000020704790F90030002B14BF6FF015008D
:10512000002070470023037070470022FFF7D0BFB4
:10513000002070474FF0FF3070474FF0FF3070474E
:105140004FF0FF30704700230370704770B5F8F7D9
:10515000F7F9002405462646E0B2854200D870BD26
:10516000F8F7F4F90134868480F82660F4E7F9F75B
:105170000FB808B50020F9F769F80068003818BFC3
:10518000012008BD08B500F0CDF828B14FF08043EC
:105190000222C3F8342C08BD00F08BF80028F5D1AA
:1051A00000F09CF80028F1D1F5E74FF08043012290
:1051B0001A6070474FF08043D3F8080400F00100F4
:1051C00070474FF08043D3F8140400F0010070479B
:1051D0004FF08043D3F81C0400F0030070474FF0F9
:1051E0008042D2F81834D2F8182413F4803305D052
:1051F00002F003031B1A5842584170471846704783
:1052000007B56846F8F7FAFDDDE900024FF0807354
:105210000021E2FB030103B05DF804FB00207047AE
:1052200008B5F8F7D5FDBDE80840F8F7BBBD002389
:10523000037018467047EFF3108272B603780121AD
:10524000DBB2017002B962B6012B0CBF6FF0220015
:1052500000207047EFF3108372B60022027003B98A
:1052600062B600207047FBF773BD4FF08053D3F850
:105270003001A0F10F035842584170474FF080535E
:10528000D3F83001A0F10A035842584170474FF05B
:105290008053D3F83001A0F10E03584258417047B3
:1052A0004FF08053D3F83001A0F110035842584119
:1052B00070474FF08053D3F83001062803D0431CC9
:1052C000584258417047012070474FF08053D3F83F
:1052D0003001A0F10D035842584170474FF0805300
:1052E000D3F83001A0F1080358425841704708B57F
:1052F000FFF7BBFF024688B9FFF7C0FF014658B968
:10530000FFF7C5FF024658B9FFF7D3FF20B9FFF7F3
:10531000E5FF80F00100C2B2104608BD0022FBE7A5
:105320000A46F9E708B5FFF7A9FF30B14FF08053FF
:10533000D3F83401B0FA80F0400908BD08B5FFF792
:10534000B8FF48B14FF08053D3F83401063810F15C
:10535000080F94BF0020012008BD08B5FFF7A9FF82
:1053600048B14FF08053D3F83401063810F1080FDC
:105370008CBF0020012008BDFBF72CBDFBF72ABD28
:1053800000280CBF6FF01500002070470020704708
:1053900007230370002070470020704700207047EB
:1053A000034611F8012B03F8012B002AF9D17047AD
:1053B000034613F8012B002AFBD1181A0138704755
:1053C0002DE9F0472DED028B9FED498B4A4E84B0BD
:1053D00004464FF04003EFF3118783F31288BFF3C5
:1053E0006F8FD4F8C8508DB9022104F1E0001BF092
:1053F000E5FC002843D100238DED008B029304F1DE
:10540000D00239463D4810F037FFE2E7D4F8CC200F
:105410002B68C4F8C830954208BFC4F8CC30D4F823
:10542000E03043F00203C4F8E030EB6823F00403FB
:1054300043F00103EB606B6887F31188BFF36F8F54
:10544000284698474FF04003EFF3118983F3128801
:10545000BFF36F8FEB68990723F0010219D4EA605C
:10546000D4F8E03023F00203C4F8E03089F3118867
:10547000BFF36F8FDB05ACD410F05CFEA9E704F13D
:10548000D8050022012128461BF0DAFE0028F8D1B9
:10549000B1E7306823F00303EB600028E0D0002779
:1054A000D0F80080BA460028DAD04268954201461A
:1054B0000BD1016897B972683160824200D1716086
:1054C00040F808AB10F010FA3946B8F1000F0BD0D5
:1054D000D8F8002040460F469046E4E739607268ED
:1054E000824208BF7760EBE74246F3E7AFF3008004
:1054F000FFFFFFFFFFFFFFFFD0850020EF9E002092
:1055000070B540F6CD4088B0002115F076FA4F4ACC
:105510004F48032115F06FFA00F04AFE034628B108
:105520004C4A4B48012116F095F919E04A4A48487F
:10553000032115F060FA40F6CD40002115F05DFA28
:105540004348464A032115F056FA4FF470200021D3
:1055500000F06AFE38B1424A3D48012115F04BFA8D
:10556000012001F0CFFC3F4A39483F4E032115F09E
:1055700042FA40F6CD40002115F03FFA3B4A34484C
:10558000032115F038FA304615F04DFA034608B1FC
:10559000374AC6E7374A2E48032115F02CFA40F661
:1055A000CD40002115F029FA304600F0B5FB044645
:1055B00010B1314A0346B4E7304A2548032115F0BB
:1055C0001AFA40F6CD40002115F017FA2C4A20486F
:1055D000032115F010FA40F6CD40002115F00DFA28
:1055E00003254FF480320023CDE90623CDE902459F
:1055F000244B25490494CDE900644FF4004223482C
:1056000010F010F8224A1248294615F0F4F94FF428
:10561000A0320023CDE90623CDE903441D4B1E49EA
:105620000096CDE901444FF400521C480FF0FAFFF8
:1056300029461B4A064815F0DEF91A4A044829464D
:1056400015F0D9F9204608B070BD00BF54390300E9
:10565000901E030066390300863903009C3903005D
:10566000C0390300063A0300A83F0020273A030090
:10567000433A03006E3A0300933A0300B83A03003A
:10568000D73A0300B95A0100009F002008220020E9
:10569000073B0300855F0100801F0120D822002006
:1056A000253B03003A3B03004B1E59425941014B35
:1056B00019707047ED9200204B1E59425941014B21
:1056C00019707047EC92002010B5134B1B78BEB0D8
:1056D000E3B1F1B1012907D10146104824223EB0BF
:1056E000BDE8104015F08BB9062928BF06212423F8
:1056F00003FB01F42246014601A81BF0A4FF074862
:10570000A2B201A915F07BF93EB010BD6FF00C00FC
:10571000FAE70846F8E700BFED920020CC29030025
:10572000054B1B7801461BB104480C2215F067B9E4
:105730006FF00C00704700BFEC920020082A0300B5
:105740002DE9F04F00F5295A85B0CDE902128146C6
:105750000AF1080A4FF0FF334FF0FF32504610F0C5
:1057600015F80346002800F0C380644A644802210B
:1057700016F070F84FF00008404605B0BDE8F08F15
:10578000D5F8304AD5F8347AD5F8386A04F1010BE7
:10579000BBFBFCF30CFB13BB5F4501D0B3457FD1D2
:1057A00095F8443A002B73D10136B6FBFCF30CFBA1
:1057B0001366C5F8386AD5F8383A04F59674E31AD2
:1057C000B3FBFCF20CFB1233C5F8403AD5F8343A7F
:1057D000E41AB4FBFCF30CFB1344C5F83C4A039BEE
:1057E0004345CDD8D5F8404AD5F83C3A454A464ECF
:1057F0009C4238BF1C4664235C434FF49673B4FB51
:10580000F3F41368591C1160962293FBF2F102FB2A
:1058100011335BB1D6ED007AFDEEE77A17EE903AE0
:10582000E31A002BB8BF5B420A2B0DDD374A344820
:10583000CDF800802346032116F016F807EE904AB3
:10584000F8EEE77AC6ED007AD5F83C3A092B0BD989
:1058500009F529501C3010F047F8D5F83C3A2C4A8D
:105860002748032115F0F6FFD5F8403AC72B0BD98E
:1058700009F52950343010F037F8D5F8403A254A68
:105880001F48032115F0E6FF50460FF043FF73E772
:105890000137B7FBFCF30CFB1377C5F8347A8AE7C2
:1058A000DDF808E0242303FB0494BEE80F000FC4D6
:1058B000BEE80F000FC4C7F59677C6F59676DEF8FA
:1058C000003023605F445E44B7FBFCF30CFB1377AE
:1058D000B6FBFCF30CFB1366029BC5F830BA24330D
:1058E00008F10108C5F83C7AC5F8406A029376E7EA
:1058F000804609F500554FF4967C70E7893B03001C
:10590000201F0300386A0020346A0020AC3B0300EB
:10591000D73B0300083C030001480FF0E5BF00BF80
:10592000580D00202DE9F843054600AF4E48884643
:10593000164603214D4A15F02FF94D484FF4004209
:1059400000230FF0F7FF044648B10346494A464892
:10595000012115F01FF92046BD46BDE8F883464BEE
:105960001B7823B9FFF7D8FF6FF01204F3E7DFF8D5
:105970004491424A2B4640F20511484613F0F2FE8C
:10598000B0F5827F09D93E4A3748012115F004F964
:105990006FF05A04FFF7C0FFDDE76D4688B06A4636
:1059A000384B3148C2E905394FF400739383364BC5
:1059B00042F8103F4FF4E65115F0F0F8AD46334D84
:1059C000334A2948AC600321C5E9004415F0E4F8E6
:1059D00032224946284603F01BFA044630B12D4ACC
:1059E00003462148012115F0D5F814E02A4A1E4843
:1059F000032115F0D1F821460222284603F090FA3F
:105A0000044658B1254A03461748012115F0C2F84B
:105A1000284603F04FFAFFF77FFF9CE73368204AE0
:105A20001148032115F0B6F832684146284603F0C4
:105A30005DFA041E02DA1B4A2346E5E71A4A0A48C1
:105A40003460032115F0A8F8284603F033FA044621
:105A500010B1164A0346C4E7FFF75EFF144A024836
:105A6000032115F099F876E7781F0300473D0300FE
:105A7000580D00206D3C0300FD95002007400300F9
:105A8000693D03007E3D030003000001407C0020CF
:105A9000973D0300A43D0300BB3D0300D23D03003E
:105AA000EF3D0300093E03001F3E03002C3E0300B0
:105AB000423E0300F39300202DE9F04F474C484D40
:105AC000DFF8208185B0064602AF2378002B64D032
:105AD00006F52959DFF838B1424D002409F134099F
:105AE00040F21F52002348460FF024FF0028F7D150
:105AF0005A462846032115F04FF83B4B2421C4F1A8
:105B0000800201FB0431304614F0FFFF804604445C
:105B1000364A009403460321284615F0A5FE802C42
:105B200003D0B8F1000F32D184B3314ADFF8E480FA
:105B30001368591C1160404600932E4A2E4B4FF4B7
:105B4000827113F00FFE24236343EA468AB07B6020
:105B500002AA2A49C2F81C80C2E9051340F20133A7
:105B60001384274B42F8103F4FF41351284615F089
:105B700015F81D49D5463A1D4046FFF7D3FE0346AA
:105B8000B0B1204A0121284615F004F800244FF452
:105B9000F670002115F005F8A2E740F6CD4000218F
:105BA00014F0FFFF2A460321404614F0F5FF8CE76E
:105BB0008AB07B6802AA1449C2E9073840F202435E
:105BC0009384124BC2E90514284642F8103F4FF463
:105BD000335114F0E3FFD546D8E700BFFD95002010
:105BE000703E0300781F0300406A0020BC3E0300A3
:105BF0003C6A0020FA3E0300F8940020093F0300AD
:105C0000040000012E3F0300523F03000500000185
:105C1000933E0300EE920020014902481BF06EB94A
:105C20004C7C0020D823002030B58BB0022301AA81
:105C3000CDE904231149039302AB012440BA069332
:105C400004ABADF80000CDE9083451F8040BCDF8F1
:105C500008D00794836806AA1D6808ABA84738B126
:105C60000748084A214614F09EFF00200BB030BDC3
:105C7000BDF8040040BA80B2F8E700BF4804002035
:105C8000301F0300893F03002DE9F0418AB0056908
:105C90001BF013FB4FF47A72A0FB020302FB0133EB
:105CA000C00BDFF87080164F40EA4344002638F8F6
:105CB000020BFFF7B9FF0136132E27F8020BF6D1BE
:105CC000104B01AE03F1200718685968324603C231
:105CD0000833BB421646F7D10B4B1B680122E41A6E
:105CE00001A928460994FFF72BFD012804D0074A93
:105CF0000748012114F057FF0AB0BDE8F08100BF4A
:105D0000B0900020B4900020D0220020A03F0300DB
:105D1000301F0300643503002DE9F04F87B07D4A42
:105D200002AF064603217C4814F03DFFE84688B0E8
:105D300002AC7A4B63612546794BDFF83C92A36154
:105D40004FF4007AA4F81CA045F8109F7248002375
:105D50002A464FF4E65101F087FB724B6361724BA8
:105D6000A361A4F81CA0C4F8109000232A464FF4A5
:105D7000E65169486D4D01F077FBC54600246C483B
:105D80001BF0CDF8234600944FF40062694968483F
:105D90000FF0B2FE284668491BF083F82246674C94
:105DA000674968482E611BF0CFFA20681AF075FE2B
:105DB000002863D1644A01215748DFF8C0A1564E3C
:105DC00014F0F1FE00250C244FF44040FFF72CFFA7
:105DD000013CF9D14FF4D44007F1080814F0E5FE76
:105DE000C346BC603C7328244AEA042000F47F4088
:105DF00014F0DBFEC7F804D0C3B28AB008F8013B48
:105E000002AA52494FF00509C2E90514C2E9070385
:105E100042F8109F00234FF423513046013401F023
:105E200023FB2D2CD7F804D0DED149494A465846E9
:105E30001BF056FC044650B3464A3748012114F083
:105E4000B2FE0135444A2B460121304615F002FDD1
:105E50004FF40040002110F0EFF9052DB3D13F4B76
:105E60001B78002B4ED12C483D4A012114F09BFE9B
:105E70004FF0FF301437BD46BDE8F08FE06818B131
:105E80001AF00BFE002895D0364A032194E7DFF87C
:105E9000F09039F8028B404614F087FE00F47F43FF
:105EA000B3F57F4F03D188EA0000C0B230B12E4A6B
:105EB00023460121304615F0CDFCC2E70134122CF7
:105EC000E7D14FF4AA40FFF7AFFE09244FF47F401B
:105ED000FFF7AAFE013CF9D14FF44040FFF7A4FEC2
:105EE0004FF44040FFF7A0FE0346204A0A48032132
:105EF00015F0B0FC1E4A0848032114F054FE174B5D
:105F000001221A7004481B4A032114F04CFE0020A1
:105F1000B0E700BFCC3F0300301F0300ED3F03009C
:105F2000F53F0300FF3F0300F93F03004C7C0020D6
:105F3000D823002000400120895C01004804002093
:105F4000195C0100A02300200A4003003640030032
:105F50005A40030060400300D7400300FE95002034
:105F6000FD40030022400300714003008E40030007
:105F7000B7400300294103000300000100C0FFFFF8
:105F80004035030013B51BF098F94FF47A72A0FB6B
:105F9000020302FB01310C4C0C4AC00B40EA4140A9
:105FA000C90BC4E900010A48032114F0FCFD842256
:105FB0000023CDE9002307484FF4C032002310F03E
:105FC00039FB02B010BD00BFD022002047410300C2
:105FD000301F0300A0230020024A0348032114F0CD
:105FE000F3BD00BF6C410300881E03000B78012B3A
:105FF00004D1074A0748032114F0E6BD022B01D162
:10600000054AF7E7032B01D1FFF7E6BF704700BF52
:106010008D410300881E0300A641030070B5094DA1
:10602000094E044644B12046FFF77AFB00214FF4A5
:10603000004010F001F9F5E72A460121304614F03E
:10604000C3FDF3E7BF410300881E030000B500F560
:1060500029550E4EB7B004461C35337823B90021BC
:10606000212010F0E9F8F8E70022002328460FF07D
:1060700061FC0028F3D169460622204614F000FD99
:1060800001466846FFF720FBE9E700BFA10B0020AF
:1060900008B530B9BDE80840034A0448012114F0AE
:1060A00093BDFFF7D3FF00BFDD410300881E03004F
:1060B000B0B500AF8AB00D888C884888CB886A4616
:1060C000084953620623C2E90515C2E9074042F8B0
:1060D000103F054800234FF4435101F0C5F9BD4678
:1060E000B0BD00BF1D420300881E0300F8B500AF1D
:1060F0008AB0084616461C466D46104B6B61EAF79F
:10610000F7F90F4B0022EAF75DFA00220023EAF7C5
:10611000A3F804EB84042A466400A4B20623C5E96C
:1061200006012E626C6242F8103F064800234FF4CD
:10613000435101F099F9BD46F8BD00BF5442030038
:106140000000F43F881E0300F8B5134A134B00AF5C
:106150000C1E6E4688B018BF134605466A461049A5
:10616000C2E905134FF4007393830E4B42F8103FBE
:106170000D4800234FF4E65101F076F9B5464CB9CD
:10618000284617F0F3FDC31E084A07489BB20321B7
:1061900014F018FDBD46F8BD6B610300A942030071
:1061A000B442030003000001881E0300C442030040
:1061B00037B5002005F056F9044640B1114A0346B0
:1061C0001148012114F0FEFC204603B030BD0F4AF7
:1061D0000D48032114F0F8FC01250D4806F0C0FB22
:1061E0000C4B0D490D480095022205F0FBFD0446BD
:1061F00010B10B4A0346E3E70A4A0348032114F0AF
:10620000E3FCE1E7D6420300881E03008639030061
:1062100060040020442A03004C2A03007C04002070
:10622000F54203001A43030010B502460B46064828
:106230000FF080FB044620B1044A0548012114F008
:10624000C3FC204610BD00BF280D00203B430300C7
:10625000881E030013B505F0F7FD034638B1144A54
:106260001448012114F0AEFC012000F04BFE012483
:10627000114B124912480094022205F0B3FD034667
:1062800008B1104AECE74FF4F0100021FFF7CCFF03
:1062900028B10D4A0748214614F096FCE4E70B4A62
:1062A0000448032102B0BDE8104014F08DBC00BFCB
:1062B0006D430300881E0300442A03004C2A030098
:1062C0007C04002091430300C6430300F64303000F
:1062D00038B5164D164A04460B461648032114F0ED
:1062E00071FC2868A04203D116F019FC00232B6032
:1062F000114B1B788BB111481AF0BDFE10481AF0F3
:10630000BAFE104B0B4800221A7003210E4A14F0FB
:106310005BFCBDE83840FFF79DBF06480B4A0121F2
:1063200014F052FC012000F0EDFD00BF647C002061
:106330000E440300881E0300FF95002088250020DE
:10634000C0240020A10B0020274403003D4403008B
:1063500070B50D4688B04FF480420023CDE9062386
:106360000024164E00900423CDE90334CDE9014406
:10637000134B144914484FF400520FF053F9134AC9
:106380000321304614F020FC4FF400420023CDE9F5
:1063900006230823CDE90243CDE900540C4B0D49F7
:1063A00004944FF400520C480FF03CF90B4A0321BF
:1063B000304608B0BDE8704014F006BC881E0300EB
:1063C00091600100006901208825002073440300CA
:1063D0001D60010080480120C02400209544030076
:1063E000F0B58DB0044600AF29B1444814F06AFC02
:1063F0003437BD46F0BD16F076FB414D07F108017C
:106400002860204606F044FB10F0FF0406D03D4A09
:106410003D482346012114F0D5FBE9E7B88BEAF7A4
:1064200067F83A4B0022EAF7CDF800220023E9F79B
:1064300013FF3A8CB7F81EC002EB820253006E467F
:106440008AB09BB26A46DFF808E1C2F814E0C2E9FC
:1064500008C30623C2E9060142F8103F2A48234632
:106460004FF4435101F000F8294B7B602868B54692
:10647000391D16F0CDFB034620B1264A22480121E2
:1064800014F0A0FB244B7B602868391D16F0B0FB8C
:10649000034620B1214A1C48012114F093FB2049F6
:1064A000204B28680B6008F063FD034620B11E4AAC
:1064B0001548012114F086FB1C4A1348032114F0EF
:1064C00083FB1B4C1B480FF00FFA237833B91A4992
:1064D0001A48FFF73DFF0123237089E718480FF0A2
:1064E000D3FD18480FF0D0FD174B074801221A7052
:1064F0000321164A14F068FB7AE700BFB244030098
:10650000647C0020CE440300881E03000000F43F9A
:10651000000002023A450300FB0090425E45030082
:10652000607C0020496101007E450300A345030013
:10653000FF950020280D0020400B0020A83F0020E0
:1065400088250020C0240020A10B0020AD450300B9
:10655000ED4403002DE9F04F91B08407009302F061
:1065600004030293C2F3C20303F10103DDF8689050
:10657000039205460E46059340F0BA81041D30B1E2
:10658000072909D86FF01B0011B0BDE8F08F01F0AA
:106590000706341DC6F10806009B4FF00008591E7F
:1065A0004FF0040A4FF0FF330193CDF810804746B7
:1065B000C34653460DB1009820600598002800F3AB
:1065C000E8809848009A824203D397488242C0F0FC
:1065D000E080039AA4EB050E92074FEA9E0000F1BB
:1065E00003810F2F00F2B180002D00F0058107F12B
:1065F00040020DEB020C019A0CF8200C0CF8102C48
:10660000049801300490E7E07A285DD84B280ED832
:10661000472859D829282DD8252852D054D82028A1
:106620007AD02338D0F1000B4BEB000B74E04C38E0
:106630002E2849D8DFE800F07048484848484848C4
:10664000484848484B484848484848484859484BB3
:106650004B595959704B6D487048184B184848822F
:106660007F4B48484B487F0000204FF0000B4FF015
:10667000040A38E02A38C0B2012202FA00F010EA17
:106680000E0F49D110F0625C2FD110EA020B43D0FB
:106690006046013C5444B4FBFAF40AFB04F4002DB8
:1066A00061D0A3EB050CA4446645FFF46BAF002852
:1066B00068D1042B47D159F8043B236004340423E8
:1066C0002AE0019A013A01924FF0000B24E011F800
:1066D000010C6C2834D111F8023C00206C2B83464D
:1066E000C5D14FF0080A5346D3E709F1070929F04D
:1066F00007090734F9E802AB24F0070435B106981E
:106700002044B0423FF63EAFC4E900AB08344FF03E
:10671000000B4FF0080A534611F8010F002878D0FB
:10672000BBF1000F7FF470AF2528F5D1019B013339
:1067300001934FF0010B4FF0040AECE7584694E741
:1067400000208346A5E7082B02D06FF015001BE759
:1067500009F1070929F00709B9EC027B84ED007BF8
:1067600008340823D8E768B9042B02D109F10409D9
:10677000A4E7082BE9D109F1070929F0070909F174
:106780000809EDE705980138059059F8040B0090C9
:1067900010E7039A900720D5A4EB050E4FEA9E0060
:1067A0004FF0010CBEF5007FCFD20F2FCDD8F5B141
:1067B00007F140020DEB020EC0B2019A0EF8200C58
:1067C0000EF8102CBCF1000F3FF41AAF60F07F0000
:1067D0000EF8200C08F101080137C5F10802043455
:1067E00006924FF6DA7E97E74FF0000CDAE7BCF13D
:1067F000000F01D00136EFE7029A0236002AEBD1F2
:106800000098CDE90631FEF7D3FDDDE906310644F7
:10681000E2E7631BB3F5806F97D23DB9A6F1080498
:10682000E018B1E6001B03006C6A0300029A2860BE
:106830009B082B709DF81030C2B1EB7085F8028078
:10684000B8F1000F05D008A80022C5F1010C97424D
:106850000ED1C5F101030DF120094FF0000A01939B
:106860000DF1300B574512D1601B8DE66B70E5E7DB
:1068700010F8013B190608D504EB0C0E764503F021
:106880007F03FFF47FAE04F8013B0132DFE7B8F18C
:10689000000F03D099F90020002A17DB029BD3B127
:1068A0001AF80B2004F8012B0022019B98182044B1
:1068B0008642FFF467AE99F8000004F8010B0099D6
:1068C000039220461AF0BFFE039A14440AF1010A0B
:1068D00009F10109C6E799F8002055F82230009324
:1068E000029B45F822300098FEF762FD421CDCE76F
:1068F0006FF00D0048E600BF2DE9F04F95B000AFF6
:1069000090F802B0BB61BB6F7A62C3F3C003044668
:106910003B618A4641B9457800780BEB8000204402
:10692000554517D8A0EB040AE3787B61BBF1000F53
:1069300002D0BB6FD80716D47B6953BB7B6A1BB1EF
:10694000BA69514620469847554628465437BD46B1
:10695000BDE8F08F461C3046FEF72AFD013030447A
:106960000AF1010ADCE723783B629B00FB603B6A8B
:106970006268FA6104EB83097B6A002B40F0FE80B9
:106980005546C84609EB0B0A0026D04551D1D944DB
:1069900013E0BB6F9907D1D523783B6299469B00E2
:1069A000FB606368FB617B6A04EB8909002B7AD189
:1069B0005546BBF1000F4FD15E46BB6F13F0050F7C
:1069C0007B6909EB430ABB6F03F002030CBF4FF076
:1069D000020B4FF0010B7B62D145B6D019F8021BB8
:1069E00019F8013C54F82380AA4B984502D3AA4BCE
:1069F000984538D33B69002B42D0F86914F03BF935
:106A000000283DD0E8468AB06A46A44B5361FB6932
:106A1000C2E906314FF400731384A14B42F8103FD2
:106A2000A04800234FF4125100F01EFD023DC54660
:106A3000D2E718F8013B54F82300FEF7B9FCFB6FCE
:106A400001303BB1D7F880309E423EBFFB6F23F848
:106A500016000136054498E7BB6F13F004061CBF0F
:106A60007E6AD944A9E73B6923B1F86914F003F9B8
:106A70000028C7D1BB6FDA0705D4A5EB0B05ABE740
:106A80007B6A002BA8D04046FEF792FCFB6F43B117
:106A9000D7F880309E423FBFFA6F431C22F8163071
:106AA0000136054498E7BBF1000F6DD0BB6F13F0C2
:106AB00004066CD0D846002607F140005A464946E5
:106AC0001AF0C1FD7B695B007B607B69D94409EBEF
:106AD0004303BB60BB6F03F002033B60BB684B45E5
:106AE00057D1B96F6378B86F890706EB030254BFBB
:106AF0004FEA58010021C507D2B200F19A8010F088
:106B0000040F14BF40460020FB616270A070E1706A
:106B1000BA69F9687B6A20469847051EFFF615AFEB
:106B20003B6A2370FB6963707B69E3704146BA6915
:106B30007B6A84F802B007F140009847B0F1000882
:106B4000C0F2A480FB68BA69AAEB0B01C91A7B6882
:106B50004846C91A7B6A98470028C0F29980A84421
:106B600008EB00054FF0000B07F1300AB34562D384
:106B70000021BA697B6A08469847E6E65E464FF010
:106B8000000807F1300099E75E46D8469AE7B0461C
:106B900098E719F8021B3F4B19F8015C54F82500DF
:106BA000984202D33C4B98421DD33B6923B1F8690C
:106BB00014F061F8002891D13B68FBB908F1280373
:106BC00007F1280208F1010003EB020C07F1500362
:106BD00053FA80F008F102080CF8101C5FFA88F8EC
:106BE00000F8105C7AE73B692BB1F86914F043F8C0
:106BF00000287FF473AFBB6FDB0709D506F12803CC
:106C000007F12802711C9E1806F8205CCEB265E7D9
:106C1000BB6F58077FF562AF08F1280307F1280220
:106C200008F1010103EB020808F8105C5FFA81F833
:106C300054E7002068E71BF80A3087F82F3054F833
:106C40002390FB6FFBB133F81B80BA697B6A01218B
:106C500007F12F00984700281ADB0544B8F1000F10
:106C600006D14846FEF7A4FB00F101081FFA88F898
:106C7000BA697B6A414648469847002808DB0544C4
:106C80000BF1010B72E7D7F87C80DEE745465CE646
:106C900005465AE6001B03006C6A0300E645030044
:106CA00004000001F81E0300014B1860704700BF8C
:106CB0009004002080B505460E46174698460FF012
:106CC000D5FA03461AF012FFDFF81890044649F887
:106CD0000030424630463946A84754F8090001F0D2
:106CE00037FC00BF080000002DE9F047058B044683
:106CF0002807904611D4022905F0070540F0CD8001
:106D0000204614F0B9F978B10138218B042811D844
:106D1000DFE800F0C3106D85950001290CBF45F038
:106D2000100545F02005258388F31188BFF36F8F88
:106D3000BDE8F08701F0070AAA4500F0A680002709
:106D4000B9463E46A368002B00F0BD8041F0080123
:106D5000218388F31188BFF36F8FA168002900F0A9
:106D6000BB800D68002900F0B780D1F8048033465D
:106D700052462046C047002D76D02B6829461D4636
:106D8000F0E701F007035A1F012A1BD8002221F067
:106D90000701062B276889B2C4E9002209D13B46C6
:106DA00003E0628B013262831B68002BF9D141F052
:106DB00002012183204614F05FF900287BD041F0C6
:106DC000200177E0042B0AD121F0070189B2218349
:106DD000204614F051F910B141F020012183218B9C
:106DE00001F0070AAA4550D00027B946AAE723694F
:106DF00021F0070141F00601062DD3F80090218310
:106E00002DD1B9F1000F40D041F00801218388F362
:106E10001188BFF36F8F3A492046C84729E021F017
:106E20000701236941F0040189B2042DD3F80490CD
:106E30002183E6D000273E464FF0040A82E721F086
:106E40000701236941F0050189B2052DD3F80890A7
:106E50002183D6D000273E464FF0050A72E700276F
:106E60003E464FF0060A6DE72B4687E7B9F1000F63
:106E7000D1D14FF04003EFF3118883F31288BFF3B1
:106E80006F8F238B23F008032383258BEA062ED5EF
:106E900025F01003238305F007056669218B002E7A
:106EA000BFF66FAF00232768C4E9003321F0070164
:106EB00041F001012183218B01F0070AAA454FF01F
:106EC00000097FF43FAF002F9BD041F008012183E0
:106ED00088F31188BFF36F8F002FC7D03D68394604
:106EE00033465246204614F0F3F82F46F4E7AB063B
:106EF0007FF51AAF25F02003238305F00705FFE691
:106F0000FDB0020008B504464FF04002EFF31183D4
:106F100082F31288BFF36F8F0AF07AFA204601F0ED
:106F2000C1FA034813F0CEFE01F0F0FCFCE700BF0D
:106F30009A4603002DE9F047DFF8588004460746DB
:106F40004FF0010914B93846BDE8F08794FAA4F56A
:106F5000B5FA85F509FA05F32E0108EB05156FEA78
:106F6000030A24EA03042B7B002BEBD058F80630ED
:106F70001B694BB94644042273682846196807EA1E
:106F80000A0700F05DFADDE7284698470028D9D1C6
:106F9000F0E700BFA01F030030B51049104889B0CA
:106FA00000221AF0D1F90F4D0F4900220023CDE93C
:106FB000062300240E23CDE90334CDE901440B4B15
:106FC00000944FF4407228460EF02CFB08492846E6
:106FD00019F02BFE204609B030BD00BFF56F01004F
:106FE000202B00205026002080890120E57201001E
:106FF000C346030001480EF077BC00BF400D0020DF
:107000002DE9F04780461F480F4614F094FB0646D2
:10701000002830D000252846BDE8F087237B73B1D7
:107020002368DB680BB12046984723681B69D3B9F6
:10703000636804221968204600F002FA0136103411
:107040004C45EBD3B8F1000FE5D0002DE2D0284637
:10705000FFF770FF0546002FF7D000214FF4A47012
:107060000FF0EAF8F1E7204698470028E0D00AFA46
:1070700006F31D43E2E7044CDFF8109005464FF09D
:10708000010ADDE7787C0020A01F0300C01F030079
:10709000014B53F820007047702A030008B50346DF
:1070A00008462BB1044A136000F07EFC002008BDA6
:1070B0006FF01500FBE700BF9404002010B5044CEE
:1070C000237813B903480EF00FFC0123237010BD81
:1070D00000960020400D002010B50446084814F02A
:1070E0002AFB5CB1BFF35B8F064B53E8001F0139ED
:1070F00043E80012002AF8D1BFF35B8F10BD00BF38
:10710000707C0020747C00200020064BBFF35B8F56
:10711000014653E8000F43E80012002AF9D1BFF3FB
:107120005B8F7047707C002070B5FFF7EDFF084C57
:10713000084E0546B44200D370BD63685B792BB13D
:1071400023685B6813B12946204698471034F1E75D
:10715000A01F0300C01F030010B5044C04492046C3
:1071600014F07AF9034B1C6010BD00BFCC0B00205B
:107170005C2A0300687C0020084A094808B50023FF
:107180001370084A1360084A4FF400411360FFF778
:1071900085FFBDE80840FFF7DFBF00BF0196002074
:1071A00033B70200707C0020747C0020014600226E
:1071B0000148002314F071B9CC0B0020014814F0F1
:1071C0000ABA00BFCC0B0020024B0146186814F02D
:1071D00054BA00BF687C0020014814F08ABA00BF8E
:1071E000CC0B002070B5284B187800284BD0FFF747
:1071F000E5FF054690B1BFF35B8F244B53E8001FBA
:10720000013943E80012002AF8D1BFF35B8F204C0C
:10721000204EB4422DD32846FFF7D6FF1E4B1F4CFD
:107220001B68002B19DD1AF048F84FF47A72A0FBA6
:10723000020302FB0131C30BD4E9002043EA4143BE
:107240009B1A4FEAD13140F2E93261EB00019342DF
:1072500071F1000101D3FFF767FFD4E9003213F5A4
:107260007A7342F10002C4E90032BDE87040FFF7D2
:10727000B3BF63685B7923B1236829461B68204646
:1072800098471034C5E770BD00960020747C00203C
:10729000A01F0300C01F0300707C0020182B0020DB
:1072A00070B50D4D297861B90120FFF7A9FE0B4C8F
:1072B0000B4EB44206D3FFF795FF0028FBD1012304
:1072C0002B7070BD63685B791BB1236820469B6897
:1072D00098471034EDE700BF01960020A01F03007F
:1072E000C01F030000212DE9F0470846FFF788FE84
:1072F000044658B340F267684FF000091AF0F6FBF5
:107300001B4B1C4A1B58136033B11B4B1B68092BCA
:1073100002DD1A480EF0E8FA194FDFF860A00025E8
:1073200044B12046FFF706FE044618B94FF0FF3877
:107330004FF0FF39FFF756FF064628B9B5B9424668
:107340004B4650460EF0F6FA3546E9E74FF0FF3867
:107350004FF0FF39D2E72B689B691BB10022114621
:10736000284698471035BD42F5D3E8E7054DFAE7C2
:10737000080000006C7C0020747C0020400D002080
:10738000C01F0300A01F030013B5184814F0D3F961
:10739000174B1B787BB14FF04003EFF3118483F35D
:1073A0001288BFF36F8FFFF71DFF84F31188BFF3BF
:1073B0006F8F02B010BD0F4B1B68002BF9D050B976
:1073C00000220023CDE900230B484FF400420023A4
:1073D0000FF030F9EDE70928EBD1074819F0C0FFAD
:1073E000064802B0BDE810400EF07EBA747C002062
:1073F000019600206C7C0020202B0020400D0020F6
:1074000010B5064B1B68044698472146A060044807
:1074100014F0C1F8BDE81040FFF7B6BF9404002097
:10742000CC0B0020044A054B9B1AB1EBD30F34BFA1
:1074300052F8310000207047881E0300A01F03008F
:10744000084BC31A10B41B114468013323714368FD
:107450009A7143681960436801225A715DF8044BC0
:10746000FFF72CBEA01F03002DE9F04F8FB004AF33
:10747000C1F34A28B8600D4691467B600C0DB8F107
:10748000000F63D0002607F114034FF0040B4FF0F8
:107490000A0AC7F80C80C7E907667E620193CDF837
:1074A00008B0CDF800A007F11C03F9683246484641
:1074B000FFF722FAB0F5006F03461CD36C468AB082
:1074C000D9F8041004AB2648C3E9050140F2FF7166
:1074D000D9611A464FF400711984224B42F8103FCB
:1074E000214833464FF41251FFF7BEFFA5462C3713
:1074F000BD46BDE8F08FC0F30A0804F11700184438
:1075000020F0070080083B60FFF750FE68F353252A
:10751000044690B13B68154AC7E9083600F11001EE
:1075200007F11403F961CDE900A3CDF808B0F968BB
:1075300007F11C034846FFF7DFF968F353257B6822
:10754000B9682A46204614F02CF9D0E704F1170058
:1075500020F007008008FFF729FE0446EDE700BF92
:10756000D846030004000001381F030077B702006B
:107570002DE9F04F87B0DDE91269DDE9105A0446C4
:107580000F4693469846A6B31021CDF80090334697
:1075900052460020CDF81490FEF7DCFF014605F1BD
:1075A00017000844144B039104F007040BF0070B79
:1075B000E40020F0070003EA412344EA8B1480082A
:1075C0001C43FFF7F3FD44EA0554054640B13EB1C4
:1075D0000399CDF80090334652461030FEF7BAFFBB
:1075E000434622463946284607B0BDE8F04F14F01E
:1075F000D8B83146D3E700BF00FE0F000EB403B584
:1076000003AB014653F8042B0448019301F02AFB15
:1076100002B05DF804EB03B0704700BFB5B80200DC
:10762000CA0605D48B064CBF02490349FFF7E6BFE3
:10763000704700BF18470300174703002DE9F04FBC
:107640008BB09B469DF854300593DDE91693069365
:10765000059B0892DDE9187604460D46002B00F0E4
:10766000878006F00103099306F00803079314F0DE
:1076700080F806F0020A0246002849D084492046D4
:10768000FFF7BCFF8046BAF1000F08D016F0440F98
:1076900040D180492A462046FFF7B0FF8044099B2D
:1076A0005BB17D4B059A7D4953F822207C4B2046E7
:1076B000002A08BF1A46FFF7A1FF079B002B55D0F1
:1076C000784B059A784953F822202046FFF796FF19
:1076D0000546089B2BB175491A462046FFF78EFFD9
:1076E0000544BBF1000F05D071495A462046FFF70B
:1076F00085FF05444544B9F1000F48D1002F4ED114
:10770000F30700F1BF8031462046FFF789FFB3E061
:107710008046B8E7674B18680028BFD0664B4FF427
:107720007A7E1B68B5FBF3F54FF46162B5FBF0F3AD
:1077300000FB1355B3FBF2FA0EFB05F502FB1A3200
:107740003C21B5FBF0FCB2FBF1F300FB1C5501FB47
:1077500013220EFB05F50092B5FBF0F55749CDE974
:1077600001C552462046FFF749FF97E7079DB0E75E
:10777000BBF1010F06D1B9F1000F64D1002F7BD00E
:1077800000250CE0B9F1000FF8D04D485CE04D4801
:107790004D494B46224613F03DFA002F68D0DFF8E2
:1077A0003891DFF838A1102F31462046B84628BF5F
:1077B0004FF01008FFF734FF4FF0000B5D4545DC3C
:1077C000069B51461A782046FFF718FF4FF0010B31
:1077D0001BF0070F03D149462046FFF70FFFD8459E
:1077E0003BD9069B514613F80B202046FFF706FFB6
:1077F0000BF1010BBBF1100FEAD1344920464FF0D9
:10780000000BFFF7FBFE5A46069B9A5CA2F1200193
:107810005F2928BF2E222E492046FFF7EFFE0BF1ED
:10782000010BBBF1100F1DD01BF0070F03D1494610
:107830002046FFF7E3FED8455A46E5D8494620469C
:10784000FFF7DCFEEBE71F48059DA1E74946204610
:10785000FFF7D4FE0BF1010BB0E71E492046FFF7FE
:10786000CDFEC5E7069BB7EB0807434406939AD1C4
:10787000059B002B7FF444AF20460BB0BDE8F04FD2
:1078800014F00BB8064A05492046FFF7B7FE3AE761
:107890001F47030023470300802A0300074003001B
:1078A0001A470300942A0300484703004E47030089
:1078B00052470300807C00207C7C00202C47030082
:1078C000EBB80200B5B80200658C01005D4703000B
:1078D0005F4703001B6803001D6803005747030050
:1078E0002DE9F0410F884B688E6886B005460C463E
:1078F0009046C7F382175BB1144A9B1A43F3CF013A
:10790000002920DB2078C0F3C200FFF78BFD03467F
:107910002146608851F8102B0197C2F34A22002AB1
:1079200001EB0204C0F30B1008BF00210022CDE9D7
:107930000408CDE90214009231462846FFF77EFE86
:1079400006B0BDE8F0810023E2E700BF881E030017
:1079500073B542F20F738B4228BF0B4605680F4A7E
:1079600004460521684611F0FDFE63680C495B681A
:1079700006460B22284613F083FF636832466946A9
:1079800028465B6813F07CFF636806495B681B222E
:10799000284613F075FF02B070BD00BFB867030042
:1079A0007E47030062470300074A002101239042FB
:1079B00006D8064A01B901231360054B18607047C9
:1079C00040085B000121F2E740420F007C7C002070
:1079D000807C0020014B01221A7070470296002023
:1079E000014B002019607047987C0020024B03482F
:1079F00001221A7013F051BF03960020C42A03001D
:107A00000148FFF7A5BF00BFC42A030010B5064B0D
:107A100018680C46FFF73CFB21460346BDE81040C2
:107A200002480F22184700BF987C0020C42A030098
:107A300010B9074B18707047064B1B781BB141F209
:107A4000883019F025B8A42000210EF0F5BB00BF46
:107A500002960020039600202DE9F843DFF8789085
:107A60001C4F80460E46042499F8005095B90DF03D
:107A7000C3FB2846324641460DF070FB05460DF02B
:107A8000C5FBE5B101233B7099F8003073B930466E
:107A9000BDE8F8833246414600200DF05FFB054605
:107AA000EFE72046FFF7C4FF651E2C4600200DF0CF
:107AB00099FB0028EBD03B78002BF2D1E7E73B782D
:107AC000002BE4D0013C2046FFF7B2FF3B78002BAF
:107AD000CAD1DCE70296002003960020F8B5074FD4
:107AE0000D4604464618B44201D12846F8BD14F8A4
:107AF000011BBB6801485B689847F4E7681C0300FA
:107B0000014B036000207047082B03002DE9F04172
:107B10000646FDF74DFC05464FF0FF3312484FF087
:107B2000FF320DF033FE114B1C68D3F804809C42E9
:107B300008BF00242CB90C480DF0ECFD2046BDE830
:107B4000F081A7683846FDF733FCA84206D12A46E3
:107B50003946304619F0C4FD0028ECD0444501D028
:107B60002468E7E70024E6E7C40C0020A004002016
:107B700010B5044611484FF0FF324FF0FF330DF0BF
:107B800005FE0CB1A06858B90D4A0E48012113F04A
:107B900058FE6FF0150409480DF0BCFD204610BDDD
:107BA000FFF7B4FF08B1084AEFE7084B5A68C4E989
:107BB000003214605C600446EDE700BFC40C002096
:107BC000D4470300081F0300ED470300A004002072
:107BD0000449431E0F3013F8012F8A5C1A70834248
:107BE000F9D1704716480300F0B5264E07460C46FB
:107BF0000FCE8DB001AD0FC50FCE0FC596E80700B3
:107C000085E807003846002F38D0002C38D0381FC0
:107C10002146024610344B780D781B0443EA056375
:107C2000CD782B438D78043143EA05238C4242F80A
:107C3000043FF0D1144C04218A07036916D1C3F321
:107C40000742A55C1A0EA25C42EA0562C3F307254F
:107C5000DBB2655DE35C42EA054242EA032221F0C1
:107C6000030330336B4453F82C3C534050F8042F3B
:107C7000013153402C290361DED101200DB0F0BD4C
:107C80002046FBE7C01F03001648030001480FF021
:107C90006BB900BF082B030038B5044618B90F4B69
:107CA0000F485B6898476168B1F5683F10D0B1F53F
:107CB000680F0DD00B4DA9420AD011F468612068FD
:107CC00007D00146084818F084FF00232360656050
:107CD00038BD142219F0DFFCF9E700BF600A00206C
:107CE000164903002C5F5CA9C881002008B520B3A9
:107CF0004368B3F5683F10D101220368BFF35B8F7F
:107D000053E8001F002903D143E800200028F7D1E1
:107D1000BFF35B8F0DD1002008BD094A93420AD002
:107D200000684FF0FF324FF0FF330DF02FFD0028B9
:107D3000F1D00448F0E70448EEE76FF4E040EBE7E9
:107D40002C5F5CA9E98FFFFFEA8FFFFF08B5D8B170
:107D50004368B3F5683F10D100220368BFF35B8F1F
:107D600053E8001F012903D143E800200028F7D180
:107D7000BFF35B8F0BD1002008BD074A934208D0A8
:107D800000680DF0C7FCF6E76FF4E040F4E7034845
:107D9000F2E70348F0E700BF2C5F5CA9E98FFFFF23
:107DA000EA8FFFFF10B5044618B91D4B1D485B68EC
:107DB00098476368B3F5683F2FD0B3F5680F2CD0B0
:107DC000194A934219D1236803BB18484FF0FF3278
:107DD0004FF0FF3321460DF0B7FB08B923681BB9FC
:107DE0000F4B13485B68984720681422002119F054
:107DF00052FC4FF46863636008E0B3F5683F0DD848
:107E00003A2B03D040F6BA629342DED1206818F0D4
:107E100027FF636843F03A03636010BD054AF3E748
:107E2000600A0020164903002C5F5CA9C88100206D
:107E30003C4903003A00003A08B506490648402389
:107E4000142218F0B8FEBDE80840044904480FF0B9
:107E50004FB900BFC87C0020C8810020102B030050
:107E6000242B03002DE9F84F804600AF0C46002973
:107E700065D0E9468AB0D1E90012A3686D4633485F
:107E80002E464FF0050AC5E90501C5E9072346F866
:107E900010AF2F48324600234FF42151FFF7E4FA88
:107EA000CD46D4E903126369AD462A48C5F810A04F
:107EB000C5E90501C5E907232548002332464FF4EB
:107EC0002151FFF7D1FACD46E369234A2048DFF874
:107ED00094B0012113F0BEFC264600254FF00A0A9B
:107EE000E9468EB0D6E908E0D6E90A136A46C2F838
:107EF0001CE005F1010EC2E908E0A81CC2E90A0174
:107F0000E91CC2E905B5C2E90C1342F810AF1048EC
:107F1000002345F240010435FFF7A6FA102DCD46A7
:107F200006F11006DCD1236E0C4A0948012113F03A
:107F300091FCA3690A4A0648012113F08BFC2146F3
:107F400040460DF069F9BD46BDE8F88F6949030068
:107F5000701F030098490300C7490300194A030032
:107F6000284A0300D649030030BFFFF7FDBF00BF1A
:107F7000114B124A2DE9F041D518DFF84C80013D34
:107F8000B5FBF3F55D430E4B08EB0304013CB4FB7A
:107F9000F3F403FB04540E1B07460A49304619F05C
:107FA00052FB701942460021083E19F074FB7E67AF
:107FB00004F10800BDE8F0810100000000000000AD
:107FC00004000000C01F030004000000044B996877
:107FD0009869884203D003494FF080520A60704785
:107FE000A885002004ED00E070B5294C06460D463A
:107FF0002848294913F044FFA36AD9043CD52548F1
:10800000264913F03DFF1720A36A1A0504D521481D
:10801000234913F035FF18201D4CA36A9B0512D588
:108020001C48204913F02CFFA36BA26A100409D549
:108030001D4A1848012113F00DFC1EB1A36A23F458
:108040000043A3621920124CA36A590504D51148B4
:10805000164913F015FF1A20A36ADA050ED50D484C
:10806000134913F00DFF1B20094A936A43F47F4321
:10807000936200232B7070BD1620C5E7A36A9B0492
:10808000F2D504480B4913F0FBFE1C20ECE700BFBF
:1080900000ED00E0701F0300564A03006C4A030025
:1080A0007D4A0300904A0300A94A0300BE4A030028
:1080B000D94A0300F14A030010B5204C2049214859
:1080C00013F0DEFEA36A990136D51E481E4913F04F
:1080D000D7FE1E20A36ADA0104D51A481B4913F003
:1080E000CFFE1F20154CA36A1B0304D51548184961
:1080F00013F0C6FE2120A36A590304D5114815497F
:1081000013F0BEFE22200D4CA36A9A0304D50D483D
:10811000114913F0B5FE2320A36ADB0304D50948F7
:108120000E4913F0ADFE2420044A936A6FEA03431C
:108130006FEA1343936210BD1D20CBE700ED00E012
:10814000204B0300701F0300384B03004B4B030010
:10815000654B0300834B0300A84B0300C24B030095
:108160002DE9F843364D804689463648364917464C
:1081700013F086FEAB6ADE0627D53449314813F08A
:108180007FFE1124AB6A1D0704D531492D4813F039
:1081900077FE12242A4DAB6A980718D52D49294835
:1081A00013F06EFE6E6BAB6A190646D52A4A254857
:1081B0003346012113F04EFBB9F1000F03D0AB6A37
:1081C00023F08003AB62132403E01024DAE76FF09E
:1081D00015061B4DAB6ADA0704D52049194813F080
:1081E0004FFE1424AB6A9B0604D51D49154813F0B5
:1081F00047FE1524124B9A6AD50602D49A6A900754
:108200000AD55B68190507D54146304600F00EFBDC
:1082100010B180F309880224094B9A6A920642BF82
:108220005A6A22F400525A629A6A42F0FF029A6233
:1082300000233B702046BDE8F8836FF01506C2E7C7
:1082400000ED00E0701F0300ED4B0300034C030042
:108250007D4A0300364C03004E4C0300644C03007F
:10826000F14A03002DE9F041634B9CB0D3F8048040
:1082700000AF0546C8F30804002686F31188BFF353
:108280006F8F02F07F43B3F17F4F07D102F00C03F1
:10829000082B12D159495A4813F0F2FD00263546F1
:1082A0000023FB71E31E092B00F28480DFE803F05A
:1082B0000A7A7D7782828282828010074CBF0D46C7
:1082C0000126EDE74F494E484B4C13F0D9FD0023F2
:1082D000FB71E36A9A0705D54B49494813F0D0FD75
:1082E000002433E0E36A002B01DA4849F5E7E36A4A
:1082F0005B00F5D54649424813F0C2FD6369AA699F
:1083000043F480736361BFF34F8FBFF36F8F636973
:1083100032F8022C23F480736361BFF34F8FBFF3F5
:108320006F8F4DF602739A4209D0A36ADBB24BB34A
:10833000FA1D01212846FFF713FF044606E02B68CB
:10834000344A2F48012113F085FA2C68FB79ABB928
:108350006822294607F1080019F075F97B6A002E9A
:1083600044D0C3F3080222B96FEA53236FEA4323D0
:108370007B6207F108012046FFF774FD7037BD46A8
:10838000BDE8F081A36A13F47F4F04D0F91D0120EA
:10839000FFF72AFED1E7A36AB3F5803FA0D3FFF72A
:1083A0008BFECAE7FA1D0021C4E7F91D0020EFE7A4
:1083B000194992E7194A1A4B18F4F87FE8468AB02F
:1083C00018BF13466A461749C2E905134FF40073F4
:1083D0001384103C144BD46142F8103F084800232A
:1083E0004FF41151FFF740F8C54679E723F4FF73C6
:1083F00023F00103BCE700BF00ED00E0B14C030037
:10840000701F0300DC4C0300F34C0300144D030009
:10841000224D0300414D03005D4D0300984C0300C5
:10842000834C0300814D030004000001024A53699C
:1084300043F010035361704700ED00E0EFF3088054
:10844000EFF3098101B57246FFF70CFF01BD00BFD4
:10845000002080F31488BFF36F8F00F05DFC0020D4
:108460000D490860BFF34F8F0C4880F3088800F077
:108470003DF8402080F3118809484FF4046140180A
:1084800080F30988EFF314800221084380F31488F5
:10849000BFF36F8F00F034F994ED00E000D00120BD
:1084A00000A60120BFF34F8F0549064BCA6802F4AE
:1084B000E0621343CB60BFF34F8F00BFFDE700BF07
:1084C00000ED00E00400FA050749D1F890200023F0
:1084D000C2F307221846934200DB7047C1F8983078
:1084E000C1F8A0000133F6E700ED00E008B572B670
:1084F000002383F31388FFF7E7FF144B4FF0FF329D
:10850000C3F88020C3F88420C3F88820C3F88C20E7
:10851000C3F89020C3F89420C3F89820C3F89C2097
:10852000C3F88021C3F88421C3F88821C3F88C21C3
:10853000C3F89021C3F89421C3F89821C3F89C2173
:1085400062B6BFF34F8FBFF36F8F08BD00E100E04D
:10855000084B9B6883420BD1EFF3058343B1064B75
:108560005A6842F080525A605A6A22F400425A62B3
:1085700018F045BEA885002000ED00E0094A936888
:108580006FF00A01D967084998674B6843F0805338
:108590004B60002383F31188BFF36F8F9368D86F0C
:1085A000704700BFA885002000ED00E024498A68DC
:1085B00082F8C1E04FF030001044EFF3098C80E8FE
:1085C000F01F1EF0100F03D102F1800080EC108A22
:1085D000402080F31288BFF36F8F1A4F4FF0006670
:1085E0008A698A603E604FF0740414192068164C42
:1085F000206092F9C1E0906F0023936780F31188A7
:108600001EF0100F03D00023E1EE103A03E002F158
:10861000800090EC108AEFF3148323F0040383F3BB
:108620001488BFF36F8F04B5104600F0B5F9BDE8AC
:10863000044002F1300090E8F01F8CF30988704785
:10864000A885002004ED00E0E48100201EF0040F66
:108650000CBFEFF30880EFF30980816911F8021C69
:108660000229FFD001B513F000FC01BD40B2002883
:1086700007DB044A4109012300F01F00834042F850
:108680002130704700E100E040B200280CDB4309D4
:10869000064900F01F0020330122824041F82320C8
:1086A000BFF34F8FBFF36F8F704700BF00E100E053
:1086B000054B420900F01F0053F82220012303FA62
:1086C00000F01040704700BF00E100E040B2D30767
:1086D00054BF023100210028ACBF00F16040074ABE
:1086E0004FEA4113ACBF00F5614000F00F00DBB270
:1086F000B4BF135480F80033704700BF14ED00E09E
:10870000144A08B5144B22F07F029A60BFF34F8FD2
:10871000BFF36F8FD3F8882022F47002C3F888204B
:10872000D3F8882042F4A002C3F888204FF04042DA
:10873000C3F83422BFF34F8FBFF36F8F0023E1EEF6
:10874000103A0CF01BFE0DF0A9FD00F0F9F80CF04A
:1087500067FE00BF0000000000ED00E0017B89071C
:1087600005D5416E40314166816E4039816642F8DF
:10877000203C009B42F81C3C0F49019B42F8183CEE
:10878000029B42F8143C21F001014FF0807342F843
:10879000043C42F8081C00238367037B13F0020F9C
:1087A000A2F120024FF6085308BF4FF47D43026543
:1087B000C0F8C030704700BFB56C0100037B13F0F8
:1087C000020F194B03D190F8C120D20617D45A6B6F
:1087D00042F080425A63D0F8C030190709D443F000
:1087E0000803C0F8C030436E40334366836E403B9D
:1087F0008366037B43F002030373802070475A6B48
:1088000022F080425A63D0F8C0301A0701D44020C9
:10881000704723F00803C0F8C030436E403B436606
:10882000836E40338366F2E700EF00E00C4A0346B4
:108830009068A0B1D0F8C020406E12F0080F0CBFB5
:108840004022802213F1160F04D0821A9A4205D8D2
:10885000834203D2814228BF002070470020704726
:10886000A8850020114B9B6883421BD1EFF3058044
:10887000C0B94FF04002EFF3118182F31288BFF3C9
:108880006F8F1A7B22F002021A73EFF3148323F026
:10889000040383F31488BFF36F8F81F31188BFF350
:1088A0006F8F70476FF01500704700BFA8850020DC
:1088B00008B514460D460022E1EE102AEFF31482AB
:1088C00022F0040282F31488BFF36F8FBFF36F8F1F
:1088D000094A0A4B9060426F1A6000F05DF820462A
:1088E00085F30988002163B681F31188BFF36F8F88
:1088F00000220023FEF7DEF9A8850020E481002095
:10890000014910220A60704710ED00E072B6404045
:1089100080F31188BFF36F8FBFF34F8F30BF62B604
:10892000BFF36F8F704700BF72B6494081F3118863
:10893000BFF34F8F20BF80F3118862B6704700BF2E
:10894000044800234021C2180133302B82F8001361
:10895000F9D1704700E100E001B5EFF30580A0F127
:1089600010004FEAC0000449014409C99847BDE816
:108970000140024908470000CC1C0300CD7F0100E4
:10898000024B034A0348012100F08AB8000004208A
:1089900000000020342B030010B50446FFF70EFF43
:1089A000626E03460548D21AC0E90023044B836077
:1089B000BDE81040012100F07DB800BFE881002033
:1089C00000000B15072808B5034607D90C480D4AC7
:1089D000012112F03FFF6FF0150008BD0A48C0F8F2
:1089E00098300A6822F01F021A4342F01002C0F8C1
:1089F0009C208A6842F00102C0F8A0201846ECE7EB
:108A0000581F0300984D030000ED00E0F0B50E463E
:108A100085B01F4604460025B5420DDA606810B3E4
:108A200097B1431E18420AD0104A11482B46012123
:108A300012F010FF6FF01502104605B0F0BD1F28B0
:108A4000F2D921680B42EFD12368019313F020FA89
:108A5000A36801A90343D0B20393FFF7B3FF10F15A
:108A6000160FE7D0421C01350C34D5E7BE4D03008C
:108A7000581F0300044B0522C3F89420BFF34F8F07
:108A8000BFF36F8F704700BF00ED00E0BFF35F8F53
:108A9000024B0022C3F89420704700BF00ED00E0B5
:108AA00010B5034C01232278FFF7B0FF207010BDF2
:108AB0001596002008B5094A00231278FFF7A6FF93
:108AC00010F1160F03D0064B0022072800DD08BD69
:108AD000C3F89800C3F8A0200130F6E715960020EF
:108AE00000ED00E0F0B54F490868082885B000F2B5
:108AF0009680FFF7CBFF4C4C49680022904201F171
:108B00000C010DD1494D4A4F28706846FEF7F8FF19
:108B100000240646A64216D1FFF7ACFF00202DE048
:108B2000C4F8982051F80C3C23F01F03134343F082
:108B30001003C4F89C3051F8043C43F00103C4F81E
:108B4000A0300132DAE7009800EB04114FEA041C70
:108B5000CB683B40B3F5000F4FD011D8B3F5001FE1
:108B600035D0B3F5800F3DD0B3F5801F17D0314A13
:108B70003148012112F065FE6FF0150005B0F0BD1F
:108B8000B3F1807F42D0B3F1007FF0D150F80C30C8
:108B900088684A6813F07CF940F4802009E050F8B6
:108BA0000C3088684A6813F073F940F0885040F43C
:108BB0003020039001A92878CDE90123FFF702FFB7
:108BC0000028D9DB2B7801332B700134A2E750F851
:108BD0000C3088684A6813F05BF940F0885040F424
:108BE0000020E6E750F80C3088684A6813F050F926
:108BF00040F0E06040F40030DBE750F80C3088686B
:108C00004A6813F045F940F08270D2E750F80C3012
:108C100088684A6813F03CF940F08870C9E74FF063
:108C2000FF30ABE7402B030000ED00E0159600207D
:108C30000000F0FFE14D0300581F030008B5024B90
:108C40001B689847002008BDF4810020034B044AAC
:108C50001860937843F0020393707047F48100200A
:108C6000C8040020F0B587B007460E461446002120
:108C7000102268461D4618F00EFD02238DF80230C2
:108C80002A46054B019321466846CDE9047610F04B
:108C900031FE07B0F0BD00BFB1BE020008B5064905
:108CA000064821F00701C1F1005202F5802212F0BE
:108CB000A6F9002008BD00BFE7F60120F8810020DA
:108CC0000E4A0123C2F840354FF080424FF08051E8
:108CD000C2F87835D1F83001082808D1D1F834111C
:108CE000052904D80648415C09B1C2F838364FF06E
:108CF00080430122C3F880250020704700E0014036
:108D0000124E030020B1034B800143F001031847CA
:108D1000704700BF202703000BF058B9084B596873
:108D2000024611B11968884207D0D86830B19968F5
:108D300004488A4218BF002070471846704700BF99
:108D4000048200200C82002008B5044817F088FF38
:108D5000034BC3E90033002008BD00BF148200208C
:108D60002882002002460B4601480CF00FBD00BFD0
:108D70001482002001480CF0CDBC00BF14820020FA
:108D80002DE9F74F824608460F469046FCF710FB48
:108D90004FF0FF3183464FF0FF30FFF7E3FF1B4BEF
:108DA0001C684FF000099C4208BF00245B684E46D7
:108DB0005CB9FFF7DFFF36B3CAF80060B8F1000F07
:108DC0001DD1002003B0BDE8F08FA569A94512D8D8
:108DD000AB4510D3012D03D97A5D2F2A00D052B9AB
:108DE000E16801932A46384618F07AFC019B002876
:108DF00004BFA94626469C42DBD02468D8E7B36965
:108E0000C8F80030DDE76FF00100DBE728820020C2
:108E1000F7B5054617460E4639B10846FCF7C8FABD
:108E2000012802D933782F2B08D01E491E4813F091
:108E30004FF86FF01504204603B0F0BD6A6842BBDE
:108E4000314601A8FFF79CFF041E04DA17491648B3
:108E500013F03EF8EFE7019B93F82020920702D52C
:108E600017F0120F18D1DA691268C2B16B60DB69B2
:108E70003A461B68314628469847041E07DA0C49D3
:108E80000948224613F01FF800236B60D3E72F72C6
:108E9000D1E76FF00F04CEE76FF01D04CBE76FF062
:108EA0008504C8E71C4E0300281F0300304E030052
:108EB000484E030038B54468054654B1E369DB69A0
:108EC00063B19847041E06DA06490748224612F0A5
:108ED000FAFF204638BD00236B60FAE76FF0850487
:108EE000F7E700BF5D4E0300281F030010B543687D
:108EF00063B1DB699B6863B19847041E04DA0649D5
:108F00000648224612F0DFFF204610BD6FF008042D
:108F1000FAE76FF08504F7E7734E0300281F03009C
:108F200010B5436863B1DB69DB6863B19847041E21
:108F300004DA06490648224612F0C5FF204610BD55
:108F40006FF00804FAE76FF08504F7E7894E030035
:108F5000281F030038B504460D464FF0FF304FF090
:108F6000FF31FFF7FFFE2046FFF7D8FE08B1436848
:108F70007BB90B4B5A6812B1DA686AB9012243F81F
:108F8000324003EBC20300245D60FFF7F3FE20468E
:108F900038BD6FF07704F8E76FF01B04F5E700BF0A
:108FA000048200201328DABF024B18566FF0040029
:108FB000704700BFA14E030001490020FFF7CABF60
:108FC000602B030030B5C1680122ADF5057D044674
:108FD000114400690AF082F80D2819D194F8203064
:108FE0009A0722D4DB071AD4124B0FCB6D4685E8C3
:108FF0000F00E0684FF4007304AA294601300AF01C
:1090000095F860B9E1682069012211440AF066F818
:1090100028B994F8203043F0080384F820300DF587
:10902000057DBDE83040FFF7BDBF6FF01D000DF5B9
:10903000057D30BDEC1F030038B50446006817F00D
:10904000BFF821680546044817F0C3FD2846BDE86F
:109050003840FFF7A7BF00BF480C002038B50446D2
:10906000006816F06EFF21680546054817F0B1FD4F
:10907000002323602846BDE83840FFF793BF00BFB8
:10908000640C002073B5002206460D4610480023EC
:1090900001A90CF059FA0446B0B9019B01465022CF
:1090A000184618F0F8FA691C306017F045F80546C4
:1090B00020B10199064817F08CFD3460284602B0B3
:1090C000BDE87040FFF76EBF6FF00B0002B070BDDF
:1090D000480C0020F7B5002306460D4612481746F7
:1090E00001A900220CF030FA0446C0B9019B0146E8
:1090F0005022184618F0CFFA691C306007F01302AE
:1091000016F0CCFB054620B10199074817F061FD28
:109110003460284603B0BDE8F040FFF743BF6FF06E
:109120000B0003B0F0BD00BF640C002008B504487C
:1091300017F0B3FC00280CBF6FF01200002008BD30
:10914000541C030070B5002343600223037240F2F5
:109150000113438190F83730DA07044600F1040622
:1091600025D413F0020F0CBF03250225EDB2012315
:10917000206865736372314612F0BDFFC8B9206B79
:1091800012F0DCFF022320686372314612F0B3FF55
:1091900078B9A4F86E002574206B12F0CFFF054B50
:1091A000636020683146BDE8704012F0A4BF01251D
:1091B000DCE770BD801A060070B50D4D04462068CE
:1091C00013F096F838B17D207D3D17F061FC002D3D
:1091D000F5DC01200BE00C266FF07300013E04D09B
:1091E000204613F0BAF80128F8D00028E7D170BD66
:1091F0008096980010B58AB004461822002103A872
:1092000018F049FA07230193B4F8623020681B0470
:109210000293012307930022C82301A9099313F0A5
:1092200060F828B9079B012B02BF0248039B184036
:109230000AB010BD0880F9FD30B58BB005460C466C
:109240001822002103A818F026FA372301931123CE
:109250002404079328680294C823002201A90993D3
:1092600013F03FF888B9079B012B03D1094B039AF0
:10927000134063B995F84C302BB9039B13F0200FC2
:1092800008BF6FF085000BB030BD0120FBE76FF029
:109290000400F8E70880F9FD2DE9F04714469946E7
:1092A0001A44436E9A429EB005468A4600F2838075
:1092B00090F86D30012B00F0818000F1140600223F
:1092C000002330460CF062FA0746002879D10146A7
:1092D00010220EA818F0DFF9B9F1010FB5F86E20D1
:1092E00003970CBF182319230C93B5F86830CDF8F9
:1092F0000890910754BF04FB03F222460D92C82741
:109300000322CDE913274FF0110842F210792868A3
:10931000CDF848806A460CA9CDE90043CDF810A0ED
:10932000CDF8149012F0DDFF00283BD02846FFF75F
:1093300043FF044678BB0146242215A818F0ABF978
:10934000182221460DEB020018F0A5F9B5F86210BD
:109350002846FFF771FF0446E8B91623CDE915301A
:1093600004220123CDE907232868CDF86C8005F19C
:10937000900306AA15A9CDE90A391D9712F0B1FF8D
:10938000044640B91B9B012B03D10F4C179B1C407B
:109390000CB96FF00404304612F0DDFF20461EB019
:1093A000BDE8F0872846FFF707FF04460028F2D003
:1093B0006FF07304EFE76FF01504EFE76FF08504CB
:1093C000ECE76FF00F04E9E70880F9FD2DE9F043C1
:1093D00090F84C3091B00546002B00F080810021C0
:1093E00013F0C6F80446002840F0FC80B5F86E6023
:1093F00085F86D00C6F3C006B607642017F048FB79
:109400002923CDE9073614230D93C8230F93002198
:109410002846FFF711FF0128024600F09880002837
:1094200040F06281286807A913F094F802460028EA
:1094300040F05A8195F84C20002E00F05781099B8E
:10944000002A7CD0D8077DD43146284613F090F806
:109450000446002840F0C6802B6D590042BFB5F885
:109460006E2042F00202A5F86E20DA0142BFB5F884
:109470006E2042F02002A5F86E209B0342BFB5F893
:109480006E3043F04003A5F86E30284612F0E3FF3B
:109490000446002840F0A680284612F09EFF0446AD
:1094A000002840F09F802E46AA6A924B9A4294BFB1
:1094B00046F8042F46F8043F2868314613F051F867
:1094C0000446002840F08E800146242207A818F0A8
:1094D000E2F82146182201A818F0DDF8B5F862106C
:1094E0002846FFF7A9FE044600287BD13323CDE9A7
:1094F000073011230D93C8230F934FF00808012361
:10950000CDE90283286842F2107305F1900701AAA1
:1095100007A90597069313F01DF80446002861D1AA
:10952000D5F8900001BA10F4000F00F00F02C9B294
:1095300015D1012A5AD0022A15D1042315E0002B97
:10954000C0F2D0804FF4A47000210CF075FE0134FD
:10955000B4F57A7F7FF45BAF6FF0730442E0012AC9
:1095600044D0022A44D012B9012385F86A30440558
:1095700042BFB5F86E3043F00403A5F86E30C8075B
:1095800042BFB5F86E3043F48073A5F86E3089079A
:1095900042BFB5F86E3043F08003A5F86E30B5F8E1
:1095A0006E4014F0020418D12146182209A8D5F8FB
:1095B00000904FF4007818F06EF81023CDE90738CA
:1095C000C8230F932246112307A948460D9312F092
:1095D000C1FF044630B9A5F8688095F836309B067F
:1095E00008D40024204611B0BDE8F0830223BCE774
:1095F0004346BAE795F86A30012BF2D96B6D002B20
:10960000EFD03D4BAB65012485F86B40182200215B
:1096100009A8D5F8008018F03EF81022002101A812
:1096200018F039F8354B05974FF0060CCDE907C314
:1096300011230D93C8230F934023CDE9023401AACF
:1096400042F2107307A94046069312F083FF0446C6
:109650000028C7D195F8A03095F86B2003F00F03D0
:109660009A4230D0B5F86E305C07BAD5242200217A
:1096700007A818F010F8B5F862102846FFF7DCFDCF
:1096800004460028AED10623079301230D93C82377
:109690000F93024602232868089307A912F05AFF85
:1096A000044600289ED10D9B012B04D1144C099B2C
:1096B0001C40002C96D104232868AB72314612F06E
:1096C00050FF04468EE70423EB72AB6D28686B6095
:1096D000314612F046FF04460028C3D082E76FF0FF
:1096E00085047FE72B65B7E614467BE7002A3FF445
:1096F000B3AEA9E640787D0180F0FA02F1FFFF8069
:109700000880F9FD30B58BB004461822002103A86B
:1097100017F0C1FF0C4B20680622CDE9012302257A
:10972000C823002201A90795099312F03DFF48B90B
:109730002046FFF741FD054B20686360E572211D5F
:1097400012F039FF0BB030BD0001B90300751903E9
:1097500070B58AB00D4604461822002103A817F000
:109760009AFF0123CDE9013504230793C823099308
:109770000026039A002A31DA100642BFB4F86E3090
:1097800043F02003A4F86E301F4B13402BB1B4F804
:109790006E3043F04003A4F86E3094F83730590728
:1097A00010D5B4F86E309A060CD503252068657381
:1097B000211D12F000FF78B94FF4A47000210CF0C5
:1097C0003BFD2574039B5B0042BFB4F86E3043F051
:1097D0000203A4F86E3000200AB070BD2068002299
:1097E00001A912F0E1FE0028F6D1002DF3D04FF4CC
:1097F000A470002101360CF01FFDB6F57A7FB8D1B8
:109800006FF07300E8E700BF0080FF002DE9F04F24
:1098100004469DB00021182204A817F03CFF94F8DC
:109820004C10002940F001822046FFF791FF0746C7
:10983000002855D1032384F86D3094F83730C3F3F2
:109840008001C9019B071CBF41F47F0141F4004125
:1098500041F080412046FFF77BFF074600283FD1BB
:10986000204612F0F8FD0746002839D1014618229B
:1098700015A817F010FF03264FF40033CDE913634A
:10988000012319933A46C82320681B9313A912F0A9
:109890008BFE074620BB199B012B03D1744F159BF0
:1098A0001F40EFB90223A4F862301822002115A846
:1098B00017F0F1FE09204FF40033CDE91303032321
:1098C00019932068C823002213A91B9312F06CFE81
:1098D000074628B9189A002AD3B205DB6FF085072E
:1098E00038461DB0BDE8F08F03F00702022A00F0F1
:1098F00083802046FFF77EFC07460028F0D1014612
:10990000242213A817F0C7FE94F83620910704D537
:1099100094F87030082B00F0A980530700F1828082
:109920001C22002114A817F0B6FE102200210AA85C
:1099300017F0B1FE082313934FF400780123CDE90B
:109940000B83199304F190030E93206842F2107375
:109950004FF0C80B0AAA13A9CDF86CB00F9312F000
:1099600023FE0546002845D194F87D310293D4F8B2
:10997000893194F854610393D4F8643163660146E5
:10998000A4F8688024220AA817F085FEC6F34013C5
:109990008DF81830C6F300138DF81930BDF8183063
:1099A00006F0020A06F00107002B6DD1BAF1000F94
:1099B00000F00D812046FFF7A5FE074600288FD155
:1099C0002422002113A817F066FE039B93B1294BB4
:1099D00020680622CDE91323022319930022C8230D
:1099E00013A91B9312F0E0FD054618B92046FFF7B6
:1099F000E3FB05462F4673E703F07803302B0FD0C7
:109A0000282B7FF476AF1C4B636001232068E37240
:109A1000211D12F0D0FD074600283FF46AAF5FE732
:109A2000164BF1E794F87030032B7FF679AF144AA8
:109A30000423A3720623139302231492199320681C
:109A4000C823002213A91B9312F0AEFD074620463F
:109A5000FFF7B2FB002F7FF443AF2068211D12F007
:109A6000AAFD074600283FF45BAF39E7054AE0E767
:109A70000880F9FD00012103002D310180BA8C011D
:109A80000001B7030002B70394F93B30002B8DDAD5
:109A9000637B032B8AD1A37A032B87D92046FFF758
:109AA00031FE074600287FF41BAF614B0B93DFF8B4
:109AB0009081C4F804800923E372024602232068DF
:109AC00010934FF006090AA9CDF82890CDF848B0B8
:109AD00012F06AFD074600287FF402AF2046FFF728
:109AE0006BFB074600287FF4FBAE9DF82DA0236892
:109AF00084F86BA0BAF1020F01936CD004F1040B4F
:109B00002068594612F057FD074600287FF4E8AE5A
:109B100094F86B30022B7BD0F309C6F380168DF8D6
:109B200016308DF81760BDF81630002B3FF448AFA3
:109B300094F83C30D8077FF543AFA37A082B7FF425
:109B40003FAF2046FFF7DEFD074600287FF4C8AE92
:109B5000384B02464FF0060A20684FF00209C8262B
:109B60000AA9CDE90AA3CDF84090129612F01CFD87
:109B700007462046FFF720FB002F7FF4B1AE2E4BA7
:109B80002068CDF828A03A460AA90B93CDF840905A
:109B9000129612F009FD074600287FF4A1AE204678
:109BA000FFF70AFB074600287FF49AAE0A232068D5
:109BB000C4F80480E372594612F0FDFC0746002801
:109BC0007FF48EAE0B9B1B0A84F86B30F8E6002FF7
:109BD0007FF4F6AE82E60146182215A817F05BFD69
:109BE000029B164A0198CDF84C9042EA0322149247
:109BF00013A93A46CDF864A0CDF86CB012F0D4FCAD
:109C000007462046FFF7D8FA002F3FF477AF67E604
:109C1000206883681B692BB19847074600283FF4EA
:109C20007BAF5DE66FF057075AE66FF0150757E612
:109C30000002B9030006B7030003B9030000BB0329
:109C400000C2EB0B0E4B402970B528BF40210D4CD4
:109C500046181D46B04203F1020304D1002305F863
:109C60001130074870BD02781209A25C03F8022C7B
:109C700010F8012B02F00F02A25C03F8012CE9E7B7
:109C800034960020144F030030B503788BB004469F
:109C900007AD032B21D8DFE803F0021A1C1E12497E
:109CA0002846FBF77DFB059563780493A37803931F
:109CB000E37802932379019363790093A3790B4AA4
:109CC0000B481E210FF04EFD09480BB030BD09496D
:109CD000E6E70949E4E70949E2E7094A0A21284693
:109CE0000FF040FDDFE700BFCF4E0300F14E030051
:109CF00016960020D64E0300DD4E0300E74E03000B
:109D0000EE5D030030B50A4D0A4B85B000242846AD
:109D10000293039417F003F902AB00932846064917
:109D20000A234FF4A3620BF0E7FE204605B030BDD6
:109D3000582B0020254F0300008D012001460148CB
:109D40000BF012BF582B00200378012B30B513D035
:109D5000022B27D07BB9194B0A4603F1100453F8A4
:109D6000045B42F8045BA342F9D11B78137043886B
:109D70004B731B0A8B7330BD104B0A4603F1100462
:109D800053F8045B42F8045BA342F9D11B781370CB
:109D900043684B73C3F307221B0CCB731B0A8A73F4
:109DA0000B74E8E700F1100350F8042B41F8042B82
:109DB0009842F9D103780B70DDE700BF2E4F030006
:109DC00038B50546054814F025F9044620B10021B0
:109DD0000C3014F081F92576204638BD500E002055
:109DE00070B502460D48BFF35B8F0B46002150E86B
:109DF000004F40E80015002DF9D1BFF35B8F24B967
:109E0000BDE870400120FFF7DBBF012304F10C0027
:109E10002376218214F060F9204670BDE003002013
:109E200070B504460F2C0D461046194605D80D2C6A
:109E30000DD9BDE87040FFF7D3BF132C07D10C48F4
:109E400014F0E8F8044638B90024204670BD0246F4
:109E50000B4645B10748F3E700210C3014F03CF9FC
:109E600001232376F1E7BDE870400120FFF7A8BF8A
:109E70007C0E0020CC0D0020C368034A1B780348E9
:109E8000022112F01FBC00BF474F0300C01E030099
:109E900038B5C368B3F801401B786BB90F21204671
:109EA00002F052FC054640B9084B1A8822B96FEA05
:109EB00004506FEA1050188038BD012102F038FBC1
:109EC0002846BDE8384012F02ABE00BFD6900020D8
:109ED0002DE9F041C5682E78CEB9B5F801700F2193
:109EE000384602F031FC044638B93B46094A0A4874
:109EF000BDE8F041012112F0E5BBEB784372314639
:109F000002F016FB2046BDE8F04112F008BEBDE8A5
:109F1000F08100BF6F4F0300C01E030010B5012188
:109F20000C3014F00EF9BDE810400378024A0348E3
:109F3000012112F0C7BB00BF954F0300C01E0300F4
:109F4000014610B5084814F06CF80849084816F0A6
:109F5000D5FF031E06DABDE81040064A0648012177
:109F600012F0B0BB10BD00BFE403002014050020B8
:109F7000082D0020B74F0300C01E030070B5C56850
:109F80002E880121304602F0DFFB044638B9334603
:109F90000C4A0D48BDE87040012112F093BB6E8859
:109FA000EA88A9882B89A0F8C430A0F8BE60A0F880
:109FB000C010A0F8C22002F055FC2046BDE8704059
:109FC00012F0ADBDD44F0300C01E030010B5084C05
:109FD0000146052294F86F0002F038FD38B994F874
:109FE0006F000449BDE81040042202F02FBD10BDEF
:109FF000A8020020B54E0300024A0348012112F0D6
:10A000005FBB00BFF84F0300C01E0300B0B50B4696
:10A010000D8A00AF04462946D868FFF713FE8AB0C0
:10A020006A46094BC2E9053440F202439384074B68
:10A03000C2E907504FF4325142F8103F044812F081
:10A040005EFBBD46B0BD00BF12500300050000011D
:10A05000C01E030037B502EBC303934204D103B023
:10A06000BDE83040FFF7D2BF144614F8085B8542C4
:10A0700011D10B8A54789C4207D9084A00900121DB
:10A08000074811F0F1FB03B030BD5368084603B038
:10A09000BDE8304018472246DFE700BF34500300D8
:10A0A000C01E030010B5012104460C3014F049F81D
:10A0B0002146034A0078BDE810400723FFF7CABFD6
:10A0C000582C030070B5C568B5F801600121304611
:10A0D00002F03AFB044638B933460D4A0D48BDE854
:10A0E0007040012112F0EEBA2B783BB9D5F803305D
:10A0F000C0F8AD30D5F80730C0F8B130201D4FF4AE
:10A10000005112F0E1FA2046BDE8704012F007BDA0
:10A11000D44F0300C01E030073B53D4813F097FFF2
:10A120000446002871D0017E012945D0032969D158
:10A13000038A032B02D8374A012141E004210C3065
:10A1400013F0FFFFFF23428806886376238AC6F355
:10A150000B009A42608309D02F48009201212F4AB8
:10A1600011F082FB204605F03BFA12E00F2102F0CD
:10A17000EBFA054610B9638B294ADDE702F004FBD0
:10A18000320B60762146284602F0A0F8284612F0ED
:10A19000C6FC244BD3F83C31002B36D0224923484F
:10A1A00016F0ACFE031E30DA214A1B48012102B032
:10A1B000BDE8704012F086BA038A012B04D81D4A0C
:10A1C000154812F07FFACDE702210C3013F0B9FFE9
:10A1D0000546007812F061FA83070CD4164A174935
:10A1E000174840F69B2311F030F8404080F3118867
:10A1F0004FF0030002DF134A287804232146FFF7BB
:10A2000029FFAFE7104A0B4696E702B070BD00BFCA
:10A21000E403002056500300C01E030077500300E3
:10A220009B500300A802002014050020082D0020E8
:10A23000B74F0300BD500300D95003000D51030078
:10A240003B510300382C0300585103002DE9F04323
:10A2500083B0064602AF907A3F4D8846144605F01B
:10A2600015F9854219D0A47A204605F00FF9E84681
:10A270008AB002AA394B5562C2E905360623C2E903
:10A2800007404FF4425142F8103F354812F037FA78
:10A29000C5460437BD46BDE8F083204605F0FEF80C
:10A2A000304D4FF00C0909FB00504388B3420DD0EC
:10A2B000204605F0F3F809FB005043882A4A009332
:10A2C00027483346022111F0CFFAE2E7274ED6F8AD
:10A2D000380120B105F084F90023C6F83831204652
:10A2E00005F0DCF80C2606FB00504368ABB1B8F172
:10A2F000000F12D1204605F0D1F806FB00500121D5
:10A300004268D2E90003127A03F01F06B1405B09EC
:10A31000DAB100EB830012F0D7F9204605F0BEF861
:10A320000C2606FB00508368002BB2D0204605F0B7
:10A33000B5F8704305F80080204605F0AFF806FB3D
:10A340000055A8680BF0D0FAA3E7C94300EB8300DF
:10A3500012F0D8F9E1E700BF240E00206C51030091
:10A36000C01E030030820020A1510300A80200207B
:10A3700038B5042104460C3013F0E3FE457801782B
:10A3800040882246FFF762FF25B10348BDE8384008
:10A390000BF0AABA38BD00BFC803002070B5032176
:10A3A00004460C3013F0CDFE0578B0F80100E368E8
:10A3B00040F6354290421B7806D1BDE87040084A0D
:10A3C0000848022112F07EB922461946FFF73EFFE7
:10A3D00025B10548BDE870400BF086BA70BD00BFDE
:10A3E000D4510300C01E0300C80300202DE9F84F1C
:10A3F000D0F80C80018A98F80040012303EB840315
:10A400008B4200AF7CD96D468AB06A463F48C2E9AC
:10A4100007310523C2E905044FF4215142F8103FEA
:10A420003B4812F06CF9AD46BD46BDE8F88F394A9D
:10A4300037485B46012112F045F9013598F80030A4
:10A440009D42F1DA08EB85030F21B3F801B0B3F8B0
:10A450000360584602F078F904460028E7D000F17E
:10A46000280B16B34FF04003EFF3118283F31288E9
:10A47000BFF36F8FE3696BB1013BE36182F3118836
:10A48000BFF36F8F204601F0E3FE013E0BF02CFA84
:10A49000B6B2E6E7636963B982F31188BFF36F8FE1
:10A4A0001B485246012112F00BF9204612F037FBEF
:10A4B000C3E7A169186860618B4208BFA06182F39D
:10A4C0001188BFF36F8F4FF04002EFF3118182F3D9
:10A4D0001288BFF36F8FDA68E261C3F80C90C3F89B
:10A4E0000090626A4AB9C4E9083381F31188BFF366
:10A4F0006F8F58460BF0FAFAC4E713606362F4E713
:10A500000025DFF814A0A94698E700BF0A5203000F
:10A51000C01E0300345203005052030073B5C568D7
:10A52000B5F801600121304602F00EF9044640B949
:10A530002B4A2C483346012102B0BDE8704012F08E
:10A54000C1B82B781A2B00F1040619D1C378012B5E
:10A550002AD14FF48061304612F0B6F842050FD48C
:10A56000D4F8A03000936946D4F8A830019320466F
:10A5700002F078FD204602B0BDE8704012F0CFBA7C
:10A580002B788BB9B5F80330A4F89E30B5F80530B8
:10A59000A4F8A430B5F80730A4F8A6306FF48071A1
:10A5A000304612F0AFF817E0BFF35B8F6368BFF37C
:10A5B0005B8FDB05F2D52B78202BEFD194F8AC30F4
:10A5C000002BEBD0013B84F8AC304FF42032002359
:10A5D00004F158000BF0F2FA204602F0F7F8C9E750
:10A5E000D44F0300C01E030010B5C1E900239DF83D
:10A5F00008300B720C4604F051FF034B0C2202FB97
:10A6000000335C6010BD00BF308200202DE9F047B0
:10A610004FF0FF324FF0FF3306461748174D0F46F5
:10A6200013F0F8FC044600F10C0A00214FF000087A
:10A63000504613F051FD84F81880204604F02EFF98
:10A640004FF00C0909FB00504680204604F026FF1D
:10A6500009FB0050C0F80880204604F01FFF09FBEA
:10A66000005503215046C5F8048013F039FD0680DB
:10A6700087702046BDE8F087240E0020308200203D
:10A680002DE9F041074688B015460C4621B9FFF781
:10A69000BDFF0446002854D002AE012200213046FE
:10A6A00016F07CFB204604F0F9FEDFF8C0800C2396
:10A6B00003FB00808660204613F0E2FC014624483C
:10A6C00013F0DCFC4FF4A022304600230BF032F9EB
:10A6D000064688B140F24B131E4A1F491F4810F02E
:10A6E000B4FD1F483246394610F0AFFD404080F3BC
:10A6F00011884FF0030002DF204604F0CFFE0C2348
:10A70000584318F80060A6B1164A174800963B4611
:10A71000022111F0A9F8204604F062FF092E13D09F
:10A720000D2E0CBF6FF00B006FF0040008B0BDE8F9
:10A73000F08115B12C600020F8E7204604F050FFAE
:10A74000F9E76FF06800F1E76FF06E00EEE700BF29
:10A75000EC030020D9500300675203003B51030073
:10A76000705203009C520300C01E03003082002080
:10A77000F7B5144B93F99B30002B05460C461DDAB8
:10A7800014B9204603B0F0BD082C01AA4FF0000117
:10A7900042F21800264628BF0826FFF771FF00285E
:10A7A000F0D1019FF96832460131284616F04BFF7F
:10A7B000384604F015FF3544A41BE1E76FF085002F
:10A7C000E0E700BFA80200200138C0B202289ABF0B
:10A7D000014B185C00207047A755030070B5C56891
:10A7E000B5F801600121304601F0AEFF044638B9EA
:10A7F00033460C4A0C48BDE87040012111F062BF9D
:10A80000E878FFF7E1FF84F8BC002879FFF7DCFF68
:10A8100084F8BD00204602F047F82046BDE87040AD
:10A8200012F07DB9D44F0300C01E03002DE9F0479C
:10A8300084B0834BB0F801801988047848F47042E2
:10A8400091424FF0000608BF1E8000AF054608BFCA
:10A8500001262CB33C2C1CD101F092F96FF0800141
:10A86000103011F04FFF0020FFF7B0FB054640B954
:10A87000744A7548012111F023FF1037BD46BDE829
:10A88000F0874472002101F053FE284612F047F988
:10A89000F3E76E4A6C482346022111F013FFECE700
:10A8A000C378012B08BF6A4B00F10409484608BF72
:10A8B00093F86F4011F0EDFE494638B307F10800F8
:10A8C00011F0DCFE05F11101781C11F00CFF0123E1
:10A8D0003B70EB78012B26D04846FFF7D5F96C4644
:10A8E00088B06A465B4BC2E905304FF4007393832E
:10A8F000594B42F8103F54484FF4E25111F0FFFE1B
:10A900001321A546404611F009FFB6E7204611F095
:10A91000A0FF014607F1080011F0EAFE494638465B
:10A9200011F0E6FED5E707F10800FFF74FFBEB78E3
:10A93000012B04460AD101F023F96FF08001824611
:10A94000103011F0DFFE504612F09BF8002CC3D0FF
:10A950002046B5F8013020F8883B07F1080111F0D6
:10A96000C7FEB5F81730A4F89E30B5F81930A4F832
:10A97000A430B5F81B30A4F8A6300022EB78627240
:10A98000364AC4F8BC204732C4F8C020012B4FF42B
:10A99000A472E370A4F8C42015D1394604F18F00E5
:10A9A00011F0A6FE01F0ECF8217A294AC1EBC101B1
:10A9B000114404F1960011F09BFED2F8E4305906E0
:10A9C00001D501F08FFA0721204601F0B1FD1EB13B
:10A9D0000121204601F0ACFD204612F0DEF8A37AFA
:10A9E000072B27D1BFF35B8F6368BFF35B8F9A049C
:10A9F00020D4E37823B1164B93F8D8301B0719D530
:10AA0000022142F21600FFF701FE0546A0B1022125
:10AA10000C3013F065FB238803800022294642F2A4
:10AA20001600FFF72DFE034620B10D4A064801210E
:10AA300011F048FE204629E76FF06803F5E700BFF4
:10AA4000D6900020B8520300C01E0300D952030064
:10AA5000A8020020F25203000300000101011B00C4
:10AA60000E53030000B5C16889B00B788DF8003033
:10AA7000B1F80130ADF80130CB788DF80330B1F882
:10AA80000B30ADF81730B1F80D30ADF81930B1F822
:10AA90000F30ADF81B304B7C8DF81D3001A8043110
:10AAA00011F026FE07490DF10B0011F01CFE0DF10F
:10AAB000110011F018FE6846FFF7B8FE09B05DF806
:10AAC00004FB00BFC94E030070B50C4D06460FCD08
:10AAD0008EB06C460FC40FCD0FC40FCD0FC495E8D8
:10AAE00003000D2E84E803009BBF0EAB03EB86062C
:10AAF000034856F8380C0EB070BD00BFFC1F0300B1
:10AB00002F530300024BD3F85C315B69184700BF39
:10AB1000A802002038B505460C4619B9FFF776FDA6
:10AB20000446C8B140F635439D420FD12046FFF799
:10AB3000E9FF054640B10346094A0A48012111F0E0
:10AB4000C1FD204604F04CFD284638BD064821468C
:10AB500013F094FA0025F7E76FF06805F4E700BFFB
:10AB600037530300C01E0300EC03002073B5C36815
:10AB7000D9789A781E8842EA0122ADF800205979E6
:10AB80001A7942EA0122ADF80220D9799A7942EA8B
:10AB90000122ADF804201A7A5B7AB4B242EA0323A8
:10ABA00001212046ADF8063001F0CEFD054658B92A
:10ABB0001C481D4A0121234611F084FD0221204634
:10ABC00011F012FE02B070BD694601F08FFE38B977
:10ABD0001E21204611F008FE284611F0A0FFF1E7E3
:10ABE0000E2142F22000FFF711FD04460028F3D0A9
:10ABF0000E210C3013F074FA00230680C0F80A30DE
:10AC0000BDF800304380BDF802308380BDF80430C9
:10AC1000C380BDF806300381214642F22000FFF7D1
:10AC200079FFD9E7C01E0300D44F03002DE9F84F88
:10AC3000484FDFF84C8107F11409FB6848466FF371
:10AC40009433FB6001F022FC451C42484FF0FF3278
:10AC50004FF0FF3329460BF027FD60B13E493F48D6
:10AC600040F61833424610F0F0FA404080F3118865
:10AC70004FF0030002DF374EDFF8F4B015B90BF0E8
:10AC800059FADAE7F368C3F38633022B51D9042B60
:10AC900059D1337B002B4FD131480022002313F0D0
:10ACA000BEF9044660B92F492C4840F6AA23424613
:10ACB00010F0CBFA404080F311884FF0030002DF20
:10ACC000DFF8C0A028484FF0FF324FF0FF330AF002
:10ACD00031FEDAF838215AB1244A2548012111F011
:10ACE000EFFCDAF8380104F07BFC0022CAF83821C6
:10ACF000204613F0C5F9CAF838012046FFF702FFD5
:10AD00000346B0B11B4A1A48012111F0DBFC16487A
:10AD10000AF0EAFD204604F0C1FB174B0C2202FBAF
:10AD200000301F2140882246FFF790FA204604F0A9
:10AD300057FC1436013DA1E7012BFAD130693838B0
:10AD400001F0C8FFF5E70D4A0221584611F0BAFCA0
:10AD5000EFE700BFD8040020675203003B51030017
:10AD6000EC03002099600300C8030020595303003E
:10AD7000C01E0300375303003082002074530300C9
:10AD8000D9500300A80200202DE9F041044600F14B
:10AD90000C06304613F0E5F9B4F81080B8F1010F55
:10ADA00005460AD8194A1A484346012111F08AFC7F
:10ADB0002046BDE8F04104F013BC3046022113F0F8
:10ADC000C0F90746007811F068FCC20706460CD4AB
:10ADD000104A1149114840F6CA6310F036FA404053
:10ADE00080F311884FF0030002DF05230C4A387806
:10ADF0002146FFF72FF9B307DAD56369A4F810806D
:10AE000013FA85F5E560BDE8F08100BFBD50030091
:10AE1000C01E0300D9500300955303003B510300AB
:10AE2000102C030038B5037E012B044605D0032BFC
:10AE300011D1FFF785F8002038BDC368187811F0EC
:10AE40002CFCC207054602D52046FFF79DFFAB0745
:10AE5000F1D52046EDE7054A0548012111F032FC05
:10AE6000204604F0BDFB6FF01500E5E7AE5303008C
:10AE7000C01E0300084A0346D2F85C0130B9D96805
:10AE800039B1596929B1C2F85C3170476FF0770068
:10AE900070476FF015007047A80200202DE9F84FA9
:10AEA0003D4C3E483E4D00AF042111F00DFCE279CF
:10AEB0003C4B2046012A88BF1D466E46FEF7E4FE45
:10AEC0008AB06A46384BD061C2E90535374B136208
:10AED000374B42F8103F3748DFF8EC80DFF8D4906A
:10AEE0004FF4235111F00BFCB546334EA346012518
:10AEF000E3799D420BF1070B38DB94F8705028463C
:10AF0000FFF7E2FD6E468CB0B4F87210B4F87630FC
:10AF10006A46DFF8B8C05362C2E90751274B4FF4C5
:10AF20000075C2E905C015854FF4535142F8103F32
:10AF3000204811F0E4FBB54694F871603046FFF705
:10AF4000C3FD8AB0B4F874306A461D499584C2E9DD
:10AF500007631C4BC2E9051042F8103F15484FF437
:10AF6000335111F0CCFBBD46BDE8F88F5846FEF7D3
:10AF70008BFEEA468AB06A4640F20133C2E90565B3
:10AF8000D06113844FF4135142F8108F484611F0EA
:10AF9000B6FB0135D546ABE7A80200207C030020B4
:10AFA00019470300C2530300C65303000002010304
:10AFB00004000002C01E0300D55303000600000178
:10AFC000245403000500000104000001E6530300BF
:10AFD000F0B5C34D83B0D5F85C31996811F001012B
:10AFE00000AF21D13A1D40F60340FFF749FB04466C
:10AFF00000286FD17868C3681B789BB9BFF35B8F5B
:10B00000D5F8D430BFF35B8F05F1D40203F0090308
:10B01000BFF35B8F52E8001F42E80034002CF9D1E7
:10B02000BFF35B8F04F0DCFA3A1D002141F203000C
:10B03000FFF726FB044600284CD17B68A94EDA684E
:10B04000D2F80100D2F8051003C6184604F0C8FA79
:10B0500021463A1D41F20100FFF712FB0446002889
:10B0600038D17868C3685A7885F870205A88A5F86E
:10B0700072201A7985F87120B3F80720A5F874209A
:10B08000B3F80530A5F8763004F0AAFA21463A1D47
:10B0900041F20200FFF7F4FA0446D8B9D7F804C029
:10B0A000DCF80C20531C413218685968344603C43C
:10B0B000083393422646F7D1604604F091FA95F89A
:10B0C0007C305C060AD4884A8848012111F0F8FADD
:10B0D0006FF0120420460C37BD46F0BD3A1D00212A
:10B0E00042F20300FFF7CCFA04460028F2D17B6855
:10B0F0007F4EDA68D2F80100D2F8051003C6184670
:10B1000004F06EFA21463A1D42F20200FFF7B8FA47
:10B1100004460028DED17C68E368B3F8012091B2D0
:10B1200049B1D97839B1A5F80421DA78114606F188
:10B13000280015F033FE204604F052FA95F87C60A2
:10B1400016F0200618D1022140F66D40FFF75EFA96
:10B150000446002800F0818002210C3012F0C0FF6C
:10B160000123037046702146324640F66D40FFF7DA
:10B1700087FA04460028ADD195F89C30180712D5FF
:10B180003A1D002142F21C00FFF77AFA044600281B
:10B19000A0D17868C368D3F80120D3F80530C5E999
:10B1A000382304F01DFA082142F20100FFF72EFABD
:10B1B0000446002851D008210C3012F091FF95F878
:10B1C000D82012F0020F14BF2F230F23910695F8F9
:10B1D000D92048BF43F0400312F0090F18BF43F4D1
:10B1E000006300220370C3F3072343708270C270B0
:10B1F000027142718271C271214642F20100FFF771
:10B200003FFA044600287FF465AF95F87C30B5F826
:10B2100004119A0624D4C9B93A1D41F20500FFF77A
:10B220002FFA044600287FF455AFB5F804317C6846
:10B230004BB9E368B3F80120A5F804219A882D489A
:10B24000114615F0ABFD204604F0CAF9082140F67E
:10B250000140FFF7DBF9044660B96FF0680439E795
:10B260000029F3D1244A2148012111F029FA6FF075
:10B2700004042FE708210C3012F032FF1023037072
:10B28000882300224370022620238270C670027138
:10B2900042718271C371214640F60140FFF7F0F917
:10B2A000044600287FF416AF01463A1D4FF60140D0
:10B2B000FFF7E6F920B3114A0C48022111F000FA19
:10B2C00000F04EFB044600287FF404AF01F092FD2D
:10B2D000044600287FF4FEAEFFF7E0FDFAE600BF6B
:10B2E000A8020020200300204B540300C01E0300CE
:10B2F00080030020B00300206F5403009254030029
:10B300007B68DC68B4F80130032B96BF434A44499C
:10B3100052F823106E468AB06A464248D3614FF411
:10B3200000731384404BC2E9050142F8103F3F48C7
:10B330004FF4135111F0E3F9B4F80120B4F80330DD
:10B34000022AB54649D1052B47D8394A52F823106D
:10B350006E468AB06A463748D3614FF4007313844F
:10B36000314BC2E9050142F8103F4FF413512F4809
:10B3700011F0C5F9637994F806C0D4F80900032BDD
:10B38000B54698BF2C4AB4F8076094BF52F8231012
:10B3900023496C468CB06A46DFF8ACE0C2E9073C52
:10B3A0004FF400739385254BC2E905E1C2E90960BA
:10B3B0004FF4735142F8103F1C4811F0A0F9A54614
:10B3C000786804F00DF93A1D00214FF60240FFF7AE
:10B3D00057F9044618B11A4A6EE71149B8E7786878
:10B3E000C368B3F80130A5F8C13004F0F9F895F856
:10B3F000C1305B077FF564AF3A1D21464FF603402D
:10B40000FFF73EF908B10F4A56E77868C3685B78E2
:10B4100085F8C03004F0E4F852E700BF002C0300C8
:10B420002F530300B654030004000001C01E0300A4
:10B43000E82B0300CF540300D82B030007000001C2
:10B44000145503003D550300E754030010B5FFF702
:10B45000BFFD034B1B6813B1BDE81040184710BD7A
:10B460004882002070B5344DD5F85C3188B006466E
:10B470004BB9324A3248012111F022F96FF012041F
:10B48000204608B070BD6FF0020105F1D40011F044
:10B4900039F9012111F018F910EA010448D1294BBA
:10B4A0001E600A4605F5907015F078FC05F5A2704F
:10B4B00015F04FFC00220023CDE906236FF00803AE
:10B4C000CDE90243CDE900441F4B204904944FF4D9
:10B4D000C0621F480AF0A6F81E491D4815F0A5FBDA
:10B4E0001D4815F01CFD1D491B4800946FF0070313
:10B4F0004FF480620AF000FB1949174815F095FBDC
:10B50000D5F85C31DB689847044630B10346154AEC
:10B510000B48012111F0D6F8B2E726B908B0BDE812
:10B520007040FFF755BD05F1C4000AF0DFFAA7E748
:10B530006FF07704A4E700BFA8020020665503005F
:10B54000C01E0300488200202DAC01008092012023
:10B55000402C00207F550300082D00200099012079
:10B56000855503008B550300044BBFF35B8F1868B0
:10B57000BFF35B8FC0F38000704700BF7C030020E7
:10B5800000487047C1450300F8B50A4DEF790646FB
:10B590000024E3B29F4202D86FF0010007E0294681
:10B5A000304611F040F90735631C08B12046F8BD5C
:10B5B0001C46EEE7A802002037B504460D4671B1DF
:10B5C0001249284611F02FF948B91148C4EBC404B8
:10B5D0002946204411F036F9002003B030BD6846FA
:10B5E00011F03EF80028F8D16846FFF7CDFF00289B
:10B5F000F5DA074BC4EBC4001844694611F022F990
:10B60000002DE9D001462846E4E700BFBC4E030008
:10B61000A802002038B512490622054616F043F864
:10B62000C8B1062142F20500FEF7F0FF0446A0B1C2
:10B63000062229460C3012F059FD0022214642F222
:10B640000500FFF71DF838B90548294611F0F5F84F
:10B65000012300F8013C002038BD6FF06800FBE7D3
:10B660001103002070B50D460446C0B1214911F008
:10B67000DAF8A0B92378012B04D1A37903F0C00331
:10B68000C02B07D01C4A1D48012111F0D4F86FF0DF
:10B69000150070BD2046FFF777FF002823DA002D44
:10B6A000F5D1174DEB79012B20D0BFF35B8FD5F887
:10B6B000D430BFF35B8FDB0707D4002CE7D00D49F4
:10B6C000204611F0B0F80028E1D1EE792146731C34
:10B6D0003046EB71FFF770FF08B93046D9E7EB79D8
:10B6E000013BEB71D5E76FF07700D2E76FF00B000D
:10B6F000CFE700BFBC4E0300A9560300C81E0300DD
:10B70000A8020020F7B5044638B9174A17480221A5
:10B7100011F091F8002003B0F0BD01AA002141F220
:10B720000900FEF7ADFF064608B1114AEEE7019F9A
:10B730001049FD6801350622284615F0B4FF28B1EE
:10B740000D490622284615F0AEFF18B9384603F019
:10B7500047FFDFE72946601C11F06FF83846267076
:10B7600003F03EFF0120D6E7D7560300C81E0300B2
:10B77000F0560300C94E0300C34E030007B56846E8
:10B78000FFF7C0FF044BD87118B169460020FFF7DE
:10B7900013FF03B05DF804FBA8020020F7B51F4BB0
:10B7A00093F8C230DB0705460E4608D41C4A1D48F4
:10B7B000022111F040F80024204603B0F0BD01AA98
:10B7C00000214FF60940FEF75BFF034608B1164A19
:10B7D000EDE70198C2685478B44228BF344602327B
:10B7E00016279C4209DC03F0FBFE002CE4D10F4A33
:10B7F0000C48022111F01FF8DEE7114607FB035643
:10B8000002F1140C51F804EB46F804EB6145F9D150
:10B810000988318001331632E3E700BFA802002017
:10B820000E570300C81E03003A5703005A5703007F
:10B8300070B5154DEC7988B02CB9012102A8FFF73D
:10B84000ADFFE871C0B90021084608B0BDE87040FE
:10B85000FFF708BF02AB06FB02310DF1010010F04B
:10B86000ECFF0123694610468DF80030FFF7A4FE77
:10B87000013410B108B070BD1626EB79E2B29342E4
:10B88000E8D80020F6E700BFA80200202DE9F0412B
:10B8900090460E461D46024650B14BB13103047826
:10B8A00010D5730708D52B4A2B48012110F0C3FF90
:10B8B0006FF01500BDE8F08110F0D8FF0028F9D135
:10B8C000012341E0F70730D5244FB8F1000F13D022
:10B8D000B0060AD4C4EBC403FB5C012B13D02B705D
:10B8E000B20620D543F002030BE097F8D830590692
:10B8F000F0D46FF08500DDE7C4EBC403FB5C012BE3
:10B9000001D02B700FE0072101FB047101311046BB
:10B9100010F0A4FF0028CDD1C4EBC4043B5D2B7014
:10B92000B8F1000FDCD10020C4E773070ED50B4E31
:10B93000C4EBC407F35D012BE3D1072111FB0431F4
:10B94000314410F08BFFF35D2B70B3E710F08EFFE6
:10B95000B6E700BF83570300C81E0300A8020020FB
:10B9600038B5104DEB7913B10024204638BDFFF7F0
:10B9700005FF044628B10C4A0C48012110F05BFF7A
:10B98000F3E7EB79002BEFD1FFF752FF04460028D5
:10B99000F1D1681CFFF73EFE04460028E5D0044ABA
:10B9A000EAE700BFA8020020A2570300C81E030058
:10B9B000C15703002DE9F74F0C4620210090924615
:10B9C000FEF724FE0546002855D020210C3012F049
:10B9D00087FB20220021814615F05DFE09F1010B55
:10B9E00004EBCA0A0026D4F8008000236268934260
:10B9F0000CD30834A245F6D1009889F800600022E3
:10BA0000294603B0BDE8F04FFEF73ABE98F8012092
:10BA100098F800C0B01C11181F2915D9BCF1090FE6
:10BA2000C0F11F0201D1002A0CDC144A1448012184
:10BA30000FF007FF284603F0D3FD6FF0150003B0A9
:10BA4000BDE8F08F4FF0080CD7B2791C0BF8061048
:10BA5000711CC9B25BFA80F00BF801C0D8F8041071
:10BA60000193023715F0EFFD019B3744FEB201331D
:10BA700008F10808BAE76FF06800E0E7E457030050
:10BA8000981E030008B504490722093015F00BFE83
:10BA9000003818BF012008BDBC4E0300F8B5154B97
:10BAA000067883F86F6004460D46FFF7EBFF70B928
:10BAB0001149304600F05CFF044610B96FF00B00EE
:10BAC000F8BD042100F034FD2C600020F8E704F1FB
:10BAD00009073946304600F081FF40B920783946E1
:10BAE00000F046FF04460028E8D00521EAE76FF0A1
:10BAF0001500E5E7A8020020B54E0300F8B545683B
:10BB00006905064635D4046914B115F0010330D037
:10BB1000194F3078FB7983422BD9C0EBC00017490D
:10BB20000722384415F0BFFDA8B115F0010306D176
:10BB300097F87020082A02D8B2689F2A19D915F000
:10BB4000300F09D0ACB1EA060AD405F46035B5F57A
:10BB5000603018BF0120F8BDEB0601D4002CF4D1F1
:10BB6000D6E902239A4204D81F2A02D9B3F5804F9E
:10BB7000EBD90020EFE700BFA8020020BC4E030075
:10BB800000487047C00200202DE9F04FD1F8109016
:10BB90008DB09A460023B9EB030506468C48059202
:10BBA00018BF0125079310F08BFE0C46410740F1AA
:10BBB00003812046FFF7A2FF28B96FF0150B584606
:10BBC0000DB0BDE8F08F204610F067FE80460028DB
:10BBD000F3D006F11007384610F072FE0206C0F3EB
:10BBE000C01300F1EC80CDE90933CDF82B30A36808
:10BBF0006068ADF82030E368ADF8223010F051FEF7
:10BC00006FF400518DF82D00714810F05FFE714AFD
:10BC10002378337082F86F3061680DF125032A466E
:10BC20003046FFF733FE83460028C8D106F10900ED
:10BC3000B9F1000F13D0216910F057FE204610F023
:10BC4000EBFE62680546D00716D4920503D4169B16
:10BC50000BB9022D52D102238DF8243019E05E4930
:10BC600010F043FE204610F0D7FE6268D10705466B
:10BC7000EBD58DF824900CE012F0100F0CBF0122D0
:10BC8000042221698DF824200DF1260010F02DFEEC
:10BC9000D8460F2142F20600FEF7B8FC8346002882
:10BCA00000F090800F2208A90C3012F01FFA002239
:10BCB000594642F20600FEF7E3FC002840F085807A
:10BCC000B9F1000F20D06368DB072BD40121304687
:10BCD00010F0B2FE8346002866D0404A4048012159
:10BCE0000FF0AFFD079C002C3FF469AF2046002108
:10BCF00000F01EFC204610F012FF60E70323DDF881
:10BD000058808DF82430C4E7179B0093CDE9018556
:10BD1000169B05995246304610F007FE83460028D0
:10BD2000D1D04CE707A93046FFF7B8FE834600287C
:10BD3000CCD010F10C0F7FF442AFB9F1000F7FF4BB
:10BD40003EAF626890073FF53AAF636883F0020345
:10BD5000C3F3400B0BF001020E21384610F0CCFD6E
:10BD60006B1E5A425A410821384610F0C5FDA91EE3
:10BD70004A424A413846092110F0BEFD62680A2154
:10BD800002F00102384610F0B7FD42460B2138465A
:10BD900010F0B2FD62680D21C2F38002384610F047
:10BDA000ABFD4FF0000B0AE7079808B110F0B7FEA3
:10BDB000B9F1000FCED1C8E76FF00A0BFFE66FF0C4
:10BDC000770BFCE66FF0680BF9E68346F7E600BFF9
:10BDD0007C030020A8020020BC4E0300FD57030096
:10BDE000981E030073B51546069A0C46CDE900323D
:10BDF0002B460A4601461148FFF7C6FE2146064675
:10BE0000002340F201109D4202D1304602B070BDC5
:10BE10000A88824204D14A6812B11278D20702D449
:10BE200001330831EFE70649064815F07EF84FF474
:10BE300070220023034809F0F5FEE6E7C002002067
:10BE4000C1BE0100D802002010B5194810F019FE3B
:10BE500018486FF4804110F039FD164810F030FD9D
:10BE600003461A06C0F3C01021D5124810F028FD71
:10BE7000430513D50E48FFF705FE0F490346087E1C
:10BE800093B90E49042200F0E1FD044630B10021CF
:10BE9000417200F04DFB204610F041FEBDE810401D
:10BEA0000348002110F0C8BD05222131EBE710BD89
:10BEB000C0020020D0020020A8020020B54E0300DE
:10BEC00010B5FFF7C1FF034630B1044A0448BDE88E
:10BED000104002210FF0BEBC10BD00BF1858030077
:10BEE000981E030073B53548344C10F0E9FC10F48B
:10BEF000804F38D0204610F0E3FC030633D42046B0
:10BF000010F0DEFC46052ED501A9A4F11000FFF7C4
:10BF1000C5FD40BBA4F11000FFF7B4FD024620466A
:10BF200010F0CEFCC0F38031204610F0C9FC81F047
:10BF3000010145054FEA4101204848BF41F0010198
:10BF400010F0BEFC800448BF41F004011C480DF114
:10BF50000303FFF79BFC054638B11A4A034601214B
:10BF600019480FF077FC02B070BD1548012110F0A0
:10BF700063FD019E28B9304602B0BDE8704010F064
:10BF8000CEBD2946304600F0D3FA6FF480410B480D
:10BF900010F09CFC0546304610F0C1FD6B04E2D564
:10BFA000BFF35B8F54E8003F43F4804344E8003222
:10BFB000002AF7D1BFF35B8FD5E700BFD002002086
:10BFC000C002002037580300981E030070B50B4BC9
:10BFD0001D68044625B90A4D0A4EB54207D370BD07
:10BFE0002B6813B1617A20469847AD69F2E72B6858
:10BFF00013B1617A204698471C35EEE77C82002019
:10C00000701E0300701E03002DE9F041154F044619
:10C010004FF000084FF04002EFF3118382F31288D3
:10C02000BFF36F8F216A29B983F31188BFF36F8F34
:10C03000BDE8F081606A0A682262814208BF6262DC
:10C0400083F31188BFF36F8FD1E90156C1F80C80DB
:10C05000C1E90188384614F088FE002231462046A6
:10C06000A847D7E7880D002070B5D1E90156002216
:10C07000C1E901220446CA60054814F076FE314643
:10C0800020462B466FF06D02BDE87040184700BF98
:10C09000880D00202DE9F047DFF898811F46B8F899
:10C0A0000431002B04460D4608F58470164608BF7F
:10C0B00000200022002309F03DFC002840F0B18060
:10C0C000002E00F0848006F10C0A5046B8F8049166
:10C0D00012F04BF8484574D9B8F8049155F80C1F84
:10C0E0004A46504612F002F84946284612F021F816
:10C0F000A37AB569072B40F091804FF04003EFF32E
:10C10000118283F31288BFF36F8F002D6AD0002352
:10C110002B60A369002B62D1C4E905554FF00009DB
:10C1200082F31188BFF36F8F042106F10C0011F028
:10C13000F8FF238807F0FD0743EA07370780338AB3
:10C14000043B4380022333763046FEF7DBFC074690
:10C15000002833D0344A0346012134480FF07AFBDB
:10C160004FF04003EFF3118183F31288BFF36F8F19
:10C17000002D4DD0636900225BB19D4245D12B68F3
:10C18000002A3CD1A2696361954200D1A3610023DA
:10C190002B6081F31188BFF36F8F6FF00407B8F83D
:10C1A00004312348002B08BF002009F09DFB2DB16E
:10C1B0000023B36129462046FFF756FF3846BDE805
:10C1C000F087504611F0D1FF1FFA80F986E7002270
:10C1D000002304F1380011F022FF064688E71D60B5
:10C1E000A5619BE7A36933B103F10C09DB68013357
:10C1F000C9F8003094E7E36904F11C09F7E713601C
:10C20000A3699D4208BFA261C1E71A461B68B3E754
:10C21000D9F80030013BC9F80030BAE76FF07F076A
:10C22000BDE76FF06807C9E737530300A81E030096
:10C23000B0030020A802002008B5034A03480221E9
:10C240000FF0FFFA002008BD74580300A81E030079
:10C250000448B0F80431002B00F5847008BF0020BA
:10C26000704700BFA802002038B5002204468A4269
:10C2700002D10024204638BD04F1C8030120BFF3D9
:10C280005B8F53E8005F002D04D143E8000CBCF144
:10C29000000FF6D1BFF35B8F02D0D0340244E6E743
:10C2A000002CE6D0C8220021204615F0F4F904F154
:10C2B0005800044914F039FE034904F1280014F031
:10C2C000F0FDD7E7B5CB010089CA0200F7B51646E5
:10C2D00004460D46FFF798FE012E23D0022E50D1C2
:10C2E00023693BB13048314A01210FF0AAFA2046B8
:10C2F00010F0CDFB256121690B8A012B51D9CA6849
:10C300001288043292B293424BD341D9264800920C
:10C310000121274A0FF0A8FA204603B0BDE8F040FB
:10C3200010F0B5BB206940B9224A1F4831460FF0D2
:10C3300088FA204610F0ABFB01E02F8A2FB928467F
:10C3400003B0BDE8F04003F04BB90C3011F00DFF25
:10C3500087420CD9184A144831460FF072FA216905
:10C360000022204600F052FE00232361E7E7206907
:10C370002A8AE9680C3011F0B9FE284603F030F93A
:10C38000B9E70E4A0848334601210FF063FAD0E7B7
:10C39000002301222046236103B0BDE8F04000F0F5
:10C3A00035BE03B0F0BD00BFA81E03009D580300BA
:10C3B0001D590300BA580300D8580300FF58030062
:10C3C0002DE9F3419846CB7A072B06460D461746D2
:10C3D0000BD80822264800920121264A0FF044FA81
:10C3E0006FF0150002B0BDE8F081837A072B07D00B
:10C3F000214A1F4801210FF024FA6FF07F00F1E776
:10C40000002A30D015F072FB1C4B1A581C4B9A4274
:10C410001C4807BF002200234FF0FF324FF0FF33CC
:10C4200009F02EFA044600B3B37A072B0DD0164A52
:10C430000F4802210FF005FA0023C4E90133114827
:10C44000E360214614F091FCD7E7C0E901780023AE
:10C45000C360AC61002406F138002C77294611F046
:10C460000DFE2046BEE71446F3E76FF06800B9E71B
:10C47000A81E0300385903005D590300080000009E
:10C48000A03E0020880D00206C59030070B50446C2
:10C49000234815F0C9F8224B00222046012115F04F
:10C4A00099F8BFF35B8F1F4B1A68BFF35B8F04F1E2
:10C4B00014000AB9012070BDA3F1C80113F8BE3CF5
:10C4C00093B9BFF35B8F0B1D53E8002F22F040059B
:10C4D00043E80056002EF7D1BFF35B8F530603D518
:10C4E000084610F0DDFAE5E78B7A072BE2D10E4B18
:10C4F000B3F80421002ADDD0D3F81021896B51B1A3
:10C500004AB903F58473022115F064F8012384F815
:10C5100020300220CFE7054B00220421F4E700BFC2
:10C5200024050020B82E0020A8020020282E00207C
:10C530002DE9F041867A8E4200AF04460D461BD1AC
:10C54000082E96BF774B784B53F826306C4688B050
:10C550006A467649C2E905134FF400739383744B1E
:10C5600042F8103F734800234FF4E451FAF77CFF80
:10C57000A546BD46BDE8F081817226B98378082BB7
:10C5800001D010F0B0FAA37A082B00F2C78001A204
:10C5900052F823F035C60100B9C5010073C501008A
:10C5A00073C5010073C5010073C5010073C50100A7
:10C5B000F7C5010073C501005F4D4FF0000805F598
:10C5C00084764FF04002EFF3118382F31288BFF3B9
:10C5D0006F8FE269002A7CD0013AE26183F311880F
:10C5E000BFF36F8FB5F80431002B14BF3046002025
:10C5F00009F07AF9E5E7A378042BBAD004F1380002
:10C6000014F0A7FB4D4800210AF0AAF80023C4E962
:10C610001433E378012BACD1A378012B04BF03239F
:10C6200084F8AC304FF42032002304F1580009F0B4
:10C63000C5FA9EE7A378042B03D1204610F06FFAC9
:10C6400097E7082E95D801A353F826F0C5C6010038
:10C6500071C60100B7C601003BC601003BC6010020
:10C66000B7C60100B7C60100C5C60100C5C60100B6
:10C670002046FFF7C9FCA378012B0AD104F1580525
:10C68000284614F05EFC10F00C0F02D0284614F07F
:10C690005AFCBFF35B8F043454E8003F43F040037F
:10C6A00044E80032002AF7D1BFF35B8F0021234812
:10C6B0000AF056F85DE7637A002BBED02046FFF7FC
:10C6C00085FCBAE71E4A2B461A4802210FF0C2F831
:10C6D0004FE7616921B983F31188BFF36F8F48E792
:10C6E000A0690A686261814208BFA26183F3118870
:10C6F000BFF36F8F4FF04002EFF3118382F3128884
:10C70000BFF36F8FCA68E261C1F80C8083F31188B0
:10C71000BFF36F8F2046FFF7A7FC63E7094A2B465C
:10C72000D2E700BFA02C0300925903009C590300DC
:10C7300003000001A81E0300A80200202405002019
:10C74000AD590300C459030070B5024605460E46B4
:10C750000A48012110F0FFF9044610B900242046D0
:10C7600070BD83781E42FAD1054A06482B46022145
:10C770000FF070F8204610F0D2F9EFE7F02D00200E
:10C78000E0590300A81E0300034BC01A034B00111D
:10C790005843C0B2704700BFF02D0020C54EECC416
:10C7A00038B50D460849002808BF084611F032FC8C
:10C7B000044618B9BDE83840FFF73EBD291D0C30CE
:10C7C00011F08AFC204638BDA00D0020F8B5BFF35B
:10C7D0005B8F4268BFF35B8F9205044600F1040350
:10C7E00019D5B0F89E20B0F8A010914213D8B0F837
:10C7F000A21091420FD3D0E9291291420BD1BFF37D
:10C800005B8F53E8001F21F4007143E80012002AF7
:10C81000F7D1BFF35B8F104B1D6825B90F4D104F3B
:10C82000BD420CD3F8BDEE683EB1B4F8A630B4F802
:10C83000A420B4F89E102046B047AD69EDE7EE683D
:10C840003EB1B4F8A630B4F8A420B4F89E10204647
:10C85000B0471C35E4E700BF7C820020701E030057
:10C86000701E0300F8B50D4B1D68044600F1BE06AE
:10C8700035B90B4D0B4E04F1BE07B54207D3F8BDD9
:10C880006B6913B1314620469847AD69F0E76B6993
:10C8900013B13946204698471C35EEE77C820020CC
:10C8A000701E0300701E0300F8B50D4B1D68044692
:10C8B00000F1BC0635B90B4D0B4E04F1BC07B54277
:10C8C00007D3F8BD2B6913B1314620469847AD69AF
:10C8D000F0E72B6913B13946204698471C35EEE73F
:10C8E0007C820020701E0300701E03002DE9F041C1
:10C8F000074608460C460FF075FF054618B9002597
:10C900002846BDE8F081134B1E6846B9124EDFF889
:10C910004C804645F4D2B36883B91C36F9E7B36856
:10C920000BB9B669F1E72146384698470028E6D0AA
:10C9300020460FF057FF0028F3D1E0E721463846A4
:10C9400098470028DBD020460FF04CFF0028E4D1A8
:10C95000D5E700BF7C820020701E0300701E03001C
:10C96000024B1A6882611860704700BF7C82002009
:10C9700038B505460C460A480121FFF775FC70B131
:10C9800005722368C0F88830A388A0F88C30A3799A
:10C9900080F88E3001238370024BC0F8A03038BD80
:10C9A000F02D00201800280070B505460A480E46F4
:10C9B00010F099F8044620B18378012B04D010F0D0
:10C9C000AEF80024204670BD3246294610F0EEF83D
:10C9D0000028F7D12046F2E7F02D0020B0B500AFD7
:10C9E0000D46FFF7E1FF044608B32846FDF74CF972
:10C9F000A37A082B96BF0F4A0F4B52F823306D468F
:10CA00008AB06A460D49C2E907030D4B53620D4BCC
:10CA1000C2E9051442F8103F0B4800234FF442517D
:10CA2000FAF722FD2046AD4610F079F80120BD4608
:10CA3000B0BD00BFA02C030092590300F7590300BA
:10CA40000103020405000002A81E0300F8B5054614
:10CA50000E480E46174610F046F8044620B183787B
:10CA6000012B03D010F05BF800240DE036B1324604
:10CA7000294610F09BF808B92046F3E7A37ABB4299
:10CA8000FAD1237AAB42F7D12046F8BDF02D002031
:10CA900010B583780B70C3784B70037A8B70837AF0
:10CAA000023BDBB2062B96BF254A0023D35C81F8FC
:10CAB0002430012381F825300023CB848378012B97
:10CAC0003AD100F188038B60037A1E4AC3EBC3039B
:10CAD00013444B60C47800F1960300F18F0214B147
:10CAE0001C4613462246C1E90323B0F89E308B82D0
:10CAF000B0F8A430CB82B0F8A6300B8300F1BC03B1
:10CB0000CB6100F1BE030B62D0F8B8302BB15B7B78
:10CB1000DA0644BF012381F82730D0F8B83013B1CA
:10CB20005B7B9B0601D4002010BD91F8273043F0B9
:10CB3000020381F82730F6E76FF01500F4E700BF35
:10CB4000AF5A0300A802002038B5044608460D4637
:10CB50000FF048FE48B3164B93F8D830990707D426
:10CB6000E37883B129462046BDE8384000F07ABA20
:10CB700094F8AD309A07F3D5BFF35B8F6368BFF3CA
:10CB80005B8F5B05ECD42946204610F05DF858B960
:10CB90002B88A4F8A0306B88A4F8A230AB88A4F846
:10CBA000A830EB88A4F8AA3038BD6FF01500FBE779
:10CBB000A8020020F7B510F84E3C0446A0F1580634
:10CBC000FBB9304610F09AF8394B1D684DB9394D14
:10CBD000394FBD420DD3304603B0BDE8F0400FF0F1
:10CBE0009EBF6B681BB114F84F1C30469847AD6967
:10CBF000ECE76B681BB114F84F1C304698471C35A6
:10CC0000E7E710F8563C012B31D1BFF35B8FA0F161
:10CC1000540555E8003F23F4007245E8002100293F
:10CC2000F7D1BFF35B8F990529D5A36C00936946B3
:10CC3000236D01933046FFF787FF0346C8B9BFF362
:10CC40005B8F55E8003F23F4807345E80032002AEB
:10CC5000F7D1BFF35B8FBFF35B8F55E8003F43F025
:10CC6000800345E80032002AF7D1BFF35B8F03B0A1
:10CC7000F0BD124A124802210EF0ECFDEBE74FF036
:10CC8000C8734FF0011269463046CDE90023FFF723
:10CC90005BFF034650B9BFF35B8F55E8003F43F499
:10CCA000807345E80032002AD3D0F6E7054AE1E771
:10CCB0007C820020701E0300701E0300305A0300A7
:10CCC000A81E0300555A030001460148FFF768BD3E
:10CCD000F80D00202DE9F047837A054693B9BFF39C
:10CCE0005B8F031D53E8002F22F0400143E800143E
:10CCF000002CF7D1BFF35B8F530603D5BDE8F04797
:10CD00000FF0CEBE05F1380014F044F8044660B9C7
:10CD1000344A354935484FF466730EF096FA404070
:10CD200080F311884FF0030002DF204611F0A8F9CC
:10CD3000DFF8BC90028AB9F804319A420446027FB7
:10CD400007D832B9022321462846FFF7A3F9064641
:10CD500032E017464FF0000A228AB9F804319A42AD
:10CD600004D80123237700220323ECE74FF0FF339D
:10CD70004FF0FF320020FFF7A7FFAB7A072B80466A
:10CD800006D002F02DFC2046BDE8F04702F028BC9A
:10CD9000C0F818A080F81CA0637F437702463B468A
:10CDA00021462846FFF776F90646B8B107F0010795
:10CDB0002777404602F014FC204602F011FC0536AD
:10CDC0000ED1A6690023A361204602F009FC3EB102
:10CDD00031462846BDE8F047FFF746B90127BBE7D3
:10CDE000BDE8F0877F5A0300996003003B510300C0
:10CDF000A802002010B50C4813F0ABFF0B490A48FD
:10CE000013F0B3FF0A49084813F0AFFF0949064879
:10CE100013F0ABFF01F08CF811F0F9F8044608B9F3
:10CE20000FF0AAFF204610BD880D00204C82002084
:10CE30005C8200206C82002008B50346034A044847
:10CE400001210EF007FD002008BD00BF2F5B03008D
:10CE5000D01E030080B500AF88B06A46074BC2E918
:10CE60000530032342F8103F054800234FF4C25118
:10CE7000FAF7FAFA6FF00B00BD4680BD575B03006E
:10CE8000D01E0300044B1A680AB1FFF7E3BF034842
:10CE900058600B601046704780820020E42C03002D
:10CEA000F7B5244D244F04460026BD4201D303B0FC
:10CEB000F0BD6B6801A920469847002834DB019B30
:10CEC0002A889A829A8403F11002A868BFF35B8FC4
:10CED00052E8001F42E8006CBCF1000FF8D1BFF32C
:10CEE0005B8F9E60616D03F10802F9B9C4E91422F9
:10CEF0001C60D860019843681B6803B19847019B88
:10CF0000BFF35B8F103353E8001F41F0010143E88A
:10CF10000012002AF7D1BFF35B8F01984368DB69E9
:10CF200013B100F1100198470C35BEE70A60626545
:10CF3000DEE700BF4C1E0300701E030073B50D46F4
:10CF40000646042105F10C0011F0FBF82B8A4288FB
:10CF50009A42044607D01F48009201211E4A0EF053
:10CF600083FC02B070BD43783BB91C4A19480121CB
:10CF700002B0BDE870400EF064BC0378012BF0D025
:10CF8000132B03D1012AECD8154AEFE7154A1148B3
:10CF900002210EF05FFC61783568022201200FF05B
:10CFA0007CFE04460028DCD002210C3011F098F8F9
:10CFB00000230370437022460093052128460FF09A
:10CFC000B8FE0028CDD0204602B0BDE8704002F087
:10CFD00007BB00BFD01E03007E5B03009F5B030006
:10CFE000C05B0300DC5B030008B50B8A032B06D88B
:10CFF000044A054801210EF024FC002008BDFFF77B
:10D000009DFFFAE7045C0300D01E030038B50B8ACD
:10D01000032B05460C4609D80F4A104801210EF093
:10D0200010FC2046BDE8384002F0DABA042104F1D1
:10D030000C0011F086F8418828460FF093FE30B9B5
:10D04000074A06480B4602210EF004FCE9E7436854
:10D0500021465B699847E4E7225C0300D01E030089
:10D060003F5C030073B5174B0E4619780131C9B206
:10D07000012938BF012105460822122019700FF03E
:10D080000CFE0446D0B108210C3011F029F8338889
:10D09000038073884380B3888380F388C380002330
:10D0A00028460093224605210FF043FE054610B1A5
:10D0B000204602F095FA284602B070BD6FF00B05CD
:10D0C000F9E700BFB596002023281FD81A2804D8F6
:10D0D000431E182B0ED906207047A0F11B03082B06
:10D0E0001ED8DFE803F0051D1B231D19251D0500B3
:10D0F000032070470F4A012383401A40C2B90E4AE9
:10D100001A40002A14BF01200620704700F07F0358
:10D11000522B05D100207047012070470520704731
:10D1200010F0400F0CBF062000207047042070470D
:10D1300002207047AAAA8A025455450108B5837A8D
:10D14000072B06D00C4A02210C480FF03AFE0020B3
:10D1500008BD04210FF006FE10B9094A0121F3E7CA
:10D16000BFF35B8F036BBFF35B8F5B0701D4054A93
:10D17000F4E750F8040CEBE77B5C0300A01E03000F
:10D18000895C0300A45C0300011F014813F021BD6A
:10D190002C0C002010B500210446142214F07BFA58
:10D1A00021460248BDE8104013F0DFBD700D00209D
:10D1B0002DE9FF4105460E464FF000084FF420537D
:10D1C000006817688DF8088002A91446ADF80A3087
:10D1D0000FF0F8F9A0B142F6010328688DF80C8031
:10D1E00003A9ADF80E300FF0EDF948B123691BB17A
:10D1F0005A88B24200D25E80012004B0BDE8F081BE
:10D20000616828680FF0DEF910B100232361F3E7AD
:10D21000E368A0681A786AB1B7F81AC0798D038AF2
:10D220008C4594BFC3EB0C03C3EB0103934201DABB
:10D230000020E2E704210C3010F052FF206106804C
:10D2400023695E80074B00930194A268002329465E
:10D2500038460FF0ACFE0028EADB2069003818BF22
:10D260000120CAE7D7CE020000B5024614F03EFC0A
:10D270000B46064908580649884206485DF804EB03
:10D2800004BF0022002308F0FBBA00BF0800000022
:10D29000A03E0020700D00202DE9F3410D46438B88
:10D2A000418D8B4202F1010228BF0B469A42804613
:10D2B0000AD92048009202211F4A0EF0D5FA002414
:10D2C000204602B0BDE8F0812846FFF7FDFE0228A7
:10D2D00014D0042812D04FF0FF364FF0FF37002152
:10D2E00032463B4608460FF021FD044650B9134A2A
:10D2F00010482B4601210EF0ADFAE0E74FF47026FE
:10D300000027ECE730463946FFF7AEFF40B90C4A3C
:10D31000084802210FF055FD204602F061F9CEE7E2
:10D32000C0F800800121A06104F10C0010F0D8FECB
:10D330000570C5E7A01E0300BE5C03002F5B030061
:10D34000E35C03002DE9F74317680546884600684B
:10D3500051687E6814460FF035F98146002842D1A5
:10D3600030469522294610F003FD0646207540B14F
:10D37000E3681B780BB184F81490002003B0BDE87B
:10D38000F083A06810F080FE02210C3010F0A8FE9F
:10D39000164B2061A0F8008000930194A2683346E8
:10D3A000294638460FF003FE002807DA10F1FF0F78
:10D3B00026BF4042C0B20E202075DEE72369002B55
:10D3C000DBD0A0680FF0E3FC7B8B7A8D9A4294BF90
:10D3D000C0EB0200C0EB0300E3681B78984294BFE7
:10D3E00000200120CAE70120C8E700BF9FCD02004E
:10D3F0002DE9F04F91B0166880460F46002542F6A1
:10D4000001030068D6F804908DF82C500BA914463F
:10D41000ADF82E300FF0D6F8002870D04FF420531E
:10D42000D8F800008DF82C500BA9ADF82E300FF075
:10D43000C9F838B1A3681BB15A88BA4200D25F80DC
:10D4400001200EE0616808460FF0A1FC728B738D1D
:10D450009A4294BFC0EB0200C0EB0300032803D83C
:10D46000002011B0BDE8F08F084610F00DFE054613
:10D4700060680FF08CFC728B738D05F10C0B9A4277
:10D4800094BFC0EB020AC0EB030A584610F06DFED1
:10D49000824537D260680FF07AFC728B738D9A42A6
:10D4A00094BFC0EB0200C0EB030070B96368987AC8
:10D4B00001F0ECFF0022002310F0ACFD054600282F
:10D4C000CED00146606810F0F0FD00230093D8F83C
:10D4D0000460102302AA41464846B047061E0EDBF0
:10D4E000227CE068B2422BD001460BA80FF098F8DE
:10D4F00060B9237C144A154802210EF0ABF90023D1
:10D50000A3609DE7584610F030FECEE7F2B202A9C4
:10D5100006A80FF085F810B90D4A3346EBE706A9C7
:10D520000BA80FF04FF80028E9D100236374042101
:10D5300005F10C0010F0D4FDA0600780A3687EE721
:10D5400002A914F0B0F8EEE7025D0300A01E03008C
:10D55000215D03002DE9F04182B000AF044688460A
:10D560003E4800220023394607F0EEFF0546B0B1E1
:10D570006D4688B06A463A4BC2E90534032342F847
:10D58000103F384800234FF4C251F9F76DFFAD4604
:10D590006FF00B0630460837BD46BDE8F08114F049
:10D5A000A5FA314B3E681A58304B29461A60301D97
:10D5B000282214F070F834603C682D487D60C4E97E
:10D5C0000155C4E9095500220023391D07F0BCFFAD
:10D5D000064688B123686C4688B06A462549C2E988
:10D5E0000513032342F8103F1E482B464FF4C45145
:10D5F000F9F73AFFA546CBE77B680146902218462B
:10D6000014F049F81C4A82603C3013F0A2FB7B689E
:10D61000BFF35B8F343353E8002F43E800610029E8
:10D62000F9D1BFF35B8F7B681C60636A7D681BB9AF
:10D6300004F10C0013F08DFB626AC5F88820A26A21
:10D6400005F18803636202B9A3627B6817225A85D9
:10D650005A830433C8F800309CE700BF100C002048
:10D66000405D0300A01E030008000000EC820020C3
:10D670002C0C0020655D0300340500202DE9F347E4
:10D68000D1F81880CB68D8F80090BFF35B8F426B5D
:10D69000BFF35B8F520706460C460AD4274A284838
:10D6A00001210FF08EFB6FF01505284602B0BDE892
:10D6B000F0871B78D22B11D10368186810F0A4FCF6
:10D6C000054658B11F4A1E4801210FF07AFBA06998
:10D6D000FFF760FD204601F083FFE6E704F10C0050
:10D6E00010F03FFDB4F810A0C8F8006033681D6862
:10D6F000E36807461878FFF7E7FC052896BF124B4A
:10D70000124B53F82030CDF80080284622460421E1
:10D710000FF00FFB05460028C7D010F1690F04D1A8
:10D720000B4A074801210FF04CFB6369A4F810A0D5
:10D7300013FA87F7E760C8F80090B6E7A45C030027
:10D74000A01E03008A5D03000C2D0300A1D402007B
:10D750009D5D030010B500F130030446BFF35B8FFD
:10D7600053E8001F41F0040143E80012002AF7D1FA
:10D77000BFF35B8F201F0FF03FFB04F154000449FF
:10D7800013F0D3FB2068BDE8104001F0ABBD00BF33
:10D7900051E101002DE9F3470B8A076804460E4664
:10D7A00043B9394A012139480FF00BFB002002B080
:10D7B000BDE8F087012106F10C0010F0C2FCBB7A35
:10D7C000072B0546F2D154F8043C002BEED0037829
:10D7D0002F4FA4F10408002217F8320098424FEAB4
:10D7E000C20A07EBC2010DD191F80290B9F1010F05
:10D7F00020D1002104F130000FF010FE28B3254A9B
:10D800000221D0E701321E2AE6D12048224A022115
:10D810000EF020F829780846FFF756FC0028C5D0FE
:10D820000528C3D00029C1D00623002240460FF0AE
:10D83000D8FDBBE7B9F1050F07D1012104F1300094
:10D840000FF0ECFD08B1154ADAE75744338A7A78CD
:10D850009A420BD92A780D4800920121104A0EF005
:10D8600003F8B9F1010FA1D1042309E07B68314627
:10D8700040469847B9F1010F034697D1002895D04B
:10D880002978002992D0D0E7C05D0300A01E0300D4
:10D89000242D0300F55D0300DB5D0300115E030032
:10D8A000305E0300F0B51E4603680D46003987B0B0
:10D8B000044618BF01211868174610F047FB48B905
:10D8C000052104F134000FF0A9FD002848D0002004
:10D8D00007B0F0BD002E45D018220021684613F095
:10D8E000DAFE67BB2368204A1B6800930023ADF86B
:10D8F00012300C9B0393BDF83430ADF81030012387
:10D900008DF8143031466B4630468DF808500FF0D4
:10D91000D7FA9DF81430E3B1002FD8D0019B986955
:10D92000FFF738FC019801F05BFE9DF81430002DE4
:10D93000CDD03246294620460FF053FDC7E70022DE
:10D9400039462046FFF7A8FC01900028CAD11120D3
:10D95000BEE701990029BAD020460FF01AFDB6E7BC
:10D960001220B5E70120B3E75FCE0200F8B50F46FD
:10D970001646FFF7E3FBB0B1446A20461CB150F8ED
:10D98000884904B1883C731C194638B1428D458BD7
:10D99000AA4228BF2A469A4207D264B90A4A0B48CB
:10D9A00002210DF057FF0020F8BD32463946BDE890
:10D9B000F840FFF771BCD4F8885005B1883D204687
:10D9C0000B462C46E2E700BF4F5E0300A01E03009B
:10D9D000F8B50D46002106464FF470220023084694
:10D9E0000FF0A4F9044640B9124A13482B4601210E
:10D9F0000DF030FF00242046F8BD00F10C0708218F
:10DA0000384610F069FB4FF470200021FFF72CFC22
:10DA100040B90A4A084802210FF0D3F9204601F024
:10DA2000DFFDE7E706600121A061384610F058FBF2
:10DA30000570E0E72F5B0300A01E0300E35C03001A
:10DA40002DE9F0410E8A043EF6B2022E04468CB057
:10DA5000084601D0102E6BD104210C3010F071FB60
:10DA60000DF1080805884788011D324640460EF032
:10DA7000D7FD00285ED0002D39D00026002F35D0EC
:10DA8000BD4234D84FF4205301A940468DF80460BC
:10DA9000ADF806300EF096FD68BB1422002107A8F1
:10DAA00013F0F9FD012211212046FFF791FF0990A3
:10DAB00000283BD001210C30CDE9074810F010FBC5
:10DAC00000230A901C4A037039460B93284607AB83
:10DAD0000FF0F6F90A9B1B781BBB099B9869FFF7AF
:10DAE00059FB099801F07CFD0A2301E03D46012322
:10DAF0002A4610210EE042F6010307A940468DF8A0
:10DB00001C60ADF81E300EF05DFD0028C5D010235E
:10DB10002A46194620460FF064FC00200CB0BDE8F0
:10DB2000F081099920460FF034FCF6E71120F5E763
:10DB30000420F3E70E20F1E7B1D101002DE9F04315
:10DB4000036885B004460D461868012110F0FEF9FF
:10DB500050B9052104F134000FF060FC00283BD1DE
:10DB6000122005B0BDE8F08310220021684613F0B2
:10DB700092FD002221212046FFF72AFF029068B380
:10DB8000DFF85C90009405F10C074FF001082B8A38
:10DB9000012B04D8029920460FF0FBFB1CE038460D
:10DBA00010F0D7FA6B464A46014606468DF80C80BF
:10DBB0000FF086F99DF80C30002BE8D0029B986995
:10DBC000FFF7E8FA029801F00BFD9DF80C303246A1
:10DBD000202120460FF005FC0020C2E71120C0E7FD
:10DBE00097D102002DE9F043036885B004460D4645
:10DBF0001868012110F0AAF950B9052104F1340088
:10DC00000FF00CFC00283BD1122005B0BDE8F083DA
:10DC100010220021684613F03EFD00220F2120460D
:10DC2000FFF7D6FE029068B3DFF85C90009405F130
:10DC30000C074FF001082B8A012B04D802992046CB
:10DC40000FF0A7FB1CE0384610F083FA6B464A46FB
:10DC5000014606468DF80C800FF032F99DF80C3025
:10DC6000002BE8D0029B9869FFF794FA029801F024
:10DC7000B7FC9DF80C3032460E2120460FF0B1FB68
:10DC80000020C2E71120C0E751D10200F0B51D46C7
:10DC9000036885B004460E4618680121174610F047
:10DCA00055F940B9052104F134000FF0B7FB70BB02
:10DCB000122005B0F0BD8DB310220021684613F08C
:10DCC000EAFC002239462046FFF782FE029038B374
:10DCD000BDF82830ADF8043001238DF80C30114A1E
:10DCE00000946B46294628460FF0EAF89DF80C3060
:10DCF0007BB1029B9869FFF74DFA029801F070FC26
:10DD00009DF80C302A46314620460FF06AFB002071
:10DD1000CFE7029920460FF03CFBF8E70120C8E767
:10DD20001120C6E751D102002DE9F0410D8A043DD2
:10DD3000EDB2022D04468CB0084601D0102D50D112
:10DD400004210C3010F0FDF90DF104080688478815
:10DD5000011D2A4640460EF063FC002843D096B1D0
:10DD600087B1B7420FD3182200210DEB020013F048
:10DD700092FC012209212046FFF72AFE089060B993
:10DD8000112007E03E4601233246082120460FF0CD
:10DD900028FB00200CB0BDE8F08101210C30CDE95A
:10DDA000064810F09DF90023099003700A238DF8AE
:10DDB0002C300E4A06AB394630460FF081F89DF8FC
:10DDC0002C304BB1089B9869FFF7E4F9089801F0F3
:10DDD00007FC9DF82C30D7E7089920460FF0D9FAB8
:10DDE000D7E70420D6E70E20D4E700BF45D30100D3
:10DDF0002DE9F0430F4687B00446062107F10C00D9
:10DE000010F09FF90588B0F802808288D7F80C904E
:10DE1000C5B10023B8F1000F13D0454512D88DF8D5
:10DE200000308DF8043001A94FF420536846ADF856
:10DE30000220ADF806300EF0C5FB064660B10A239D
:10DE400001E0454601232A46062120460FF0C9FA83
:10DE5000002007B0BDE8F0830146142201A83F7CF2
:10DE600013F019FC324607212046FFF7B1FD02905E
:10DE7000F8B10A238DF815300F4A019401AB4146E1
:10DE80002846CDE903698DF814700FF019F89DF854
:10DE900015304BB1029B9869FFF77CF9029801F0AD
:10DEA0009FFB9DF81530CEE7029920460FF071FADE
:10DEB000CEE71120CDE700BFF1D301007FB5CB68DD
:10DEC0001D885E8804468DB17EB1B5420ED8102201
:10DED0000021684613F0DFFB002205212046FFF7F2
:10DEE00077FD019058B9112007E0354601232A46F5
:10DEF000042120460FF075FA002004B070BD6B4677
:10DF00000A4A0094314628460EF0DAFF029B43B9D4
:10DF1000019B9869FFF73EF9019801F061FB0A2324
:10DF2000E5E7019920460FF034FAE5E7F7CE020065
:10DF300038B50B4C0B4D204612F00BFF29462046FE
:10DF400012F013FF05F11401204612F00EFF05F147
:10DF50002801204612F009FFBDE8384000F0CCBB94
:10DF6000700D0020B082002013B50B4600210191F6
:10DF70000E49024613F0BAFD0C680D4909580D48C8
:10DF80008C4208BF002201A908BF134607F0DCFA43
:10DF9000014640B9019B1022184613F07CFB034652
:10DFA000184602B010BD0023FAE700BFEC82002043
:10DFB00008000000800C002010B5836804463BB1C7
:10DFC0009869FFF7E7F8A06801F00AFB0023A36057
:10DFD00021460248BDE8104012F0FBBD800C002035
:10DFE0002DE9F347044658300E4617461D4612F0F9
:10DFF000AAFFA06B58B9174A174802210EF0E1FE9C
:10E0000020680FF052F9002002B0BDE8F087134BF2
:10E0100098424FF0000802D1C4F83880F0E7D0F8F9
:10E020000490C0F80480A06BD0F80CA0FFF7C4FFE8
:10E030002068C4F838800FF038F9B9F1000FE2D049
:10E040002068CDF800A000683B4632462946C84704
:10E05000D9E700BF6A5E0300A01E0300F082002023
:10E06000836BCA6853B106498B4207D0D378002B23
:10E0700008BF0E2300221146FFF7B2BF0E23F9E7B7
:10E08000F08200202DE9F34150F8044C0546002CA5
:10E0900059D000F1840104F124000FF02FF82F1F54
:10E0A00005F138080022002340460FF0B8FF06466D
:10E0B00040BB6B6B2BB1024601460E233846FFF77F
:10E0C0008FFF002345F8043C022105F130000FF0DA
:10E0D0002EF8636A002B36D104F10C0700220023CE
:10E0E00038460FF09CFF064698B96668C6B91748CF
:10E0F0002660214612F06DFD286802B0BDE8F041AF
:10E1000001F014B9B069FFF745F8304601F068FA3C
:10E11000C8E7B069FFF73EF8304601F061FADDE785
:10E12000A26833686360964208BFA360776837B11E
:10E13000F3680093002320681A460E21B847304642
:10E14000FFF73AFFD1E702B0BDE8F081100C0020E4
:10E150002DE9F04192B050F8583C06AF06461868D9
:10E160000EF044FD037804463D1D032B3BD8DFE849
:10E1700003F0023436381F492846F7F711F9A3791E
:10E18000059562780492A2780392E278029222794D
:10E1900001926279009207F11008174A1E21404649
:10E1A0000BF0E0FA6C4688B006AA144BC2E90538B9
:10E1B0004FF400739383124B42F8103F00234FF447
:10E1C000E2511048F9F750F9A6F15400A546FFF7BF
:10E1D00059FF3037BD46BDE8F0810B49CCE70B490C
:10E1E000CAE70B49C8E70B4A0A2128460BF0BAFADE
:10E1F000C5E700BFCF4E0300F14E0300815E030070
:10E2000003000001A01E0300D64E0300DD4E0300F4
:10E21000E74E0300EE5D030010B50C4620B319B3C2
:10E22000FEF78CFF00B3436AC3B153F8882902B1EB
:10E23000883A996B8C420AD082B11346D2F8882072
:10E24000002AF6D0996B8C42A2F18802F5D1074AD8
:10E250009A632046BDE81040FFF7AEBE0430214669
:10E260000EF04CFF2046F5E710BD00BFF082002005
:10E2700008B530B9074908480FF020FB38B1074806
:10E2800008BD054A12F8011C0EF090FCF6E70020CC
:10E29000F6E700BFBC4E030019830020188300205E
:10E2A00010B5074C2378834207D1601C0FF006FBA2
:10E2B000002814BF2046002010BD0020FCE700BF4E
:10E2C000DC90002010B54A1C0C4638B109780EF0DD
:10E2D0006DFC08B1204610BD0020FCE70249104645
:10E2E0000FF0ECFAF5E700BFBC4E030008B530B9FB
:10E2F000074908480FF0E2FA38B1074808BD054A57
:10E3000012F8011C0EF052FCF6E70020F6E700BF01
:10E31000BC4E030035830020348300202DE9F843F0
:10E320001E46BDF82030D1F80C8081460F46002BE8
:10E3300045D1731E012B45D8012E4146157818BFD3
:10E340001588FFF7BFFF0446C0B915B93046BDE8D0
:10E35000F8834146FFF7B6FF044638B91B481C4A0C
:10E3600002210FF0A9FA6FF01000F0E709F188011F
:10E3700001300FF022FB99F808302370D8F81030E4
:10E380008BB92581B8F80A30AB4203D041463846F4
:10E390000FF01BFA002DD9D10E49601C0FF00DFBB8
:10E3A00025702581D2E72A463946484698470028F5
:10E3B000CDDB01380128E4D96FF00D00C7E76FF01D
:10E3C0000600C4E76FF00C00C1E700BFB81E0300F1
:10E3D000A25E0300BC4E030038B50C4619466BB173
:10E3E00003F118059B698AB9E268A360954200D1E0
:10E3F000E36000230D688B611A46A847A3685BB9E8
:10E40000601C0649BDE838400FF0D7BA1360E368D6
:10E410009D4208BFE260ECE738BD00BFBC4E030080
:10E420002DE9F041069C0E4605466FF0040104F10B
:10E4300014000FF060FA1EB32846FFF757FF01469D
:10E44000002833D0836853B11868002204F1180CF7
:10E450002BB163450CD123462846FFF7BDFF676803
:10E46000C7B12246314628463B46BDE8F041184731
:10E4700020B107681A4603463846E9E70746F9E738
:10E48000238A002BEBD127683346324621462846A3
:10E49000B847E4E7A3684BB1054A064802210FF0EC
:10E4A0000BFAA3683A4631462846DEE7BDE8F0811C
:10E4B000BC5E0300B81E0300024608B508490130DF
:10E4C0000FF07BFA002313720C32BFF35B8F52E81C
:10E4D000001F42E800300028F9D1BFF35B8F08BD70
:10E4E000BC4E03002DE9F04180460F4616461D46FE
:10E4F000FFF7D6FE044680B90F49FFF7D1FE044668
:10E5000030B9BDE8F0410D4A0D4801210FF0D4B9F2
:10E5100000F8018B39460FF050FA228963891AB945
:10E520002BB92681658104E0964238BF26819D4241
:10E53000F8D8BDE8F08100BFBC4E0300F35E0300D5
:10E54000B81E030037B50C460546082104F1140037
:10E550000FF0C2F912230422CDE900320349044B23
:10E56000224628460FF025FB03B030BD21E4010010
:10E5700067DC02002DE9F041234B154682689A4280
:10E58000074602D1C468638933BB0120BDE8F0812E
:10E590000EF0C5FAE36800216181002BF5D0384602
:10E5A0009847F2E705F18808287A41460EF039F9D4
:10E5B00068B9164B9C4202D128460FF033FB144930
:10E5C00030460FF0FAF9002323702381E2E7414639
:10E5D00030460FF0F2F9DDE72389002BDAD026462A
:10E5E000284616F8011B32460EF0E0FA0028D9D171
:10E5F00020783146FEF7D8F90028CBD0837A072B54
:10E60000C6D10EF08CFAC0E71DE3010074050020AE
:10E61000BC4E03002DE9F0411F46BDF81830012B18
:10E620000646904634D83B44012B3D4633DCFFF789
:10E630001FFE044668B9FFF71BFE044648B9194A95
:10E64000194802210FF038F96FF010052846BDE88F
:10E65000F08197B1217A98F80020002321FA03F085
:10E66000C70703D522FA03F0C00717D50133032BE0
:10E67000F4D102F0070211432172601C06F18801F7
:10E680000FF09BF9337A237020460FF001FBDDE792
:10E690006FF00605DAE76FF00C05D7E76FF01205AB
:10E6A000D4E700BF125F0300B81E030010B56FF07F
:10E6B000020104460E480FF01EF90D480FF006F94E
:10E6C000C20704D50B480022002307F0ABFA20460E
:10E6D0000FF052F850B12046FFF7CAFD30B1037A6F
:10E6E000DB0703D5BDE810400FF0D2BA10BD00BF64
:10E6F000782F0020482F002010B5154801210FF079
:10E70000EBF8C30723D4022111480FF0E5F80840C5
:10E7100007D11049104A0B88104CA24211D300B106
:10E720000B800F490F4812F000FC0E484FF4A47202
:10E730000023FBF703FBBDE810400B490B4812F028
:10E74000F4BB506803449BB208320120E5E710BDDA
:10E7500028830020E8900020701E0300881E03001C
:10E7600071E90100D02E002079EB0100482F002034
:10E770002DE9F041034648B1008A38B91249DFF863
:10E780004CE001244FF0140C714501D3BDE8F08139
:10E79000D1E90076BB4204D30CFB0672143A9342D3
:10E7A0000ED93444A2B208311446EDE70CFB0578CB
:10E7B000434507D001356219B54292B2F6D1F2E76E
:10E7C0000025F8E71046E1E7701E0300881E0300ED
:10E7D0002DE9F74FBDF83050009199464FF6FF7381
:10E7E000002D08BF1D46244B1B88834207469046D8
:10E7F0003CD203B0BDE8F08F73682344BB4232D2F1
:10E800009CB208361D4B9E42F6D3F2E7895801931D
:10E8100040460DF0D7FE019B90B101340AF1010A88
:10E82000A4B273685345ECD9009B9C42E1D8BC422A
:10E830003168F2D30BFB0AF28B18B8F1000FE5D167
:10E84000B9F1000F0BD1013DADB218460E9A0D9BE8
:10E8500021469847002DCCD00028DED1C9E7DA68E0
:10E860009145DAD1EFE74FF0000ADAE7044E0124D0
:10E870004FF0140BC6E700BFE8900020881E03008D
:10E88000701E030010B5C8B000241CAA694604A875
:10E89000CDE90044CDE902440DF019FA30B9134A2C
:10E8A000134801210FF008F848B010BD4FF6FF7172
:10E8B0000120104A04AB0FF04EFA0F4804A90DF0E6
:10E8C0009BFA08B90D4AEBE70B4B214603F1100206
:10E8D0000131187812F8014D03F8014B0829107026
:10E8E000F6D107480EF0F8FFDEE700BF3E5F0300F9
:10E8F000B81E030013D80200C02E0020575F03008B
:10E90000782F00202DE9F0411649BDF81870044613
:10E91000A1F1300015461E4612F029FB12480EF0F8
:10E92000D5FF010701D4FFF7ADFF2046FFF7A0FC9C
:10E9300068B1037ADA070AD500F10C0420460EF01C
:10E94000C5FFC30703D4022120460EF0C5FF1023E4
:10E9500006933A4631462846044BBDE8F0410FF095
:10E9600072B800BF002F0020782F0020C02E00209A
:10E9700008B505480EF0AAFF030703D4BDE8084018
:10E98000FFF780BF08BD00BF782F002007B5002328
:10E990000193FFF7EDFE411C89B20846034A01AB23
:10E9A0000FF0D9F9019803B05DF804FBC5D7020058
:10E9B0002DE9F047894651684F8A17F014078046C1
:10E9C000154609D02B4A2C4802210EF075FF4FF056
:10E9D000FF352846BDE8F08702220FF0E5F938B987
:10E9E000264A254802210EF067FF6FF01505F0E773
:10E9F0004FF470200021AE8AFFF7B6FA02360446C3
:10EA000088B11F4B4360C56032461D214046FEF76A
:10EA1000ADFF064650B918481A4A02210EF04CFFC5
:10EA20002046FFF7C9FA6FF00B05D2E701233A46FB
:10EA3000394606F10C0A0EF0BEFE022150460FF0D8
:10EA40004FFB0746504627F8029BA98A0FF048FB68
:10EA5000AA8A2969384612F0F6FDA660214640468A
:10EA60000EF053FE05460028B3D02046FFF7A4FA67
:10EA7000AFE700BF705F0300B81E0300865F0300AE
:10EA8000DFD70200B15F030030B504468BB03748D2
:10EA90000EF01CFF42070D4661D514B1A37A072B77
:10EAA00060D168680590FFF763FE2A68ADF818002A
:10EAB0003AB305A902912E49019101210023009149
:10EAC0004FF6FF710593FFF783FE059B1BB96FF0AF
:10EAD00001000BB030BD6B60059B186800238DF8FA
:10EAE000103004A942F60303ADF812300DF06AFDB0
:10EAF00070B90598C3689B799B0605D46FF0150023
:10EB0000E7E70028E8D1E2E70FF0DEF8ADF81800FB
:10EB1000BDF818003CB101230146AB752A462046DA
:10EB2000FFF746FFD5E76FF07F0307930223ADF8A9
:10EB3000203042F60213ADF8123005ABAC750293EB
:10EB40000C4B01930123009304AA23464FF6FF7157
:10EB500009958DF81040FFF73BFE0798B9E76FF075
:10EB60000A00B6E76FF07F00B3E700BF7C03002028
:10EB700005D802005DEE010073B500F130050446D2
:10EB800050F8083C0193A0F120066FF001012846DF
:10EB90000EF0B1FE0D4B44F81C3C0D4B44F8183CF4
:10EBA00001AB002044F8103C042324F8080C24F89E
:10EBB000060C24F80C3C3146FFF766FF18B9022119
:10EBC00028460EF089FE02B070BD00BF3C2E030047
:10EBD000ADE60100F8B5334B156882689A4200AF84
:10EBE00004461FD1C6683389721CDBB131782846D0
:10EBF0000DF0DCFFB0B14FF49572214628460FF0BE
:10EC0000B7F8032811D16D4688B06A46264BC2E991
:10EC1000053442F8100F254800234FF4C451F8F78B
:10EC200023FCAD460120BD46F8BD314620460EF01E
:10EC3000CCFD1F4B9E42F5D1287A05F18801FFF7E4
:10EC40002FFB04460028EDD0038913B94389002B1C
:10EC5000E8D02846FDF798FD164A238922F820308F
:10EC600002EB8003618959801349144C182303FB7C
:10EC7000001300B202EB800200EB40005C601A61FE
:10EC80000F4C9C60042201EBC00128469A82FFF7DA
:10EC9000FBFE0028C6D00B4A044801210EF00CFEF2
:10ECA000C0E700BF1DE30100D85F0300B81E0300EA
:10ECB00074050020D8900020008300203C2E030023
:10ECC00099DC0200EC5F03002DE9F84388465168A7
:10ECD0004B8A03F014030746144643B12148224AE5
:10ECE00002210EF0E9FD4FF0FF30BDE8F88301226C
:10ECF0000FF05AF838B91B481C4A02210EF0DCFD0F
:10ED00006FF01500F1E7A2891B2102323846FEF7A9
:10ED10002DFE054638B91348154A02210EF0CCFDE8
:10ED20006FF00B00E1E700F10C09022148460FF0FB
:10ED3000D7F90646484626F8028BA1890FF0D0F98C
:10ED4000A289A168304612F07EFCD4E9041228465C
:10ED500001230EF030FD29463846BDE8F8430EF099
:10ED6000A4BC00BFB81E0300705F0300865F0300F1
:10ED70000960030030B504468BB035480EF0A6FD9F
:10ED800042070D465DD514B1A37A072B5CD16868A4
:10ED90000590FFF7EDFC2A68ADF818003AB305A915
:10EDA00002912C4901910121002300914FF6FF713E
:10EDB0000593FFF70DFD059B1BB96FF001000BB02C
:10EDC00030BD6B60059B186800238DF8103004A9D6
:10EDD00042F60303ADF812300DF0F4FB70B905985C
:10EDE000C3689B79DB0605D46FF01500E7E70028C0
:10EDF000E8D1E2E70EF068FFADF81800BDF81800A2
:10EE00002CB101462A462046FFF75EFFD7E742F6BF
:10EE10000212ADF8122005AA6FF07F0302920E4A8B
:10EE200007930123CDE90032ADF8203004AA234630
:10EE30004FF6FF7109958DF81040FFF7C9FC079850
:10EE4000BDE76FF00A00BAE76FF07F00B7E700BFD9
:10EE50007C03002005D802005DEE0100F8B53E4BB2
:10EE6000144682689A42074601D00120F8BDC66860
:10EE70003A4B9E4256D03289A3899A4206F101014B
:10EE8000F3D13078FDF790FD05460028EDD0837A68
:10EE9000072B05D00DF043FEE7E70DF040FEEAE753
:10EEA000736923B13946984708B92846F2E77B8A47
:10EEB00013F0140705D02A4A2A4802210EF0FCFC60
:10EEC000F3E7A389022B14D1338913F0020604D18E
:10EED00028460DF024FEA660C7E72269A1882846CF
:10EEE000FFF766FD0646A8B92269937D0133937545
:10EEF000EEE7012B04D028460DF011FEA760B4E721
:10EF0000338913F00106E3D02269A1882846FFF770
:10EF1000DBFE064628460DF002FE002EA660A4DAAF
:10EF20000020A3E7104D114928460EF0C7FC002829
:10EF3000A1D115F8010C07222946FDF787FD00280D
:10EF4000ABD1236915F8010C1A6929465388128838
:10EF5000FFF7C8FA8FE700BF1DE30100740500202A
:10EF6000705F0300B81E0300DD900020BC4E03005C
:10EF700073B5837A072B04460D461AD1061D4FF44C
:10EF8000805130460EF0A8FCC30415D40223CDE90D
:10EF9000003320460A4B0B492A460EF00AFE04466F
:10EFA00020B16FF4805130460EF0A5FC204602B02F
:10EFB00070BD6FF07F04F9E76FF07704F6E700BFEC
:10EFC00015D902000DD8020007B5837A072B0A462F
:10EFD0002CD14B683BB908234FF0040ECDE9003E1D
:10EFE000144B154909E0012B11D0097B5B000193FB
:10EFF00041B1202300931149114B0EF0DAFD03B00B
:10F000005DF804FB0E2300930E490F4BF5E74B8987
:10F0100033B10C234FF0040CCDE9003C0B4BE0E77F
:10F020000A230221CDE90031094BDAE76FF07F00B6
:10F03000E5E700BF7DDB020055F00100D3D90200F7
:10F0400081D9020085D9020059D9020041D90200B4
:10F050002DD902002DE9F7430A9C064690469946B1
:10F060000F4601B953B900230A9325682246394651
:10F070003046AC4603B0BDE8F04360476368002B00
:10F0800045D109F1FF35ADB202F101090DB3B9F86F
:10F0900000309AB23AB92E4A2E48012103B0BDE899
:10F0A000F0430EF009BC98F800102381A9428CBFF0
:10F0B000A91E023989B20091276809F1020322468C
:10F0C00000213046B84700283ED098F80030AB42C7
:10F0D0000BD921463046FFF777FF002834DA0023AA
:10F0E0000A93256822460E21C2E7238962899A4243
:10F0F00005D100230A93256822461946B8E7013353
:10F10000238198F80030ED1AADB29944BEE7CDF8EE
:10F110000090134625682246A847A8B1238A013BE0
:10F12000994503DA0A9725683B46E5E7638909EBC9
:10F130000305658121463046FFF746FF002803DAC4
:10F140000A9725683B46CDE703B0BDE8F08300BFD2
:10F1500032600300B81E03002DE9F041837A072BCB
:10F1600007460D465BD1FFF7C1F80646002859D087
:10F170008468002C56D00023183C9846A54209D03C
:10F18000A189AA89914208BF4FF00108A4691CB166
:10F19000183CF3E70123F9E7002B43D005F11400F5
:10F1A0000EF094FB430703D5294638460EF080FE47
:10F1B000B8F1000F19D0B36805F1180253B19A42A3
:10F1C00023D1AB69DCB9F168B3608A4200D1F36046
:10F1D0000023AB61B3681BB91449701C0EF0EDFB42
:10F1E000B8F1000F14D1002007E0A5F810802946DF
:10F1F0003846FFF7A7F90028DDD0BDE8F08123608D
:10F20000F3689A4208BFF460E2E71C461B68D5E742
:10F2100000232C681A4629463846A047E3E76FF0DA
:10F220007F00EAE76FF01500E7E700BFBC4E030080
:10F230002DE9F04F89B081460C469246FFF756F80B
:10F240008046E0B15246214605A80EF03FFFBDF8CA
:10F250001830042B13D9042105A80EF072FF039077
:10F260004788BDF81820B0F800B0BA420AD21B4A4D
:10F270001B48CDF800A03B4601210CF0F5FA09B07F
:10F28000BDE8F08FD8F80840FCB1256805B1183DFD
:10F2900034F80C2C5A4515D1183C07E02C46AD69C2
:10F2A000A289BDB15A45A5F11805F7D1039A266880
:10F2B0003B46043221464846B04718B921464846E5
:10F2C000FFF74AFF2C46002DE9D1394605A80EF07C
:10F2D00038FFBCE75A45E9D0F7E700BF41600300BB
:10F2E000B81E030007B5064A00906B4601204FF692
:10F2F000FF718DF804000EF02EFD03B05DF804FBE5
:10F30000D5EB0100F8B5084B1C6805460E461746BC
:10F310004CB154F8043C043C1BB13A4631462846F3
:10F3200098476468F4E7F8BD2C8300202DE9F84F76
:10F330002F4A034604464FF6FF7101200EF00BFDE5
:10F340002046FEF7D3FF064638B92046FEF790FF69
:10F350000546002839D1BDE8F88F8568002DF4D026
:10F3600055F8187907B1183F4FF0000804F18809E3
:10F37000C24601E03D461F4605F1140B6FF008013F
:10F3800058460EF0B8FA207A49460DF04AFA70B99C
:10F39000A5F810A02B46424631462046FFF71CF840
:10F3A000002FD2D0BB69002BE4D0183BE2E75846CF
:10F3B0000EF08CFAC307EBD473781BB14946701C6E
:10F3C0000EF0FBFA05F11808EAE704F18806207A46
:10F3D00031460DF026FA20B92846BDE8F84FFFF770
:10F3E0006BB83146681CBDE8F84F0EF0E6BA00BFB6
:10F3F00075E50100034B42689A4204BFC368198255
:10F40000704700BF55F0010080B500AF88B06A4674
:10F41000074BC2E90530032342F8103F054800239B
:10F420004FF4C251F8F720F86FF00B00BD4680BDD5
:10F4300069600300F01E0300044B1A680AB1FFF76D
:10F44000E3BF034858600B601046704744830020B8
:10F45000402F030070B54169867A0B4D044659B1BF
:10F46000437ADB0706D42C2303FB06535B6A1B6835
:10F470009B689847002363612C20214606FB0050BF
:10F48000BDE8704011F07CBCA00D0020024B2C2286
:10F4900002FB0030704700BFA00D0020827A064BAF
:10F4A0002C2101FB02339A6A1B7F1B33801A23F045
:10F4B0000303B0FBF3F07047A00D002038B50A4BF2
:10F4C000827A2C2404FB02330C685B6A5B681A683E
:10F4D000944294BF0C600A60D3E90054FFF7DEFF4A
:10F4E00005FB004038BD00BFA00D00202DE9F04312
:10F4F00085B005466846039190461C4611F0DFFE34
:10F50000DDE900674FF04003EFF3118983F31288C0
:10F51000BFF36F8F6B8B002B41D02A8B9A4225D97A
:10F5200000220023284606F0ABF90446F0B189F327
:10F530001188BFF36F8F039B002B41D032463B46AF
:10F54000684611F0E0FEA27A234B2C2101FB023326
:10F5500020465B6A1B6803A91D68DDE90023A847F4
:10F56000606170BB2046FFF775FF24E0698B4B1E7E
:10F570006B8389F31188BFF36F8F2B7F2A8BAC6A63
:10F580001B3323F00303521A02FB0344124B134AAA
:10F59000EB1A9B105343A3722B7FE372CBE789F3E3
:10F5A0001188BFF36F8F23464246284606F068F95C
:10F5B00004460028BFD10024204605B0BDE8F083F2
:10F5C000636100230122636022812382039A6369BD
:10F5D0006282E360F0E700BFA00D0020A38B2EBA8B
:10F5E00070B50C4C2C2500B970BD037A4668013B00
:10F5F000DBB20372002BF7D1C3604360837A05FB53
:10F6000003431B6A13B198473046ECE7FFF722FF2C
:10F61000FAE700BFA00D002002690346044800215C
:10F62000036182F89012D2F894328360F8F7A0BA9E
:10F630003C080020084B70B5C31A0D4607499B10C3
:10F6400004465943064840220EF0EBFD2B46014686
:10F650002046BDE87040184788830020B76DDBB6B0
:10F66000F01B030073B50C4C0C4A4023041B0093A1
:10F670000D460B460A49A4106143064609480EF0A0
:10F68000FCFD011E05DA30462B4602B0BDE8704095
:10F69000184702B070BD00BF88830020E5E2020079
:10F6A000B76DDBB6F01B0300002270B501210446E4
:10F6B0001046F9F70BF80F4802F0CCFD0E4B9842BC
:10F6C00015D10FF0FAF926690C4930460BF025FDEB
:10F6D00000280BDB012535642469084904F11C006E
:10F6E0000BF01BFD002801DBE564002070BD6FF00E
:10F6F0000400FBE735F701000000AD0B8C2F030081
:10F7000070B501460C2309484B43C418D4E90E5682
:10F71000403300221844A2630EF070FD2DB1324632
:10F720002B460348BDE87040184770BD8883002011
:10F73000F01B030010B1012804D07047034B1B6C71
:10F740005B0701D1FFF7DCBF704700BF8883002053
:10F7500008B54FF04003EFF3118183F31288BFF334
:10F760006F8F124A136843F002001060DA0708D462
:10F7700081F31188BFF36F8F0120BDE8084002F0CC
:10F7800059BD4FF08043D3F80C24D3F80C34DB0779
:10F79000EED507480EF032FD81F31188BFF36F8F6D
:10F7A0000020BDE80840FFF7ABBF00BFD8830020B2
:10F7B000C88300207FB500220123CDE9022304ABDA
:10F7C000CDE90433094ACDF800D06B46CDF804D01A
:10F7D0000EF081FD002805DB4FF4804200236846CF
:10F7E00006F0A8F807B05DF804FB00BF05E30200CF
:10F7F00010B54FF04003EFF3118483F31288BFF389
:10F800006F8F074A136823F00201DB07116002D4EF
:10F8100001200FF04DF984F31188BFF36F8F10BDF5
:10F82000D88300202DE9F0413849BFF35B8F0746AC
:10F83000012251E8003F41E800200028F9D1BFF340
:10F840005B8F33B9324933484B60CB608A600BF031
:10F8500077FC7B1E012B2BD8012F07D14FF0804363
:10F86000D3F81C3403F00303012B21D011F0D7F996
:10F870000546F8B9284B1B78E3B14FF080430222CC
:10F88000C3F808230646DFF894804FF08044D4F88C
:10F890001824D4F81834D20316D503F00303012B2F
:10F8A00001D0012F10D15DB386F31188BFF36F8FA4
:10F8B000BDE8F0814FF04003EFF3118683F3128827
:10F8C000BFF36F8F0125DEE7ADB13046F9F72CF8B5
:10F8D000D4F81835002BDAD1D4F80421002AD6D078
:10F8E000C4F80431D4F804310123C4F81835C8F839
:10F8F0008031A360CBE70021212006F09DFCE7E7E3
:10F900004FF080430222C3F80423D1E78483002010
:10F9100074830020A4830020EE9E002000E100E01C
:10F9200008B5074811F0B9F838B10648F9F78EF96B
:10F930000448F7F7B9F9002008BD6FF01200FBE7A3
:10F94000681C030049F901000A2838B5074D044630
:10F9500004D1AB680D215B6828469847AB68034823
:10F960005B68E1B29847204638BD00BF681C0300C1
:10F970004FF04003EFF3118283F31288BFF36F8FD0
:10F98000094BD3F8001161B10021D3F80805C3F881
:10F990000011D3F80031C0B282F31188BFF36F8F2A
:10F9A00070476FF00A00F7E700D00040F0B503465B
:10F9B00010469C7893F803C04FF04005EFF3118296
:10F9C00085F31288BFF36F8F1F7893F801E0E41B73
:10F9D00004EA0C04A04288BFA0B23E180CEA060656
:10F9E0003D461E7082F31188BFF36F8F0A188A425A
:10F9F00017D177450DD14FF04001EFF3118281F31C
:10FA00001288BFF36F8F1978597082F31188BFF392
:10FA10006F8F1B79241AA34222BF064B01221A6062
:10FA2000F0BD5E190135767901F8016B05EA0C0528
:10FA3000DDE700BF00D00040DB432DE9F04713F0C5
:10FA400001050E46144604D02348FFF7AFFFBDE87A
:10FA5000F087A2B34FF04003EFF3118883F31288CD
:10FA6000BFF36F8F0D20F8F723FE07460D20F8F740
:10FA70000BFE88F31188BFF36F8FDFF860A0DFF80B
:10FA80006080CAF80051DAF800314FF400590123C0
:10FA9000CAF800302546C8F88091DAF8003183B101
:10FAA000FFF766FF031EC8F88091F6DB013DADB29B
:10FAB0007355002DF1D117B10D20F8F7D7FD204671
:10FAC000C5E74FF04003EFF3118083F31288BFF3D3
:10FAD0006F8FF8F729FFE0E70C84002000D000408A
:10FAE00000E100E02DE9F041124F0D46144607F108
:10FAF000450814B92046BDE8F0814FF0FF334FF0C0
:10FB0000FF32384605F016FF224629464046FFF7E9
:10FB10004DFF0646384605F0E7FE3EB94FF0FF328E
:10FB20004FF0FF33044805F005FFE6E7A41BA4B23D
:10FB30003544DEE7DC830020F483002038B5194C1F
:10FB400001221146204611F029F90122002104F179
:10FB5000180011F023F940F20743A4F848304FF0A1
:10FB6000706323630C2384F8343000250E4B84F833
:10FB70004550A4F84650D3F8042522F00102C3F8FA
:10FB800004250121C3F80051D3F80021C3F8041360
:10FB90002A4619600D20F8F799FD0D20F8F766FD4B
:10FBA000284638BDDC83002000D0004010B5FFF7A8
:10FBB000DFFE002820DB174B93F8322093F831400A
:10FBC00093F83310141B31EA0404C0B20DD193F83A
:10FBD000472093F8464093F84810141B31EA040478
:10FBE0000BD10D4B01225A600EE09C1801321140DE
:10FBF00084F8350083F8321010BD9C180132114092
:10FC000084F84A0083F847100448BDE8104005F026
:10FC10006BBE00BFDC83002000D00040F4830020D6
:10FC2000F0B54068057B01F01F0444EA45140569FE
:10FC300087B0002D64D0B2F5001F00F1100506D189
:10FC40002146284610F095FE002007B0F0BD01AE19
:10FC50000027B2F5800F0197776039D1B3F1007FAB
:10FC600014BF052304238DF804300023CDE9046379
:10FC70000393836823FA01F111F001011AD1B2F163
:10FC8000A07F17D104F01F03620903F5E0732AD0A7
:10FC9000012A3BD11F4A52F82330DB070AD40DF169
:10FCA000030632462146284604F01CFD1A4B9842B2
:10FCB0001CD0029603AA2146284604F0D5FB174B18
:10FCC000984220D101222146284604F073FDBBE76B
:10FCD000B3F1C06F05D0B3F1007F14BF012302233D
:10FCE000C1E70323BFE74FF0A042D4E731462846DF
:10FCF00004F05AFD094B9842DBD06FF00B00A4E7EB
:10FD00006FF08500A1E76FF015009EE751F82330F2
:10FD1000FFDE00BF000300500400AD0B0000AD0B80
:10FD200038B545682B69B3B11035284604F02CFD71
:10FD3000044680B90146284604F0EEFC084B984280
:10FD40000BD108492246284604F0C6FC224605216C
:10FD50000620F8F7BBFC002038BD6FF00400FBE77D
:10FD60000000AD0B69FD0100420970B5034602D0E9
:10FD7000012A17D070BD0D4E326951680029F9D0A3
:10FD800003F01F0301250C689D400029F2D08A680A
:10FD90002A4002D04B68304698472CB12368214650
:10FDA0001C46F2E7024EE7E72346F8E7181C03007B
:10FDB000041C03002DE9F043466840F20635D006E6
:10FDC000337B87B002EA050554BFC2F3401003201D
:10FDD00001F01F07B5F5837F144647EA43178DF8F6
:10FDE000030044D00FD8062D18D007D8B5B1022D86
:10FDF0003FD06FF0150007B0BDE8F083B5F5807F08
:10FE0000F7D101250AE040F20222954233D0B5F540
:10FE1000407F32D0B5F5007FEBD1022522032ED5ED
:10FE2000726801238B40C2F80835326992BB07F033
:10FE30001F037F092BD0012F79D13F4A02EB8302A8
:10FE400084F48033D2F80017C3F30043C4F3404472
:10FE500044EA430421F4E16144EA800421F007010B
:10FE600044EA05230B43C2F800370020C3E7072507
:10FE7000D4E70425D2E70525D0E70325CEE76303C1
:10FE800041BF012372688B40C2F80C35CDE74FF0BB
:10FE9000A042D3E710360DF102023946304604F095
:10FEA00021FC14F4403F80460CD13946304610F016
:10FEB0005EFD224B9845D8D19DF80210304604F0E3
:10FEC0006DFCD2E701AB4FF0000903AA394630467A
:10FED000CDE90439CDE90199CDF80C9004F0C4FACC
:10FEE000164B984285D114F4003315D09DF8033099
:10FEF0008DF80E3084F48034C4F300444B4603AADA
:10FF0000394630468DF80C508DF80D4004F066FBF4
:10FF10000A4B9842CDD06CE7CDE9043303AA0DF12A
:10FF2000030339463046039304F09EFAF0E703F5E5
:10FF3000E07352F82330FFDE000300500000AD0BE9
:10FF4000036803F01F025B09026004D0012B034821
:10FF500018BF002070474FF0A040704700030050CA
:10FF60002DE9F04F494FDFF8288185B09146824650
:10FF700000EB8101514503D1002005B0BDE8F08FB1
:10FF8000DAF80030D804C3F3432203F07F0476D4B8
:10FF90007F2C4FEA1343BE5C08BF4FF0FF340C2B9D
:10FFA00070D8DFE803F0070E14171A2B176F6F6F66
:10FFB0006F315D00C9F80C45631C54D10AF1040A85
:10FFC000D8E7C9F81445651CF8D0002555E0C9F8F4
:10FFD0000845F1E7C9F81045F5E7601CC9F8084580
:10FFE000ECD0002503A80394FFF7AAFF039B4FF072
:10FFF000010B0BFA03F3C0F80C350EE0621CC9F8D4
:020000022000DC
:100000000C45DBD00125EDE7C9F80845002EDAD113
:10001000631CD3D00025AB460626DAF800300193E6
:1000200003F40052002A03A81CBF4FF0000B012567
:100030000394FFF785FF039A019B00EB8200C3F353
:10004000C114D0F80027330243EA840343EA0B03C8
:1000500002EA0802134343EA4503C0F80037ADE75C
:10006000C9F80C45D2E703A80394FFF769FF039B87
:10007000012505FA03F3C0F80835AB46CDE76FF06C
:1000800015007AE76FF0850077E700BF276103006E
:10009000F0F8FCFF10B5094C88B0CDE9004305939A
:1000A000012404ABCDE90342CDE9063402AA06AB34
:1000B000CDF808D00EF0E3F908B010BDAB61030035
:1000C0000369024A5B6800201A607047801A0600C4
:1000D00010B50B46446828220021184611F0DBFABF
:1000E000074A4260E268026022698260C27B42F095
:1000F0000102C273012280F82420002010BD00BF3D
:10010000801A060073B50C4C45680669716828684A
:1001100001230DF10702FFF7BDFF28B99DF8070085
:10012000FF2803D1013CF1D202B070BD002CFBD1FD
:100130006FF07300F8E700BF40420F00F8B5446865
:100140000569206810F0A9FC18B96FF01204204668
:10015000F8BD606828B310F0A0FC0028F5D06068F6
:10016000217A63890769D0F808C03C68DA0754BF70
:1001700043F4B01383F4D013012623F480128E408D
:10018000DB074CBF3443B4433C60DCF80030984795
:10019000044630B1074A0346012107480BF05AFBD9
:1001A000D5E72B46012203F8082B00246B60AC60D6
:1001B000CDE700BF2F610300801F03002DE9F04150
:1001C0000469476863680E461A680968914216D048
:1001D000FA68914203D96FF08500BDE8F08171B1F2
:1001E00004F10805AB4204F11C0231D1A1601146B3
:1001F00053F8045B41F8045B9342F9D163603379AF
:10020000022BE8D1737922789A423FD0022B38D161
:100210000269D0F8048055682B680BB9254B2B6018
:10022000AB8843F48043AB80D8F800000A23303217
:100230002946FFF72FFFC0B1AB8823F48043AB8082
:100240001D4A1E4801210BF0FCFA6FF00400C4E7C0
:10025000E161134604F130012A4653F804CB42F819
:1002600004CB8B42F9D16560C9E7D8F800008368F8
:1002700029465B689847AB8823F48043AB8000280D
:10028000DED17A6873794AB973792370B379012B17
:10029000A1D1737A012B9ED100209EE7022B07F19A
:1002A000040005D101210EF0D6F80028ECD0CCE7EF
:1002B0000021F8E7801A060053610300801F030045
:1002C0002DE9F04F9BB04368D1F81C90029304468F
:1002D00003690393884615460021142212A811F0E1
:1002E000DAF90C23119320210123CDE917134FF4E0
:1002F0007A731993002D5CD00122414620460EF0FE
:1003000018F98346002840F09080D8F8002023692F
:100310000093183A012AD5E90137D4F804A02E69D0
:1003200000F29D800E9307AB04AA0F9302230B9259
:10033000109301220BAB022F0993CDE90C264FF04D
:1003400003030A9334BFFE23FC238DF81030002FE3
:1003500040D1AB68012B18D9FD238DF810300099DE
:1003600001230A934968DAF800003B4609AA0EF017
:1003700086F8834600286CD169693A4620460EF01B
:100380009DF88346BBF1000F63D1D8F80030122BE3
:1003900004D1002211A920460EF0CBF8029B186868
:1003A000039B596883685B681BB0BDE8F04F184732
:1003B00091460022414620460EF0BBF883460028B5
:1003C000ECD0B9F1000F09F1FF32F1DC58461BB057
:1003D000BDE8F08F6A68314600200AF0F7FB00990B
:1003E00040BAADF81C004968DAF80000002309AAF9
:1003F0000EF045F8834660BB0099DAF800004968C2
:10040000012305AAFFF746FE834610BB9DF8142082
:1004100002F00F02052A0FD00B2A3BD1024611A988
:1004200020460EF086F86FF0890BB9F1000F09F144
:10043000FF32CBDD91465FE76A6869691644024680
:1004400020460D960EF03AF8013F834600283FF40F
:100450007EAF002211A920460EF06BF8E5E7324A84
:100460000A93CDE9052305AA079209A90122B3F54C
:10047000007FCDE90826CDE90B1202D96FF0850B7C
:10048000E7E72046FFF73EFEB0F1000BE1DBBBF1F2
:10049000FE0F44D06FF0040BDBE70099DAF80000A0
:1004A0004968032304AAFFF7F5FD6A6883463146CD
:1004B00000200AF08BFBBDF8102052BA92B28242A3
:1004C00007D01A4A1A4801210BF0BBF96FF0890BCB
:1004D000BFE76A68019B16440996002B3FF452AFB0
:1004E0002046FFF70FFEFE2805D0124A10480121D2
:1004F0000BF0A7F9CEE7019B013B01930099DAF8D5
:10050000000049680BAB07AA0DF0B9FF834600282D
:10051000C3D0094A064801210BF093F999E77B1EE5
:100520000193002FEAD194E7AB61030084610300DB
:10053000801F030091610300726103002DE9F743FE
:100540000646002201210220F8F7C0F80220F8F741
:100550008DF8776835693C684FF00008C4F800856D
:100560002E60D7F80C9001AA414648460DF060FF76
:10057000002837DB019BD9F8002019791868FFF7AC
:10058000EFFC00282EDB6B7A3169012B03D0032BA3
:1005900026D14FF01008AB7A032B21D195F80BC070
:1005A000BCF1000F02D0BCF1010F19D12A7A12B1AF
:1005B000022A15D10E226B687068B3F5164F0068D9
:1005C0007BD02DD8B3F5165F7AD016D8B3F5966FD9
:1005D00078D00AD8B3F5967F77D0B3F5167F77D069
:1005E0006FF0850003B0BDE8F083B3F5166F72D0ED
:1005F000B3F5965FF4D15C4B3EE0B3F5E14F6DD0BF
:1006000007D8B3F5615F6BD0B3F5964FE8D1574B80
:1006100032E047F6122E7345E2D14FF400032BE08F
:10062000B3F5613F5ED013D8B3F5963F5DD009D8DE
:100630004DF6C02E73455AD0B3F5614FD0D14FF46B
:100640006B0319E0B3F5E13FCAD14FF0EB7313E050
:10065000B3F5612F4ED009D8DFF830E173454CD0A7
:10066000B3F5E12FBCD14FF0E86305E0DFF820E1FE
:100670007345B5D14FF08053C0F82435736848EA0C
:100680000C081B6842EA0802C3F86C250B1DD5E96B
:10069000010183E803007B6899073DD505F1180047
:1006A00004F0B4F9324B98422AD03248324A012140
:1006B0000BF0C7F86FF0040094E74FF41D03DBE77D
:1006C0002E4BD9E74FF49E23D6E74FF4A033D3E760
:1006D0004FF41C33D0E74FF41D23CDE7284BCBE775
:1006E000284BC9E74FF06C73C6E7274BC4E74FF4BC
:1006F0006503C1E74FF07063BEE74FF08063BBE76F
:10070000287E04F10C0204F5907110F099F82B7E0C
:100710000120984003F08AFD0823C4F800353B7A95
:1007200053B9C4F81031D4F810316B69C4F83435BA
:100730000123C4F8383523607B689A075CBF4FF407
:100740008073C4F804337B68DB0644BF4FF4800336
:10075000C4F804332B69C4F8443500200123C4F8DD
:100760004805A360E3603DE700B0130000A04E0021
:100770000000AD0B981F0300AB630300005027007F
:1007800000C0750000F03A0000903A0190D00300DC
:1007900040420F00F8B5044607690D4610F03FFAD5
:1007A000B0B92E4B1B789BB1642660680DF0C1FF79
:1007B00000BB012010F042F8013EF6D100212120BB
:1007C00005F03AFDF0E786F31188BFF36F8FF5E788
:1007D0004FF04003EFF3118683F31288BFF36F8F5E
:1007E000606831460DF0A5FF90B986F31188BFF31C
:1007F0006F8FEDE74FF04003EFF3118683F312881C
:10080000BFF36F8F606831460DF093FF0028DAD098
:100810003B691D70626838691368C3F8440501209C
:10082000C3F848050020C3F82001D3F82051C3F8CD
:1008300058015268D3F85801D20608D56268126888
:100840000820C2F800054FF48002C3F804230122F7
:100850009A6081F31188BFF36F8FF8BDEE9E002080
:100860002DE9F04383B045680669D5F83C8000AFB8
:100870003A1D002140460DF0DBFD041E1ADB7B68AB
:10088000D8F8002019791868FFF76AFB041E11DBFD
:10089000296C481C1BD005F1440000F077FB10F1D7
:1008A000130F04460BD1314A314801210DF08AFF64
:1008B0006FF0120420460C37BD46BDE8F083411DA1
:1008C00005D12C4A2A4801210DF07CFFF2E76B6B21
:1008D0009847B5684FF00108D6E9023203EBC2032E
:1008E0009D4204D330460DF0A0FF0024E2E72868C3
:1008F00010F0D3F80346B0B92A68297910686C461D
:100900008AB06A461C4DD1614FF4007111841B49B5
:10091000C2E9055042F8101F15484FF41151F6F77F
:10092000A3FDA546C4E728682979EB88D0F810C054
:10093000D0F80890DCF80040DA0754BF43F4B01355
:1009400083F4D01323F4801208FA01FEDB074CBFB6
:1009500044EA0E0424EA0E04CCF80040D9F8003032
:100960009847041EA6DB0835B6E700BFE86303001E
:10097000901F0300136403003064030004000001AF
:100980002DE9FF410569D0F804802B6E0746A86D5C
:1009900000283AD16BB3B8F838406A6DEE6D9C42CE
:1009A00028BF1C46EB6D53B1296E41B106F0604182
:1009B000B1F1005F03D0082C6E6F28BF08240092AD
:1009C0006A6DAC661AB1AA6D002A18BF2246CDE93D
:1009D00001261BB12B6E002B18BF2346002269464F
:1009E0004046039304F092FA184B98420AD06FF0F5
:1009F00004033C69236404F1280004F075FF00231C
:100A000084F86C3004B0BDE8F081696DEE6DB8F823
:100A100038400A46ABB1834228BF03469C4228BFF8
:100A20001C460029BED001F06043B3F1005FB9D08D
:100A3000082C28BF08242246286F10F004FE2A6FD5
:100A4000B0E7844228BF0446EBE700BF0000AD0BCF
:100A500038B5027803460C4662B98D6E5DB94B6EAF
:100A60001C696FF07303236404F1280004F03CFF59
:100A700084F86C5038BDC86D48B10A6E3AB1DB6875
:100A80002BB1984203D0496F2A4610F0DCFDA36DCC
:100A9000A26E33B19A4213D9224A234801210DF0A4
:100AA00091FE236EA26E33B19A4222D91D4A1E488E
:100AB00001210DF087FE606EBDE83840FFF760BF92
:100AC0009B1AA3657BB9636C08336364A36C013B19
:100AD000A36404F1580204F1480104F144000DF04C
:100AE0007DFE6065DDE7636D002BDAD0134463653E
:100AF000D7E79B1A23667BB9E36C0833E364236D65
:100B0000013B236504F1600204F1500104F14C0043
:100B10000DF064FEE065CEE7E36D002BCBD013440F
:100B2000E365C8E754640300901F03002DE9F04F0C
:100B30008FB000AF8846FB604368BB608B88046958
:100B400099040646924633D44FF0FF324FF0FF33FC
:100B500004F1100004F0EEFEC4F80480D6F804B0EE
:100B6000D6F81090DBF808303B6099F86D3023B16F
:100B7000D9F80030984500F01A81B8F804E01EF466
:100B800000631CD06D4A6E4801210DF01BFE6FF012
:100B9000850523689B8813F4005304D1636004F136
:100BA000100004F0A1FE28463C37BD46BDE8F08F9A
:100BB000A369002BC8D163689845C5D1CEE71EF064
:100BC000010F15D06D4688B031686A465D48C2E9AC
:100BD00005014FF4007191835B4942F8101F58489A
:100BE0004FF4E251F6F740FCAD466FF01505D0E743
:100BF0001EF0080F05D0554A514801210DF0E2FDC5
:100C0000F3E7CEF34513082B01D0514AF4E7D8F8A7
:100C100000307B607A684F4B9A4201D84E4AEBE72E
:100C20000BF10C0CBCE80F0007F110050FC5BCE878
:100C30000F000FC5D7E900239A4228BF1A469CE847
:100C40000300464B9A4285E8030017D2444B9A4270
:100C500014D2444B9A4211D2434B9A4251D8434B3F
:100C60009A4250D8424B9A424FD8424B9A424ED861
:100C70004148424B4249824288BF0B461EF0020F58
:100C80007B620EF0040344D0002B14BF0323022325
:100C900087F82830CEF3001387F82930DBF80030CE
:100CA000D3F808351EF0020F4FEA5312CEF340017D
:100CB00003F01F0334D182B3012A40F03981314956
:100CC000012202FA03F3C1F80C3599F86D302BB10B
:100CD000584604F0CBF8002389F86D302A4A4B4679
:100CE00007F11001584604F08DF8284A9042034657
:100CF00058D0274A124801210AF0ACFD6FF00405D4
:100D000047E7244BBAE7244BB8E7244BB6E7244B1C
:100D1000B4E7003B18BF0123BAE74FF0A041CFE78B
:100D20004AB1012A40F007811649012202FA03F371
:100D3000C1F80835C9E74FF0A041F6E77264030037
:100D4000901F03008C64030003000001AE640300E5
:100D5000CD64030047E80100FC6403000048E8019B
:100D60000024F40000127A00FF083D007F841E007A
:100D70003F420F001FA107008FD0030048E8010089
:100D800090D0030000030050510A02000000AD0B98
:100D90002D65030000093D0080841E0040420F00C5
:100DA00020A10700012389F86D30C9F800800123D4
:100DB00084F86C30BB68196C4A1C0AD003F14400FB
:100DC0000DF05DFD743004D15D4A5E4802210DF0E6
:100DD000F9FCBAF1000F73D1C4F844A00023A36456
:100DE00004F1580204F1480104F144000DF0F6FC4E
:100DF000FB686065002B6BD1E3640023236504F17D
:100E0000600204F1500104F14C000DF0E7FCE065D4
:100E100020680023236448B183683BB10121083076
:100E20000DF0EFFC236818690FF032FE3046FFF733
:100E3000A7FD0022A06C1346834251D10023256DEB
:100E40001946A94253D19342A04638BF13464FF4E6
:100E5000FA5202FB03F558F8283B4FF4004C1B688C
:100E6000B5FBF3F540F2E730C83500214FF47A7254
:100E70000023E5FB0C01DFF7B7FD02460B464046B9
:100E800004F058FD002839D02F4A2E4801210DF0DA
:100E900099FC0025B868A56603F0E8FF84F86D505A
:100EA00036696FF07309C6F8409006F1280004F027
:100EB0001BFD86F86C50404604F064FD4D4621E071
:100EC000DAF800306364002B88D0DAF8043086E763
:100ED000FB681B68E364002B8FD0FB685B688DE7C1
:100EE000616C01EBC301013349680A44A4E7E06C7B
:100EF00000EBC100013140680344A2E7256C15F105
:100F0000740FC6D02368002B3FF443AE9A68002AC2
:100F10003FF43FAE998811F480567FF43AAE1869D9
:100F20000FF0B6FD2068314608300DF06AFC30E65F
:100F3000C1F80C15FFDE0023C3F80835FAE700BF3F
:100F400054650300901F03007E65030000F01F023C
:100F500040090DD001280ED10A4B03EB82030A4A47
:100F6000D3F80007024042EA8102C3F80027704725
:100F70004FF0A043F1E702F5E072002353F822306E
:100F8000FFDE00BF00030050F0F8FCFFF0B587B0B3
:100F900001238DF8023002238DF804306B44039353
:100FA0000F4601AB0DF103010024049305460291A5
:100FB000059403F0F9FB0C4B984206460FD103AAA7
:100FC0003946284603F050FAB0420BD09DF8031082
:100FD000284603F0E3FB6FF0040007B0F0BD6FF0AC
:100FE0001200FAE72046F8E70000AD0B70B50123C8
:100FF00083400E4ABFF35B8FDC4352E8001F01EAD7
:10100000040542E80056002EF7D1BFF35B8F4FF482
:10101000803282400648C0F80823BFF35F8FBFF3D9
:101020006F8F0B4214BF0120002070BD4C84002044
:101030000010014070B40E49D1E90034D01AC31831
:1010400044F1000422F07F46C1E90034A6F5001304
:10105000B3F5400F09D2074B1B681A0A1B069C19EF
:10106000054B42F10005C3E9004570BC05F0ECB941
:10107000902F002050840020982F002011B3BFF340
:101080005B8F0123104A834052E800CF4CEA030CE7
:1010900042E800C10029F7D1BFF35B8F0B4A4FF440
:1010A00080338340C2F80433094BBFF35B8F1B6866
:1010B000BFF35B8FC340DB0742BF064B4FF40032E8
:1010C000C3F80021704700BF4C840020001001408D
:1010D0004884002000E100E00D4B1868010A00067A
:1010E000BFF35F8F0B4BD3F80435181841F10001A3
:1010F000B3F5801F0AD2084BD3E90023904271EB6D
:10110000030303D210F1807041F10001704700BF6A
:101110005084002000100140982F00202DE9F04F4E
:1011200085B016461F469DF840A00446FFF75EFFB7
:101130000190FFF7D1FFB04271EB070354D23E4B51
:10114000301A67EB0101984271F100014FD23B4B1D
:1011500003EB0413D3E902239F4208BF96425ED0FB
:1011600037494FF4803804F1500508FA04F8AD000F
:10117000C1F848832046ADB20DF0A9FB26F07F4BA5
:1011800005F1804504F5A87305F58835DC464FF078
:1011900003090293029A2CF07F4341F82230C1F8F0
:1011A0004483D1F80435274A6FF00200C01A604426
:1011B00020F07F40904232D9286868B1D1F80435D8
:1011C0000393A3EB0B0020F07F40B0F5000F26D96E
:1011D00020460DF07CFB039BBAF1000F07D109EB11
:1011E000030C09F10109D5E7BAF1000F09D06FF03E
:1011F000150520460199FFF741FF284605B0BDE8D7
:10120000F08F0123104ABFF35B8FA34052E8000F19
:10121000184342E800010029F8D1BFF35B8F07496A
:101220000E98230101EB0412C8500F9B5360C2E9D2
:1012300002670025DDE700BF01008000802F00204D
:1012400000100140FDFF7F00488400207FB51C4C4A
:101250001C4BC4F80833C4F848331B4B00254FF02F
:10126000FF304FF0FF31C4F80855C3E902014FF4D5
:101270008033C4F80433154B02264FF400320121A9
:10128000C4F804631120C3F880212A46F7F71EFA38
:101290001120F7F7EBF90E4A0123A36023601360D6
:1012A0000C4B0D4A0093CDE9015500232846FFF76A
:1012B00035FF3046FEF7B6FA284604B070BD00BFD1
:1012C0000010014003000F00802F002000E100E02B
:1012D0004C84002035100200FFFF7F002DE9F7430A
:1012E0002B4CD4F8043399070BD5D4F8043143B10F
:1012F000284A0023C4F80431D4F8043113680133B8
:101300001360D4F80433DA0323D5BFF35B8F224B89
:1013100053E8002F22F0010143E800100028F7D124
:10132000BFF35B8FD30702D4D4F840318BB10025D3
:10133000C4F84051D4F84031FFF7CEFEEFF31082ED
:1013400072B6164BD3E90267B042B94104D282F3B8
:10135000108803B0BDE8F0834FF0FF384FF0FF393D
:10136000C3E90289D3E900101D604FF48033C4F84B
:101370004833C4F84051D4F8403182F31088002932
:10138000E7D0009032463B4628468847E1E700BF59
:10139000001001405084002048840020802F00204D
:1013A00030B5431C124C85B005D08442A8BF04461A
:1013B000012CB8BF0124FFF78FFE0E4B0C4DD3E973
:1013C0000013401AB0F5000F10D22218AA4228BF0D
:1013D0002A4652184FF0000007490091CDE901005C
:1013E00043F10003FFF79AFE05B030BD2A46F0E74F
:1013F000FFFF7F00902F00203510020008B5FFF797
:101400006BFE024B1B68C01A08BD00BF902F002066
:1014100010B5084C012363601120F7F735F9064B2E
:10142000C4F80833C4F84833044B4FF40032C3F80F
:10143000802110BD0010014003000F0000E100E01A
:1014400002460B46014804F0A1B900BFB00C0020D1
:10145000014804F05FB900BFB00C002008B5F5F7F3
:101460001FFF0448044A01210AF0EBF90020F7F7B6
:1014700019F800BF181F0300CC65030030B53C48C5
:1014800087B0F9F7F7FC3B48DFF7CCFFE0F722F92C
:1014900018B16FF0850007B030BDE0F72DF90028D6
:1014A000F7D1E0F73BF90028F3D1E0F749F900283C
:1014B000EFD1E0F757F904460028EAD103AA012149
:1014C0008DF80C00DFF7FEFF0028E4DB012503AAFE
:1014D000022120468DF80C50DFF7F4FF0028DADBFC
:1014E000082303AA07212046ADF80C30DFF7EAFFF6
:1014F0000028D0DB204B039303AA03212046DFF70B
:10150000E1FF0028C7DB03AA042120468DF80C5018
:10151000DFF7D8FF0028BEDB1F2303AA0621002027
:10152000ADF80C30DFF7CEFF0028B4DBFB23ADF8BD
:101530001430ADF80E3040F6B933002298428DF8E1
:101540000C20ADF810208DF812200EDD0B4A009013
:1015500029460B480AF088F9404080F311884FF083
:10156000040002DF6FF00B0095E7104693E700BF21
:101570007C310300B1150200FBFB0302E9650300A7
:10158000E81E0300014902480FF0B8BC5484002053
:10159000283C002010B403460A46044881680C68C1
:1015A000194623465DF8044B184700BF541C03003E
:1015B00098B500AF6C468AB06A460C4BD161C2E95F
:1015C00005304FF400731384094B42F8103F09486B
:1015D00000234FF41151F5F747FFA546404080F333
:1015E00011884FF0030002DFBD4698BD0B66030073
:1015F00004000001E81E030090B58BB03349344865
:1016000000AF0FF04EFC00F01BFD07F11400E0F7F7
:101610004FF86C4688B06A462E4B53612E4B93614F
:101620004FF4007393832D4B42F8103F2C492D4803
:1016300007F11403F5F718FFA5462B480FF02DFA14
:1016400050B92A4A274801210AF0FBF86FF012042A
:1016500020462C37BD4690BD0023C7E9023307F171
:101660000800234B3B61E0F78FF8034638B1214A6D
:101670001C4801210AF0EEF86FF01504E8E74FF07E
:10168000FF304FF0FF31FFF7DBFE04460028DFD1CB
:1016900019491A48DFF7CCFF044610B1FFF7D8FE0E
:1016A000D6E741F64C53381D7B60F0F711FC20B1B2
:1016B000FFF7CEFE6FF08504CAE7012338463B7082
:1016C000F0F7FEFB0028E9D0F2E700BF7FE9020057
:1016D000548400200740030030660300030000012B
:1016E000C01C4001E81E0300541C030057660300A1
:1016F0009515020077660300A02F002085150200D3
:1017000073B54FF0FF304FF0FF31FFF799FE00281F
:1017100061D1324D0DF10701284600F075FB0446FA
:10172000FFF796FE002C56D19DF80730042B2CD1E4
:1017300028783E2815D0FF281AD04FF0FF324FF0FE
:10174000FF332146F8F76CFB0646A0B924B9244ABA
:10175000244801210AF075F802B0BDE87040FFF797
:1017600011BFAB78022BE8D1002200230124E8E767
:10177000AB78802BF7E76A78184902320C300CF00E
:10178000B5FC3046F9F74EFBE6E7022B0AD14FF0E5
:10179000FF324FF0FF330320F8F712FB044658B92D
:1017A000114AD5E7082B10D14FF0FF324FF0FF332D
:1017B0000520F8F705FB04466A882946043204F13F
:1017C0000C000CF093FC2046DCE7084A0548012198
:1017D0000AF040F8C0E702B070BD00BFD896002004
:1017E0009B660300E81E0300B5660300CE66030097
:1017F000F7B5A64C23780646002B40F0008304235F
:101800008DF80730A24B05881F68B7B10DF10603AC
:101810000DF10702611CB84701280ED09DF8063073
:10182000002B40F069829DF80730A3700E2201233F
:101830006270E370A580A07167E2B5F5105F4FEAB2
:1018400095230BD2002B00F0BB82013B072B08D85D
:10185000DFE803F009073476070707BE3F2B00F0E7
:10186000EE81012048E2304640F2064230F9033B67
:1018700093420ED040F21D42934213D0012040F219
:1018800006439D4200F0388240F21D439D422BD119
:1018900032E2F0F779FB42F226039D4204D942F28C
:1018A0003203F3E7F0F772FB42F20C039D42E6D9F4
:1018B000A5F500530D3B774A9BB288E2304640F6CF
:1018C000634230F9033B93422ED010DC40F60342D2
:1018D00093421DD040F62D4293421CD040F6014267
:1018E0009342BED1F0F7D3F901289CD1B9E740F675
:1018F0007B4293421BD040F67C429342B1D19DF88B
:101900000730654902338DF80730F0F7CEF9EBE781
:10191000E0F71AF8E8E79DF807305F4903338DF8E0
:101920000730F0F7B9F9DFE7F0F7B8F9DCE79DF831
:101930000730594904338DF80730F0F7B4F9D3E78D
:101940003388A3F58053013B082B8AD801A252F8B3
:1019500023F000BF791902008B1902009F190200C1
:101960006318020063180200631802006318020083
:1019700063180200BF1902009DF80730464808337B
:101980008DF80730F0F7BDFAAEE79DF80730424812
:1019900040338DF807300CF0F4FF002043E79DF84A
:1019A000073008338DF807303B4B00221A605A602D
:1019B000E37A23F0600343F06003E372EDE79DF800
:1019C0000730354806338DF80730F0F79CFA8BE77F
:1019D000304642F24B0130F8033B1AB28A425DDCDA
:1019E000B2F5005F63DDA3F50053013B4A2B5ED8DF
:1019F000DFE813F05F006C0075005D007F0082007F
:101A000085008E00910094005D005D005D005D002A
:101A10009A00A300A600A9005D005D00AC00B5001F
:101A2000B800C1005D00CA00D300DC005D005D00AD
:101A30005D005D005D00E600EF00F800FB00FE00C9
:101A40005D005D005D005D005D005D005D005D00AE
:101A500004010D01160119015D005D005D005D00CE
:101A60005D005D005D005D005D005D005D005D008E
:101A70005D005D005D005D005D005D005D005D007E
:101A80005D005D005D005D001C0100BFD797002078
:101A90006484002041120003DE97002042F25E03BE
:101AA0009A4200F0A88042F27C039A4239D0012089
:101AB00001E0F0F72AFA42F244039D4200F28E81DF
:101AC00042F242039D427FF6E6AE15E19DF80730F3
:101AD000BA4803338DF80730F0F71CFAEBE79DF8AE
:101AE0000730B64808338DF807300CF085FF00202A
:101AF000E1E7F0F711FADEE7F0F710FADBE79DF81F
:101B00000730AE4801338DF80730F0F709FAD2E715
:101B1000F0F708FACFE7F0F707FACCE7F0F706FAA4
:101B2000C9E7F0F72FFAC6E79DF80730A34801335D
:101B30008DF80730F0F7FCF9BDE7F0F7FBF9BAE7ED
:101B4000F0F7FAF9B7E7F0F7F9F9B4E79DF80730DD
:101B50009A4907338DF80730F0F7F2F9ABE7F0F761
:101B6000F1F9A8E79DF80730944910338DF8073054
:101B7000F0F7EAF99FE79DF80730904808338DF8B1
:101B80000730F0F7E3F996E79DF807308B49023309
:101B90008DF80730F0F7DCF98DE79DF807308749BD
:101BA00002338DF80730F0F7D7F984E79DF8073056
:101BB00008338DF807308F23E371C023E37296E773
:101BC0009DF807307D4902338DF80730F0F7C8F9EA
:101BD00071E79DF80730794804338DF80730F0F746
:101BE000C1F968E7F0F7C0F965E700F059FA62E774
:101BF0000CF01CFF5FE70CF01CFF5CE79DF8073062
:101C00006E4808338DF80730F0F7B0F953E79DF8C8
:101C100007306A4904338DF80730F0F7A9F94AE72D
:101C2000F0F7A8F947E7F0F7A7F944E79DF8073080
:101C3000624802338DF80730F0F7A0F93BE73046F1
:101C40004FF60B4230F8033B934211D8B3F57C4F6B
:101C50007FF607AEA3F57C43013B0A2B00F2BD8063
:101C6000DFE803F0212EBBBBBB6ABBBB58616D0034
:101C700003F5407292B2162A25F008023FF6F1AD44
:101C8000A3F57D43162B00F2B880DFE803F0617501
:101C9000787B7E81B6B6B684B6B687B6B6B6B6B62B
:101CA000B6B68AB693009DF8073044480C338DF8D9
:101CB0000730EFF7FCFF25F008034FF602529AE0D9
:101CC0009DF8073040338DF807303C4B00221A80D6
:101CD000E37923F0230343F02303E371237A23F012
:101CE000070343F0070323724FF6025225F008035F
:101CF00093427FF452AE00200F2363700423A3703D
:101D00000123E0702371A4F8055001232370002003
:101D100003B0F0BD9DF80730284817338DF8073021
:101D2000EFF7E1FFC7E79DF80730244820338DF82F
:101D30000730F0F72AF8BEE7EFF7D3FFBBE79DF8CF
:101D400007301E4801338DF80730F0F76FF8B2E71F
:101D50009DF8073040338DF80730184B002119806B
:101D6000E37923F03F0343F03F03E3710A236372F7
:101D70004FF602539A42BCE7F0F76EF89BE7F0F794
:101D80006DF898E7F0F79CF895E7F0F79BF892E785
:101D9000F0F79EF88FE7F0F79DF88CE7F0F79EF8E4
:101DA00089E79DF80730054904338DF80730F0F7CF
:101DB00097F880E7F0F7A3F87DE700BFDE970020F3
:101DC000012091E5A5F50153283B0E4A9BB222FA6A
:101DD00003F3DB077FF588AD8EE7012042F2850330
:101DE0009D423FF668AF42F267039D42EAD825F074
:101DF000020342F26402934249E501205BE74FF09F
:101E0000FF3085E72F80002038B5094C23780D4638
:101E10001BB9BDE83840EFF72ABFA278611C023237
:101E20000FF011FC0020042320702B7038BD00BF80
:101E3000D797002070B505460E46084C20460EF098
:101E40002CFE38B1A368B2B2294620461B68BDE813
:101E5000704018476FF0120070BD00BF541C0300A3
:101E60001E4B1F4903F12002002808BF194670B518
:101E7000104604F0D7FC034650B31A4A1A48012111
:101E800009F0E8FC12244FF0FF324FF0FF3301203D
:101E9000F7F796FF00F10C060221054630460CF0DC
:101EA0001FF93E23037022234370012130460CF0BA
:101EB00017F909230370212130460CF011F900F8BD
:101EC000014B3CB12022FF210FF0E5FB284670BDFD
:101ED0000446D8E705490CF09FFDF7E71E9800205F
:101EE0007B6703003D670300E01E03003E9800206F
:101EF000F8B53D4CBFF35B8F2368BFF35B8F022BBC
:101F0000274659D0042B5CD0012B5CD1374C384E7E
:101F100020212046FFF78EFF002842D120223146A3
:101F200020460FF0C0FB0028F2D03248214604F0D2
:101F300065FC05460028EBD14FF0FF324FF0FF3330
:101F40000120F7F73DFF00F10C0602210446304660
:101F50000CF0C6F83E230370422343700121304643
:101F60000CF0BEF808230370412130460CF0B8F89D
:101F7000064600F8015BB5B1402200210FF08BFB53
:101F8000BFF35B8F002357E8002F47E8003100299B
:101F9000F9D1BFF35B8F34B32046BDE8F840F8F7C2
:101FA00041BF1F25C8E713490CF036FD203106F16B
:101FB00021000CF031FDE3E70020FFF751FF04465C
:101FC000DEE70120F9E70C4A0C48022109F039FC50
:101FD000BFF35B8F002354E8002F44E80031002951
:101FE000F9D1BFF35B8FF8BD788400201E980020E4
:101FF0007B6703003E9800205E670300E01E03003D
:1020000010B586B01022002101A80FF044FB0B4C44
:10201000059401238DF811304FF0FF324FF0FF335C
:10202000012101A804F040FB20460FF002FB049BB5
:102030006FF394330493FFF75BFFEDE768840020B0
:1020400010B588B00E480FF0EFFA0E4C0E49002282
:102050000023CDE9062300230A22CDE90323CDE99D
:10206000013300934FF46272084B204603F0DAFA12
:102070000749204608B0BDE810400EF0D6BD00BFAD
:1020800068840020603B0020809D01200120020028
:102090006E6703000148F6F75BBA00BF603B0020A3
:1020A00008B50B4BBFF35B8F012253E8001F0029DB
:1020B00003D143E800200028F7D1BFF35B8F05D19F
:1020C0000448002104F04CFB002008BD0C20FCE774
:1020D000788400206884002010B50029114BBFF3DC
:1020E0005B8F04460CBF0222042253E8001F002924
:1020F00003D143E800200028F7D1BFF35B8F0ED156
:10210000214609480CF088FC084804F120010CF035
:1021100083FC0748002104F023FB002010BD0C20A5
:10212000FCE700BF788400203E9800205E980020E5
:1021300068840020014902480EF0E0BE7C84002043
:10214000283C002037B53223ADF80430104A002374
:102150000125192168468DF80630ADF800508DF83C
:102160000230EEF77BFC044670B901462A4608208F
:10217000F6F7ACFA2A4621460B20F6F7A7FA2A46CC
:1021800021462846F6F7A2FA204603B030BD00BF2C
:102190009521020098B500AF6C468AB06A460C4B98
:1021A000D161C2E905304FF400731384094B42F842
:1021B000103F094800234FF41151F5F755F9A54692
:1021C000404080F311884FF0030002DFBD4698BD08
:1021D000A767030004000001501F030037B50D4D31
:1021E0000D49002400946FF009034FF480622846E3
:1021F00003F082FC094928460EF017FD08490948FA
:102200000EF04FFE224604211920F6F75FFA204611
:1022100003B030BD283C002080A10120BB67030033
:102220005DEA02007C840020014B00201B681847F7
:102230008C84002020B1012806D10448EBF724BB90
:10224000034B01201B681847704700BF292202007A
:102250008C840020014B1860014870478C8400205A
:102260000000AD0B2DE9F0410468054674B321462A
:1022700011F8013B1F2B37D93A2BF9D12078303890
:10228000C3B2092B1DD9DFF864C000205CF804EB51
:1022900027461EF8012B17F8013BA2F16108A3F1B4
:1022A0006106B8F1190FF6B213D8203A192ED2B23E
:1022B00001D8203BDBB29342EBD001300828E5D1B6
:1022C00004E0A31C9942DED107280ADD4FF0FF305D
:1022D00008E0192E9CBF203BDBB2002AEBD1B942AB
:1022E000EBD12960BDE8F0810020FBE7A4310300B9
:1022F00038B5002303714FF0FF33836304460CF0BD
:10230000A7FD00285CD1B4F83A524AF655239D4205
:1023100034D094F83C30EB2B2AD1B4F84730B3F5E5
:10232000007F29D194F8493033B35A1E1A4218D18C
:10233000B4F84A30ABB194F84C30013B012B10D8C3
:10234000B4F84D306BB1B4F84F307F2B06D804F1A0
:102350005C000CF0C0FBB0F5803F02D3B4F8523003
:1023600093BB4AF65520854214BF0320022038BD96
:102370001833DBB2012BD0D90320F8E713490B2225
:1023800004F13C000FF08FF9E0B194F83C30EB2BF6
:1023900003D01833DBB2012B10D80D49082204F109
:1023A0008E000FF080F90028E1D0B4F84730B3F583
:1023B000007F03D194F84930002BB6D10220D6E734
:1023C0000420D4E70120D2E70020D0E7CF67030044
:1023D000026803002DE9FF4100230B600E461546FD
:1023E000FFF740FF0028C0F2C281B14B53F82040F4
:1023F000002C00F0BE813460237805F0FE056BB13F
:10240000607801F0F1FCC60708D40DB1410703D490
:10241000002004B0BDE8F0810A20FAE700236078CC
:10242000237001F0EDFCC20700F1A5810DB1430757
:10243000F2D400212046FFF75BFF022840F098808D
:102440006E4604F2022304F24221324618460CF092
:1024500042FB10338B4242F8040BF7D1002556F8AB
:10246000041B00297BD02046FFF742FF012877D8C4
:102470000128A26B40F0B98004F146010B2311F84A
:10248000015F002D79D10133402BF8D1B4F8A4308D
:10249000B3F5807F71D194F8A830092B6DD104F188
:1024A00084000CF01AFB4FF0FF33171841F10001C4
:1024B000BB4275EB010360D304F190000CF00BFB01
:1024C000206294F8AA00E070012856D194F8A9304F
:1024D00000FA03F398B2608100284ED004F198000E
:1024E0000CF0F9FA06467348864246D8B01CE06103
:1024F000626204F194000CF0EEFA00EB0208C4F8FA
:10250000308004F18C000CF0E6FA9BB21044A0621B
:1025100006FB03F010EB080045EB0503874271EB67
:1025200003032AD304F19C000CF0D5FA2E46E06296
:1025300065B96389B34220D9E16A20460CF0E8FA14
:10254000811920460CF084FC80B90136631993F898
:102550003C30812B13D02035C5F30805E8E7032074
:102560000135042D7FF47BAF042806D1012050E70C
:102570000428FBD001287FF67BAF0D2049E705F149
:10258000140004F13C0630440CF0A5FA012805467D
:10259000F3D9E3698342F0D96189236B821E02FB80
:1025A00001336363A16A204601EBD5110CF050FCA6
:1025B0000028DBD105F07F0006EB80000CF08BFAE1
:1025C000471C03D00135A842ECD0D6E7C4E905008A
:1025D0000425394A2570138801339BB21380E380A8
:1025E000364BE360364B236112E7B4F84730B3F55E
:1025F000007FC2D1B4F8526026B904F160000CF03B
:102600006AFA064694F84C302662591E0129E37096
:10261000B3D894F8491061810029AED0481E084211
:10262000ABD1B4F84D7027813807A6D1B4F84F006C
:1026300018B904F15C000CF04EFAB4F84AE0BEF1AF
:10264000000F9AD006FB03FC0EEB17156544A84259
:1026500093D3431B8B42B3FBF1F08ED3194B9842BB
:102660008BD80EEB02014FF6F57E704500F10203A8
:10267000154429D840F6F57E7045C4E90921E36187
:1026800025630CD8002F3FF478AF0CEB010003EB6F
:10269000430103F0010303EB5103012523E0002F65
:1026A0003FF46BAF0CEB01005B0002251BE000BFA9
:1026B00090840020FDFFFF7FEA920020EA90002036
:1026C0007E980020F5FFFF0FC4E90921B4F86610D9
:1026D000E361394325637FF450AF04F168000CF0E7
:1026E000FAF99B00032503F2FF13B6EB532FE062C8
:1026F000FFF443AF4FF0FF33C4E90533032D4FF030
:10270000800363717FF465AFB4F86C30012B7FF404
:1027100060AF511C20460CF09BFB00287FF459AFA2
:10272000B4F83A2260714AF655239A427FF451AFC9
:1027300004F13C000CF0CFF9104B98427FF449AF04
:1027400004F508700CF0C7F903F1FF5303F50053CB
:10275000203398427FF43DAF04F509700CF0BBF9CB
:10276000A06104F50A700CF0B6F9606131E70B2046
:102770004FE60C204DE603204BE600BF525261416C
:102780002DE9F843FF27066804463D460420A16B67
:1027900011B9D8B1042062E030460CF059FB002892
:1027A0005DD1E06B0378002BF4D03278042A10D18D
:1027B000852B4ED1236BE36420460CF0CCFF002820
:1027C0004DD133691B7903F03F03A3710020BDE8AD
:1027D000F883C27AE52B02F03F02A27144D02E2B7F
:1027E00042D022F0200108293ED00F2A41D15906BB
:1027F00038D503F0BF05236B477BE364437BBB42C3
:1028000032D1428B82BB0378D6F80CE0DFF87480BB
:1028100023F040030D21013B4B434FF6FF7901218B
:1028200018F801CB30F80CC001B3FF2B1CD82EF8E0
:1028300013C06146013301320D2AF1D102785206EC
:1028400005D521B1FF2B0FD800222EF81320013D12
:10285000EDB2002120460CF0CFFE002897D00023D7
:10286000A363B4E7AB42C9D0FF25F2E7CC45E2D081
:10287000FAE71DB90CF057F9B842A7D04FF0FF3373
:10288000E364A3E79F6803002DE9F04F002187B0C0
:10289000D0F8009004460CF0C6FB804600BB99F8C7
:1028A0000030042B3DD1D9F80C000CF0ACFA0746EF
:1028B0002046FFF765FF054608B1804610E0D9F8CD
:1028C00010309A8CBA42F3D193F823604FF0400A4B
:1028D000B54209D1D9F80C3033F81530002BE7D1C7
:1028E000404607B0BDE8F08F1AF01F0F08BF0AF18D
:1028F000020AD9F8103033F80A0001F005FBD9F8C4
:102900000C30834633F8150001F0FEFA834503D1FD
:102910000AF1020A0135DBE7761BF6B2002EC7D1B9
:10292000D8E74FF0FF33E3644FF0FF0A04F14003B0
:1029300055460293A16B48460CF08AFA00285DD1F7
:10294000E66B3778002F77D0F27AE52F02F03F035D
:10295000A37103D0120705D50F2B05D04FF0FF331D
:10296000E3644FE00F2B54D194F84B305B063FD417
:10297000780645D5236B96F80DA0E36407F0BF07F2
:10298000737B53453ED1738B002B3BD13578D9F8FF
:102990000C30019305F03F05013D0D23DFF8A4B095
:1029A0005D4301221BF8013BF35A6AB3FF2D29D87E
:1029B0001846059301F0A8FA019B0490691C33F8AE
:1029C0001500039101F0A0FA049A82421AD1059BE6
:1029D00003991A460D461A4B9B45E3D133785906A5
:1029E00004D51AB1019B33F815305BB9013FFDB234
:1029F000002120460CF000FE00289BD080466FE7A7
:102A0000BD42BDD0FF25F3E74FF6FF718B42E2D008
:102A1000F8E72DB930460CF086F850453FF460AF2A
:102A200094F84B30DB0799D402990B2230460EF014
:102A30003AFE002892D153E74FF0040850E700BF58
:102A4000AC6803009F6803002DE9F04F90F84BB08D
:102A50001BF0A00599B0044640F0C4810668F268F6
:102A600032F81530002B60D13378042B40F09C8075
:102A70000F230E352046B5FBF3F5A91C0CF01AFE0A
:102A80008046002840F08A80236B0135A3EB451374
:102A9000E364E3795F074AD523F00403E37120463A
:102AA0000CF0A0FB00283ED1616B4FF0FF322046B6
:102AB0000CF080FB002836D1A368002B37D02368A8
:102AC0000493236A0693636AA16A8DF8173004A8F9
:102AD00023F0FF03CDE90838CDF82C8017910CF0D6
:102AE000A2FA00BB04A80CF036FEE0B9D4E9042336
:102AF00070894FF40071E0FB0123C4E904233069BD
:102B000038300BF0F6FF3069D4E9042328300BF09D
:102B1000F0FFE379326943F0010382F8213004A821
:102B20000CF085FE18B1804638E0013598E7D6E90B
:102B30000354671C3F22002138460EF0ACFD85236C
:102B40002370C02384F8203000231946012040223E
:102B50004FF0C10E9946561C04F802E004F80690A6
:102B6000023220B135F8130008B10133DBB2060A96
:102B7000A054BE540232D606F3D135F8136001F1E9
:102B8000010C7EB9023184F82330617028460CF0C4
:102B90003AF984F82400000A84F82500404619B068
:102BA000BDE8F08F6146D6E704F1400797E80700DB
:102BB0000DF110091BF0010F89E807007BD04023BD
:102BC00084F84B304FF0010A99E80700BC46F368DF
:102BD000ACE803002CF8022BBAF1050F4FEA1242C1
:102BE0008CF800205ED9981E524630F8021F00294A
:102BF00046D1CC46072102F00F0E0EF130003928E5
:102C000088BF0EF13700013990460CF8010D4FEAEC
:102C1000121202D0B8F10F0FEDD801F160030DEBE5
:102C200003027E2002F8580C04F13F0000228A4281
:102C300006D010F801CFBCF1200F02F1010E33D104
:102C40003F32224404F1470C07299BBF01F1600386
:102C50000DEB0300202010F8580C02F8010F98BF6C
:102C600001319445F0D12046FFF70EFE8046E8B9C9
:102C70000AF1010ABAF1640FA6D14FF007088DE7F7
:102C80004FF0100C01F0010E0EEB4202D30344BFD3
:102C900082F4883282F02102BCF1010C4FEA51012A
:102CA000F0D1A2E75246A4E77246C0E704287FF4B9
:102CB00075AF84F84BB01BF0020F1BBF0C350D2312
:102CC0000125B5FBF3F518BF0135294620460CF068
:102CD000F1FC804600287FF461AF013D1DD1A16B5E
:102CE00030460CF0B5F8804600287FF457AF014617
:102CF0002022E06B0EF0CFFC03CFE36B186059602D
:102D0000BA78398819819A7294F84B30E26B03F0E3
:102D1000180313730123337140E7216B2046A1EBA5
:102D200045110CF080F9804600287FF437AF384613
:102D30000BF0F9FE0190A16B30460CF089F880464B
:102D400000287FF42BAFF3680093E36B019A5A736A
:102D5000E9B24FF00F024FF00D0CDA72DFF88C8001
:102D600018734A1E0CFB02F29876D87684464FF010
:102D7000FF0918F801EB4FF6FF7A504503EB0E0BF5
:102D800020D103F80E908BF801900CF1010CBCF1EE
:102D90000D0FEED14FF6FF7C604503D0009830F860
:102DA00012200AB941F0400119700123337100214A
:102DB00020460CF021FC804600287FF4EFAE013D58
:102DC000B9D18CE7009830F8120003F80E0002F138
:102DD000010A020A8BF8012052460028D5D14FF68D
:102DE000FF70D2E74FF00608D8E600BF9F680300E7
:102DF0002DE9F04F85B00368019305468A4611F826
:102E0000013B2F2BFAD05C2BF8D00023AB60EB6199
:102E10009AF800301F2B00F2DC8080230021284626
:102E200085F84B3005B0BDE8F04F0CF0FCB8042439
:102E30000FE132F81730202B02D02E2B40F00E81FC
:102E4000013F08E1994504D2BA4248D10B2B3DD14C
:102E500001E00B2B34D195F84030E52B02D105234E
:102E600085F8403044F00304E4B208F00C030C2B66
:102E700003D008F00303032B02D144F00204E4B2B0
:102E8000A1070BD418F0010F1CBF44F01004E4B2EA
:102E900018F0040F1CBF44F00804E4B285F84B405E
:102EA0002846FFF7F1FC95F84B3000287AD004282B
:102EB00003D113F0040F08BF052005B0BDE8F08F63
:102EC000BA4203D044F00304E4B25DD84FEA880864
:102ED0005FFA88F83A460B234FF00809F5E07F2E99
:102EE0003ED944F00201CDE902233046CBB240F294
:102EF000B511009300F0D6FF10F0800FDDE902233A
:102F0000064614D0724900F07F068E5D46B17148C6
:102F10003146CDE902230EF0D6FBDDE9022308B3EA
:102F2000009941F00301C9B200915F2610E0FF282B
:102F3000ECD9591E894504D344F00304E4B2994600
:102F4000C3E005EB0901000A81F8400009F101091D
:102F500005EB0901009C81F8406009F10109B4E02A
:102F60000094D4E7A6F1410189B2192902D848F0AA
:102F70000208EDE7A6F1610189B219299EBF203E42
:102F800048F00108B6B2E3E795F84020E52A04BF0F
:102F9000052285F84020082B04BF4FEA88085FFA15
:102FA00088F862E75A0788D4AB79DB0641D5019BE4
:102FB0001878042830D1AB682B622B69EA79019824
:102FC00023F0FF0313436B62EB6CAB6229460BF0FB
:102FD000CEFD2B68D3F80CB000271AF8010B00289F
:102FE0003FF425AF40F2B51100F07AFF0446F0B18E
:102FF0001F287FF61CAF2F281DD05C281BD07F28F0
:1030000004D8014634480EF05EFB80B9FF2F0ED085
:103010002BF817400137E0E7019B03F13C012B6BD4
:10302000C3F3080319440CF031FCA860D1E7062073
:1030300043E7052041E753461C782F2C9A4603F1BD
:103040000103F9D05C2CF7D01F2C8CBF0024012485
:10305000A400ABF10202002F7FF4EBAE4FF00003AF
:103060002BF81730002FE2D000233BF81320202A42
:10307000194603F10103F8D009B92E2A02D144F010
:103080000304E4B2ABF1020232F817302E2B01D068
:10309000013FF9D14FF020334FF000096B642B64EE
:1030A000C5F84730C84608233BF811604A1C002E7B
:1030B0003FF46AAF202E05D02E2E7FF4C3AEBA4265
:1030C0003FF4C4AE44F00304E4B21146ECE700BFA1
:1030D0001F680300E4670300DB6703001FB5CDE949
:1030E000001003A814460391FFF7BCF8002818DB72
:1030F0000D4A52F820301BB1002142F820101970FF
:10310000019B23B1002142F82030587019702CB176
:10311000002201A96846FFF75DF90446204604B085
:1031200010BD0B24FAE700BF908400202DE9F04F7A
:1031300099B00D46119011A814460693FFF792F826
:103140000028C0F23D86AC4B53F820300BB1002272
:103150001A70C3B21846009300F052FEC10700F186
:103160003286420700F13286A44B002D08BF1D466F
:103170006B68129323B9009812AA032100F064FE31
:10318000129A531EB3F5004F01D21A4201D0012307
:1031900012936B780293013B012BD5F80890029BA8
:1031A00088BF0123029309F1FF33B3F5004F2BD2FF
:1031B00019F00F0F18BF4FF40079EE68B6F1807F59
:1031C00025D8731E334218BF0026069BB3F5007F37
:1031D000C0F0FF85002C00F0FC85002300982F78BC
:1031E000139313AA012100F02FFE002840F09181D3
:1031F00017F0080309930CD1139B3F2B25D93F3BB4
:1032000013933F23019305E04FF40079D5E700269F
:10321000DBE70190DDF84C80B8F17F0F13D9069BF6
:103220005B0A04937B074FEA56257ED507F0070318
:10323000042B0CD108F1A84303F50413B8F5805F03
:10324000029380F01A810E2064E1099BDAE7B8F15D
:10325000806F5ED308F1A84303F50413002D029399
:1032600008BF4FF48075019B129920330793B8FB78
:10327000F5F39B0003F207235A0A07980E924A1EA1
:10328000024402EB53234942019A0B4003939B1AD9
:10329000B3EB580F0D93D6D2039B9044A8EB0308D1
:1032A000B8FBF5F3A3F110020C93554B9A42CAD820
:1032B0000C9B0733DA084FEA45290F9209F1FF32D8
:1032C00002EBD303B3FBF9F3059310921593059A20
:1032D000039B05FB02330A93069B4FF0000823F47F
:1032E000FF7B47464646CDF82C80CDF82080C2466D
:1032F0002BF0010BB8F1000F00F0CE80B8F1010FF8
:1033000000F0DC8016FA87F6B8B2B6B24FF00008CB
:10331000DEE0B6F5813F0CD3B8F5805F93D308F1BA
:10332000A84303F5041302939DE7B6F5813F28BF38
:10333000802517F0020207F00103089264D0002BE9
:1033400065D112994B1E08F1A84B0B934B420BF51C
:10335000041BC9F3161E0A93002D00F0F4822A46BE
:10336000B8FBF5F3980000F20720410AA3F57F436C
:1033700024480391F63B83423FF665AF0023079351
:103380004FF0200A0326019B03EB0A07DDE9023117
:1033900001FB0370079B0A9918440B9BC3180B4051
:1033A000032EA3EB000340F0E3829A441F44019BE9
:1033B000C3EB051303449845FFF445AF079BDDE9D4
:1033C0000210A8EB0303A3EB0A03032E00FB113347
:1033D000B3FBF5F3059340F0DE8205994FF6F573E4
:1033E000994200F20583002A7FF42DAF012D7FF66C
:1033F0002AAF6D08B3E700BF90840020943103002A
:10340000EDFFFF7FFFFFFE0F002B00F0E584129918
:103410004B1E08F1A84B0B934B420BF5041BC9F351
:10342000161E0A93002D40F0A1827A484FEA183602
:10343000012330F8022B12B1B24240F2958240F6DD
:10344000F570B8FBF3F282429BBF02EB42020132FD
:10345000023252088CBF5200033202F2FF124FEACE
:103460005222039288BF02262A4698BF0126CDF831
:103470001CE01D464FF0010A85E7002D7FF4F3AEF6
:10348000B8F5002F06D3B8F1806F34BF40254FF454
:103490008075E8E60825E6E6304600F035FD80B2A6
:1034A000721C864292B23FD1012706EB07081FFA31
:1034B00088F8B8F1000F30D17F2F37D8013F06F1DF
:1034C0000102304614BF4FF001084FF0000896B2D9
:1034D0000B9BC2B204F80A20C0F30F2002EB730268
:1034E00000EB72030B93089B04EB0A010233487054
:1034F00008931EB10AF10200584520D10AF20123B7
:103500004FEA532A0A9A00985346214600F090FC4D
:1035100088B1012019B0BDE8F08F404600F0F4FCFE
:103520008045C9D10137C0E71646D1E74FF0020800
:103530004FF6FF70CCE726B10A9B53440A938246AC
:10354000D8E6089A109B13440F9AB3FBF9F302F2E2
:10355000FF16059A16934FF0010AD3180A9303EB4E
:103560000A0B069BDDF80C90CDF85CA023F4FF78E5
:10357000760A28F001084246002120460EF08BF81A
:103580005F46ABEB070327B1B8EBD30F4FEAD3028B
:1035900034D8049B0098B34228BF33464A4621469C
:1035A0009B4600F045FC0028B3D1B6EB0B06D9448E
:1035B00022D10E9FB346B2464FF0FF09424600218A
:1035C00020460EF068F8BBF1000F20D16FF0070322
:1035D000237084F8019084F8029084F8039084F8B2
:1035E000049084F8059084F8069084F807904FF0D2
:1035F000020B082233462EE0BB46BCE7A15C03F079
:1036000007030AFA03F30B43A354013FB9E700226F
:10361000F0E700BF8A350300022E21D818A901EB7C
:103620008303013653F80CACBAF1000F18D0904563
:1036300016D93346BAF1010F0BF1010B04EB02006E
:1036400014BF59464FF0FF3106930BF04AFA069B20
:1036500004320AF1FF3ABAF1000FDDD09045E9D803
:10366000049B079A0098BB4228BF3B46214606931D
:1036700000F0DEFB00287FF44CAFDDE906321A448F
:10368000FF1A07929AD13946424620460EF003F8B7
:1036900083232370812384F8203002230F9984F838
:1036A000343084F8357084F8367084F8377004F15B
:1036B00038000BF016FA82230B9984F8403004F19D
:1036C00044000BF00EFA059904F154031846023138
:1036D00006930BF006FA04F158031846089905936F
:1036E0000BF0FFF9039B0A9A2F4605FB0236049B59
:1036F0000098BB4228BF3B4621463246984600F020
:1037000097FB014600287FF404AF4FF40072204677
:103710000DF0C1FFB7EB08074644E8D10223DDF8FE
:103720000490DFF820B5079300214FF40072204683
:103730000DF0B1FFDBF800302360DBF8043063608C
:10374000BBF8083023819BF80A30019AA37204F178
:10375000400000230BF0CDF9002304F14800139A38
:103760000BF0C7F9202384F850300E9906980BF01F
:10377000B8F90D9905980BF0B4F90C9904F15C00B7
:103780000BF0AFF90A9B04F16000991C0BF0A9F94A
:10379000029904F164000BF0A4F94FF0010384F8DE
:1037A0006930092384F86C302E4676081ED14FF01C
:1037B000010384F86E30802384F86F30EB2384F8A3
:1037C0007830FE2384F87930552384F8FE31AA231B
:1037D00084F8FF313746B046A8F16A03012B0BD8B5
:1037E00008F10108F8E7012307939DE794F86D308D
:1037F000013384F86D30D8E7B8F1700F08BF4FF08F
:10380000710814F8083008F10108B8F5007F03EBDF
:103810007707E1D12146009801234A4600F008FBD2
:1038200009F1010A014600287FF473AE42462046A2
:103830000DF031FF552384F8FE31AA2384F8FF31BF
:10384000631E049304F2FF1309F109080393049B18
:1038500013F8012F02EB7707039A9A42F8D1214619
:1038600000980123524600F0E3FA0AF101090146EB
:1038700000287FF44EAEC84501D0CA46E7E74FF4B2
:10388000007220460DF007FF0AF1030A049B13F8AB
:10389000012F02EB7707039A9A42F8D1009801238F
:1038A0004A46214609F1010800F0C2FA00287FF4D7
:1038B00030AED04501D0C146E8E7A01939460436FC
:1038C0000BF00FF9B6F5007FF7D1009801234246BF
:1038D000214609F1020900F0ABFA00287FF419AE85
:1038E000079B012B7FF47FAF4FF00709099B002B4B
:1038F00040F04082139B15930098099B169314AADD
:10390000012100F0A1FA00287FF403AE149EC84BF9
:103910009E4240F21882052108274FF63E437F0061
:103920000139FFB200F05B82B6FBF7F29A42F6D89B
:103930004FF40072002F40F0AD81394620460DF063
:10394000AAFEFF27AAE1BB4B4FEA5840012533F8F6
:10395000022B002A3FF404AD824201D90022FFE489
:103960006D00F4E71D465DE55B0062E52B4666E50C
:103970000299B3FBF1FC01FB1C3CBCF1000F03D02E
:10398000013B0AF1010A01370299B3FBF1F30399F4
:10399000194403910BE5022E23D105994FF6F573D7
:1039A000994211D952B96B00402BDBD9089A002AF1
:1039B000C9D1802B3FF647AC1D4640E5089B002B44
:1039C0003FF441AC1546CBE4059940F6F5739942B6
:1039D0000ED8002A7FF437AC6D00802D7FF622AD23
:1039E00031E4059A40F6F5739A423FF62CAC012675
:1039F0004FF40072002120460DF04DFE8E4B84F8EE
:103A00000EA01A6822605A686260032E1A899B7A97
:103A1000A37208BF4FF0000902232373CAF3072AD9
:103A2000029B84F81190B8F5803FC9F307292281E1
:103A3000657384F80FA0237484F8129080F0F180ED
:103A400084F81380C8F3072884F81480F82363757A
:103A50003F232376FF230199A37604F11C000BF08A
:103A600040F8032E594640F0EF8004F143000BF07C
:103A700038F8039904F124000BF033F8022384F89A
:103A80002C30012384F83030062384F83230802330
:103A900084F84030292384F84230684B04F147020F
:103AA00003F1100153F8040B42F8040B8B42F9D1D7
:103AB00019889B78118093704FF0550B4FF0AA0A2C
:103AC000019A009884F8FEB184F8FFA101232146F1
:103AD00000F0AEF9814600287FF41BAD069B032E53
:103AE00023F4FF7828F0010837D1019A00980123C8
:103AF0000632214600F09CF94FF4007249462046F8
:103B00000DF0C9FD5223237063706123A37084F804
:103B1000E731059B41227221E27084F8E41184F8B8
:103B2000E51184F8E621591E04F5F4700AF0D9FF76
:103B3000019A009884F8FEB1022384F8EC31073230
:103B40000123214684F8FFA100F072F9019A009840
:103B500001231A44214600F06BF9494642462046AB
:103B60000DF099FD364B012E0CBF99466FF00709F9
:103B70004FF0000A032E40F08280F8232370FF23C9
:103B80006370A370E37023716371A371E371237297
:103B90006372A3720F23E372DDF80C80049B00981C
:103BA000434528BF434621463A469B4600F040F92C
:103BB000014600287FF4ADAC4FF4007220460DF0B2
:103BC0006AFDB8EB0B085F44E8D1BAF1000F029A26
:103BD0000CBF012302239A424FF0010ACAD8079B67
:103BE000032E18BF1D46049B0098AB4228BF2B46EE
:103BF0003A462146984600F01BF900287FF489AC2C
:103C0000B5EB08054744EED1032E3DD0139BB3F529
:103C1000803F3CD2022E14BF4FF001094FF004093F
:103C200064E6414604F120000AF05BFF0EE700BFA6
:103C3000F7E1070098350300EB670300F76703001F
:103C4000F8FFFF00CF67030004F127000AF049FFE7
:103C5000039BA375C3F30723E375802384F8243003
:103C6000292384F826305F4B04F12B0203F1100165
:103C700053F8040B42F8040B8B42F9D118E749467C
:103C800020460AF02EFF87E74FF00C092EE64FF092
:103C900006092BE6002120460DF0FDFC3F220DF128
:103CA000540A04F5E37804F5FB7393465AF8045B71
:103CB000642D6BD9A8182CBF01210021B0427AD8FD
:103CC000002978D11146404601930AF00AFF29469F
:103CD00008F104000AF005FFB2FBFBF1B1FBF7F0BD
:103CE00007FB101CC1EB8111511A08F807CC4FEAF1
:103CF000900C2CF03F0C013141EA0C012A4408F8E9
:103D0000061C08F8050C511EB1FBFBF5B5FBF7F0DE
:103D100007FB105CC5EB8515491B019B08F8049C4B
:103D20008508013125F03F052943434508F803CCB8
:103D300008F8021C08F8010C0DD062B1964208F197
:103D40001008B3D807E009994FF4007220460DF02F
:103D5000A2FC3F2E18D8552384F8FE31AA2384F8FC
:103D6000FF31009801230022214600F061F800286D
:103D70007FF4CFAB00220098114600F065F80038C0
:103D800018BF0120FFF7C6BB082787E708D1B01886
:103D90002CBF0121002186420DD361B9354691E740
:103DA0006421B6FBF1F14D43A8182CBF012100217D
:103DB000864200D309B1B51A84E7002D82D1CAE743
:103DC0000B20FFF7A7BB0320FFF7A4BB0A20FFF7D8
:103DD000A1BB1120FFF79EBB1320FFF79BBB4FF445
:103DE0000072ABE50B68030008B5044B53F82000E4
:103DF00007F0BFFD003818BF012008BDC431030023
:103E000008B5044B53F8200007F0A5FD003818BF93
:103E1000012008BDC431030010B5044C54F8200043
:103E200007F0B5FD003818BF012010BDC4310300F4
:103E300010B5044C54F8200007F0C0FD003818BF3E
:103E4000012010BDC431030013B5002314460193B3
:103E5000032921D8DFE801F0020E101E0521104BC6
:103E600053F8200007F0C1FD003818BF0120C0B290
:103E700002B010BD0121F2E7094B01AA53F820005E
:103E8000022107F0B2FD48B9019BB3F5803F05D28E
:103E90002380ECE70421E2E70420E8E70120E6E7DD
:103EA000C43103007F2801D880B27047B0F5803F4D
:103EB00011D240F2B51399420DD1084A002332F8CD
:103EC000021B814201D19BB202E00133802BF6D16B
:103ED0008033D8B270470020704700BF54380300C9
:103EE0007F280DD940F2B513994208D1FF2806D892
:103EF00000F10040034B803833F810007047002079
:103F0000704700BF54380300B0F5803FF0B522D2AF
:103F10001F4A204983B2B0F5805F28BF0A46141DAE
:103F200034F8042C2146AAB1934213D334F8025C2E
:103F30002E0AEFB252FA85F5A84223DA082E09D8E4
:103F4000DFE806F0050A10131517191B1D00801A6B
:103F500034F810301846F0BD9A1A02F001029A1A8D
:103F600093B2F7E7103B9BB2F4E7203BFBE7303B13
:103F7000F9E71A3BF7E70833F5E7503BF3E7A3F51A
:103F8000E353F0E70434002ECAD101EB4702C6E741
:103F900062360300A63503004FF08053D3F830217A
:103FA000082A06D1D3F83431052B02D8024AD05C56
:103FB00070470020704700BFD0680300024AD2F863
:103FC0000034002BFBD0704700E0014010B54FF0EB
:103FD0008053D3F83021082A4ED14FF0804200217F
:103FE000C2F80C11C2F81011C2F8381502F540429F
:103FF000D3F80414C2F82015D3F80814C2F8241515
:10400000D3F80C14C2F82815D3F81014C2F82C15E4
:10401000D3F81414C2F83015D3F81814C2F83415B4
:10402000D3F81C14C2F84015D3F82014C2F8441574
:10403000D3F82414C2F84815D3F82814C2F84C1544
:10404000D3F82C14C2F85015D3F83014C2F8541514
:10405000D3F83414C2F86015D3F83814C2F86415D4
:10406000D3F83C14C2F86815D3F84014C2F86C15A4
:10407000D3F84434C2F87035FFF78EFF18B1414BC6
:10408000414AC3F88C26FFF787FF18B13F4BFB224C
:10409000C3F81825FFF780FF70B14FF080414FF053
:1040A0008053D1F8E42ED3F8583222F00F0203F0F7
:1040B0000F031343C1F8E43EFFF76EFF20B1344B0A
:1040C0004FF40072C3F840264FF08053D3F83031DC
:1040D000082B09D14FF08043D3F80024D20744BF06
:1040E0006FF00102C3F800242A4AD2F8883043F462
:1040F0007003C2F88830BFF34F8FBFF36F8F4FF05C
:104100008053D3F83021082A0ED1D3F83431052B4F
:1041100002D8214AD35C3BB14FF01023D3F80822D8
:104120004FF08043C3F858254FF01023D3F80022F6
:10413000002A03DBD3F80432002B22DA17490123CB
:104140004FF01020C1F804351224FFF737FFC0F8F4
:104150000042FFF733FFC0F80442FFF72FFF0023B0
:10416000C1F80435FFF72AFFBFF34F8F09490C4B05
:10417000CA6802F4E0621343CB60BFF34F8F00BF05
:10418000FDE710BD005000404881030000F00040F2
:104190000090024000ED00E0CA68030000E001402A
:1041A0000400FA0530B50468CCB1BFF35B8FB4FAF4
:1041B00084F3C3F11F03DBB201229A4024EA020216
:1041C00050E8005FA54204D140E8002CBCF1000F8C
:1041D000F6D1BFF35B8FE6D102480B7030BD0248C9
:1041E000FCE700BF0000AD0B0200AD0B10B503688B
:1041F000CB40DB0714D401238B400268BFF35B8FF5
:1042000043EA020150E8004F944204D140E8001C08
:10421000BCF1000FF6D1BFF35B8FEED1014810BDAA
:104220000148FCE70000AD0B0400AD0B014BC3F8E7
:104230000405704700F00140036803F01F025B09AA
:10424000026004D0012B034818BF002070474FF0D4
:10425000A040704700030050034A430900F01F00CC
:10426000D35C1844C0B27047D668030070B50546E9
:10427000FFF7F2FF0C4C08300E4634F81030DA0528
:1042800008D5C3F3432304EBC302284654F8333064
:1042900052689847A3682BB1E26831462846BDE8CA
:1042A0007040184770BD00BFC809002008B5FFF76F
:1042B000D3FF034B083033F81000400B08BD00BF9C
:1042C000C809002008B5FFF7C7FF034B083033F8D3
:1042D0001000C0F3400008BDC809002008B5FFF772
:1042E000BBFF034B083033F81000C0F3401008BD8B
:1042F000C8090020034611F0010010B5CCB20DD161
:10430000A207C4F3400012D5094AD2F8200558602C
:10431000C2F82005003818BF012008E04FF0A04186
:10432000D1F820251A60C1F82025002AE8D010BD58
:104330000003005010B5FFF78FFF124A083032F823
:104340001030D9051CD5C3F3432123F4F85322F8C8
:10435000103002F10E04002034F8023F13F4807F85
:1043600003D0C3F3432399420AD001303028F3D15C
:10437000002342F831300448BDE81040FFF736BF53
:1043800010BD00BFC8090020400A0020F0B5054656
:1043900000200446012607468C420BD1114BD3F86E
:1043A0007C2132B10022C3F87C21D3F87C3140F06B
:1043B0000040F0BDE3B29B0003F580729B0806FA53
:1043C00003F31D420BD002F1804202F5C042D2F845
:1043D00000C0BCF1000F02D017601268184301340E
:1043E000DAE700BF00600040F7B506460846FFF771
:1043F00033FF194F00F108050C4637F81530DB077D
:1044000027D530460CF08FFA2046FFF767FF40B102
:104410002046FFF74BFF316800F5A270002341F8FA
:1044200020302046FFF786FF002301A827F815302B
:104430000194FFF701FF019B00EB8300074BD0F8CD
:104440000027134043F00203C0F80037044803B0CC
:10445000F0BD0448FBE700BFC8090020F0F8FCFFEE
:104460000000AD0B0400AD0B2DE9FF411646804660
:104470000846FFF7F1FE0D463168044609B32846A9
:10448000FFF720FF18B12846FFF728FF10BB0023D5
:10449000CDE900338DF80E308DF80F300DF10F029D
:1044A0000B4628460DF10E010CF0D4F9474A04F1F1
:1044B000080132F8113023F0020343F0010322F81F
:1044C0001130736863B328461F785968FFF7FAFE06
:1044D00010B1D1B13E4826E03C4A04F1080032F860
:1044E000103023F02003DB04DB0C22F8103061B124
:1044F000032FEFD87168496891F800C0D8F8001010
:10450000A7B90CF5A27C41F82C70304A04F10801DF
:1045100032F8113023F01C0343EA870322F81130EC
:10452000B3684BBB2B4804B0BDE8F08101EB8C01B4
:1045300043EA4C33D1F810E52EF0030EC1F810E534
:10454000D8F8001001EB8C0E43F02003DEF81015B4
:1045500022F8103021F44F3121F44071CEF81015BB
:104560002902DEF8108501F47C5141EA074141EA55
:104570000801CEF81015C8E7D3E900672846FFF711
:10458000D9FE002ECED0114DD5E90023964203D19D
:104590009F4201D1002209E00F480DF10F01FFF702
:1045A00001FE0C4B9842BED19DF80F2045F83260B9
:1045B00005EBC20308345F6035F8143043EA422348
:1045C00043F4807325F81430ACE700BFC80900201D
:1045D0000400AD0B0000AD0B400A00202DE9F043B4
:1045E0000C4685B08046204611461E46FFF734FE35
:1045F000054629B32046FFF765FE18B92046FFF7A8
:104600006DFE18BB314F05F1080937F8193013F06A
:104610001C0F02D04B78012B18D001238DF80F30DE
:104620000023CDE900134A1C8B1C20460DF10F011D
:104630000CF010F937F8193043F0030327F819305C
:10464000002E41D02046FFF73DFE18B9204805B0A6
:10465000BDE8F08396F800C0D8F800301B4F0CF589
:10466000A272002143F8221005F1080237F8121057
:1046700021F02001C904C90C27F8121075781DB368
:10468000D8F80000B67800EB8C002D04D0F8103577
:1046900023F4991323F4F853C0F81035230203F4DC
:1046A0007C5305F440353605D0F810E52B4306F46D
:1046B000801641EA4C31334341F0200143EA0E03B6
:1046C00027F81210C0F810350248C0E7C8090020CA
:1046D0000400AD0B0000AD0B014BC3E902127047A3
:1046E000C809002010B508461446FFF7F7FD50B181
:1046F0000846FFF7B1FD054B083033F81030044889
:104700005B0B237010BD0348FCE700BFC809002005
:104710000000AD0B0400AD0B70B5184E96F880404C
:1047200005464CBB2146602206F110000CF0B3FF99
:104730002D68306F2146884212D10023C5F87C31A4
:1047400045F30730D5F87C31F3F790FF4FF0004385
:10475000C5F804330A48012386F88030B36770BD7A
:10476000CBB29B0003F580727C2B08BFAC5001F1EB
:10477000010108BFAB58DEE70248F0E7C809002096
:104780000000AD0B0C00AD0B034B93F8800000381C
:1047900018BF0120704700BFC80900200148FFF77B
:1047A00025BD00BF3C0A00200148FFF7FBBC00BF4D
:1047B0003C0A002073B5054608460C461646FFF72E
:1047C0008DFD00B30846FFF77DFD0146D8B92046B0
:1047D000FFF76CFD04B2A40004F58072034628685C
:1047E0008150296882582144D1F8102542F00102F5
:1047F000C1F810252EB12968012202FA03F3C1F88D
:10480000043302B070BD2046FFF726FD0F4B083081
:1048100033F81030C3F38203042B12D0052B12D0CF
:1048200001A80194FFF708FD019AD0F81035D34094
:1048300003F00103991C204602B0BDE870400CF063
:1048400052B80321F7E70221F5E700BFC8090020AD
:104850002DE9F04F694BDFF8B081D3F80403D8F8A5
:104860007010C0B289B040F00040FFF78FFD051E08
:104870002FDAC24600235AF87C1F06A8CDE906337A
:10488000FFF738FD5E4B01930DF118094FF0000B57
:10489000019A12F8013B0192DA0803F007031AF8B3
:1048A000022022FA03F3DA071CD409F10409BBF150
:1048B000000F14D0D8F870104FF00040FFF766FDDD
:1048C000D8F87C1006A8FFF715FD0028DAD125F0EE
:1048D00000450124002D79D109B0BDE8F08F4FF0DB
:1048E000010BD5E7474B5B440293D9F80010002930
:1048F000DBD0029B91FAA1F11C78B1FA81F141EA77
:1049000044142046FFF7A8FC0830059438F81070CE
:10491000C808BB0819F80020039301F00701012320
:1049200003FA01F122EA010209F8002005A8FFF7C5
:1049300083FC059A039B02F5E072C7F3820650F8E8
:1049400022205B073746C2F3014224D52046394670
:10495000D6B2FFF78BFC05A80594FFF76DFC059B0D
:1049600003F5E07350F82330C3F301439E4207D1AF
:10497000002120460BF0B7FF314620460BF0B3FF75
:1049800005A80594FFF758FC059B012202FA03F3E2
:10499000C0F82035A9E7022A0CD1032120460BF0EC
:1049A000A2FF06F00503012BEAD139462046FFF7A6
:1049B0005DFCE5E70221204603920BF094FF032EF5
:1049C000F3D0039A032ADBD1022EEDE795FAA5F383
:1049D000B3FA83F304FA03F29B0003F1804303F577
:1049E000C04325EA0205D3F81005D3F81015C0F32B
:1049F0000520C1F30141FFF739FC6BE7006000407F
:104A0000E6680300E6680300C80900200146014883
:104A1000FFF7C8BB4C0A0020036803F01F025B09C4
:104A2000026004D0012B034818BF002070474FF0EC
:104A3000A04070470003005073B51646421C1C4648
:104A40000546069B18D0012902D1BBB10BF0E9FF46
:104A500001A80195FFF7E0FF019B00EB8300240212
:104A6000D0F80027074B44EA86040C4313401C434C
:104A700044EA4101C0F8001702B070BD0BF0DEFF40
:104A8000E6E700BFF0F8FCFF4B69184A934221D0DB
:104A90000DD8174A93421DD007D8164A934219D011
:104AA000154A934216D015487047154AF9E7154A3A
:104AB000934208D004D8144A93420BD0134AF0E72B
:104AC000134A9342EFD10279124B1348002A08BFD0
:104AD0001846704791F8213013B1CB680133F2D1F9
:104AE000CB690133EFD10C48704700BF80841E00B2
:104AF00020A1070048E8010090D003000400AD0B9E
:104B000040420F000024F40000093D0000127A002A
:104B10000048E8010300AD0B0000AD0B2DE9F04F9C
:104B20008B4B4D6990F804909D4287B006460C4629
:104B300000F0E68000F2D680864B9D4200F0E380D4
:104B400000F2C880844B9D4200F0E080834B9D4280
:104B50000CBF4FF080654FF08045814F94F82300E3
:104B6000242202FB0973997F60F30001997733795E
:104B7000217C02FB0373D97794F82380B8F1000FEE
:104B800034D16269774B9A420CBF4FF0030A4FF061
:104B9000000A237E012B94BF002301230093206889
:104BA000534642460121FFF747FFCDF80080606879
:104BB000534642460121FFF73FFFCDF80080A27E19
:104BC000A06853464146FFF737FF237C83F001037B
:104BD0000093E068534642460121FFF72DFF012173
:104BE0000091E06953464246FFF726FF317994F879
:104BF0002130002900F09380002B00F090802422C7
:104C000002FB09724FF0FF30106294F82100627EBF
:104C100094F8129094F818E0D4F81CC0049200287C
:104C200000F08780E068227C94F822B094F820A0FD
:104C3000059229B1002B7FD11CF1010118BF012180
:104C400094F824803368B8F1000F0CD122680292E6
:104C500062680392029AA468C3F80825039AC3F80D
:104C60000C25C3F81045049AC3F8C095003A18BF44
:104C70000122BEF1020FC3F824555FD0BEF1030F2D
:104C80005FD0BEF1010F01D142F00202C3F85425FA
:104C900091B1B8F1000F0DD1BCF1FF3F18BFC3F8BF
:104CA0006CC5421C1FBF059AC3F81405C3F86825DC
:104CB000C3F864B5C3F860A5337924225343FB5885
:104CC000002B41D0306840F3073007B0BDE8F04F0B
:104CD000F3F7CCBC244B9D420CBF4FF080554FF0F6
:104CE00080453AE7214B9D4213D01E4B9D4213D085
:104CF0001F4B9D420CBF4FF000454FF080452CE705
:104D00004FF0005529E74FF0006526E74FF000759A
:104D100023E74FF0206520E74FF0A0551DE7242042
:104D200000FB0979E268C9F82020227C89F81F205D
:104D30006BE74FF0FF3076E7012181E742F0040294
:104D4000A4E742F00602A1E707B0BDE8F08F00BF7C
:104D500080841E0020A1070048E8010090D00300D5
:104D6000B48400200048E80140420F000024F40011
:104D700000127A00431C07B50ED0019001A8FFF77E
:104D80004BFE019B00EB8300054BD0F8002713403E
:104D900043F00203C0F8003703B05DF804FB00BF26
:104DA000F0F8FCFF70B501F10C020C4640210546FD
:104DB0000BF0F9FD08B3114B9D4201BF104B1A686F
:104DC0004FF08043C3F8002E206A431C03D0E37FDA
:104DD00083B10BF033FE637F1BB1214628460BF0F5
:104DE0003AFE002320462372616850F8083BBDE874
:104DF000704018470BF015FEEDE770BD00F0024063
:104E0000B08400202DE9F04790F80490144C24253C
:104E100005FB09F504EB050A1F469AF81C30064607
:104E20009046D3B961B96251CAF80470242303FBD8
:104E30000944002363770B4801232377BDE8F087FB
:104E4000FFF722FE074B9842F8D1304644F8058020
:104E5000CAF80470FFF762FEE8E70348EEE700BF18
:104E6000B48400200000AD0B0C00AD0B2DE9F04127
:104E7000044606790068224D40F30730F3F704FC3E
:104E800024237343EB5853B123681E4AC3F8082305
:104E900006EBC601206805EB81010BF0DCFD242147
:104EA000236801FB0651D3F80805D3F80C75D3F835
:104EB00010858B7FDB0716D4FFF75CFF4046FFF7BA
:104EC00059FF3846FFF756FF086AFFF753FF23796B
:104ED0004BB12368D3F86C05D3F81415FFF74AFFDC
:104EE0000846FFF747FF2368074A934204BF0122A1
:104EF0005A60242303FB065500232B77BDE8F0817D
:104F0000B48400205201080000F002402DE9F04373
:104F10000779DFF8C08124237B43164608EB0302A0
:104F20000D46517F85B08146002940F0C48058F875
:104F3000033023B116F0140F04BF0123537795E813
:104F40000F00242404FB078404F10C0C8CE80F00F0
:104F5000206A411C03D0E37FD3B10BF062FD2968C6
:104F6000D9F8004021B101F06043B3F1005F06D1F0
:104F7000AB6883B103F06043B3F1005F0BD024232F
:104F800003FB078300224D485A7705B0BDE8F08344
:104F90000BF054FDE3E74A4B9C4224D14FF0804391
:104FA0006A68D3F8000E474B1860E2B1464821F416
:104FB000FF5323F01F0383426DD85018DFF818C148
:104FC000C3F34F3101228A40002103F50053984278
:104FD00041EA02014FEA420201D96345F5D34FF09D
:104FE0008043C3F8001E16F0010318BF0123C4F864
:104FF000503516F0020318BF0123C4F8403595E878
:105000000F00EC468CE80F00039BC4F84405C4F87D
:105010004815C4F83425C4F838350023C4F81831CD
:10502000D4F8183116F008054FF00703C4F800351E
:105030000FD124237B4358F803200123236142B975
:10504000D4F81831002BFBD06246402120460BF0EB
:10505000AAFC24237B4358F8033013BB184B9C4213
:1050600001BF184B1A684FF08043C3F8002E242369
:1050700003FB0783186A421C03D0DB7F73B10BF07C
:10508000DDFC35B907EBC70708EB870120460BF0BD
:10509000E2FC0E4879E74FF48071A0E70BF0C1FC09
:1050A000EFE716F0040F4FF0400314BFC4F80833C5
:1050B000C4F80433EDE7064867E700BF0A00AD0B0C
:1050C00000F00240B0840020FFFF00200000AD0B84
:1050D0000B00AD0BB48400200020012002494FF0EA
:1050E0004020FFF75FBE00BFB484002001490248A2
:1050F000FFF758BED884002000F0024008B5124BDC
:10510000A822002118460CF0C6FA032202610F49BA
:1051100042610F4A8161C2614FF4806202620022E3
:1051200082624262C26201660A494166102181665A
:10513000094902670346C266426711F8010D985497
:105140000132102AF9D108BDFC840020E868030070
:10515000EE9A0020DE9A0020016903002DE9F84F45
:10516000DFF87C80182606FB008E00FB06664644AE
:10517000DEF82440DEF828C07368A4450746894657
:10518000154603EB040022D8DEF820B0ABEB040A8E
:105190000AF1FF339A4203D80CF055FA2C440FE081
:1051A00063449A4219D852462C440CF04CFAB4EBA2
:1051B0000B0405D07068224609EB0A010CF043FA93
:1051C000182303FB078301205C62BDE8F88F0CF114
:1051D000FF3CACEB040C9445DED20020F5E700BFA9
:1051E000FC840020034B182202FB00339A6A586AA1
:1051F000801A7047FC84002003484FF0FF324FF0C4
:10520000FF3300F0C3BA00BF000D0020014800F0DA
:1052100081BA00BF000D00202DE9F843044600AF1D
:105220000D464FF04003EFF3118883F31288BFF36C
:105230006F8F0428284A98BF284B9668117C94BF2A
:1052400053F82030264BE9468AB06A462548C2E921
:10525000073140F201339384234BC2E9050442F83D
:10526000103F224800234FF43151F2F7FDF8CD46AC
:1052700045B1EB69C3F3080323B11D4A1B48012163
:1052800006F0DFFA2EB130460BF0D2FC08B10378FD
:1052900003B91848E9468AB06A46174BD061C2E99B
:1052A000053640F201331384144B42F8103F0023BB
:1052B0000E484FF41151F2F7D7F82946CD46204653
:1052C000FCF7CCF888F31188BFF36F8F3046F3F703
:1052D0003FF9BD46BDE8F883A8850020E43103000E
:1052E000026903001069030005000001701F03003C
:1052F000386903002F5303005969030004000001BB
:10530000104B70B553F82040013053F82060A6428E
:1053100000D870BDD4E9003595B153B128469847FF
:1053200038B10028B8BF4042EB68FF28A8BFFF2073
:105330001870EA68537843F0010353700834E6E7C5
:105340009847FBE7F831030008B50A4B0122032018
:105350001A70FFF7D5FF01F04BFA0420FFF7D0FFDA
:1053600000F08CF9F0F7CCF8034A137B23F001032B
:10537000137308BDEE9E0020D83D002008B50348F9
:10538000034A0021121A0BF093FB08BDA80E00205F
:10539000F09E002070B51C4E1C4D1D49C82303FB18
:1053A000006686B000230122CDE904230F22CDE957
:1053B00002320193182303FB005504464FF4C070DA
:1053C000144B00954FF4A07200FB0411304600F01E
:1053D000E9F8737B104AEE6023F0040373734FF413
:1053E000086304FB033313446B600C4B2C74BFF352
:1053F0005B8F53E8001F013143E80012002AF8D107
:10540000BFF35B8F06B070BD103D0020A885002063
:1054100080AE0120390C030000A60120A4850020E5
:1054200080B50020B8B0FFF76BFF2E4B83F30888E0
:105430002D4D2E4E6B692E4F43F400736B61E023AC
:1054400085F8223000242023EB772C766C76AC761E
:1054500085F820406B6A43F4E0236B6285F82340B3
:10546000F2F7E4FFF3F74CFA4FF0FF33AB62EB6275
:10547000F3F738FBF3F784FAF1F77EFE40F20113FD
:10548000ADF8243006ABB360CDE91F4422940BF095
:1054900003FB0120FFF734FF0220164DFFF730FF1A
:1054A00000F040FE144BB5610593012313490094AD
:1054B000CDE903434FF400523B46CDE90144284671
:1054C00000F070F86A7B064622F0040228466A73F0
:1054D0000BF0C1FD2046FFF75DFF3A4631462846F6
:1054E000F3F7E6F980AE012000ED00E0A88500208A
:1054F00049530200D83D0020BB69030000B00120E1
:1055000038B5064C064DAC4201D3002038BDD4E975
:10551000011220460BF0D0FA1434F4E79C0C002062
:105520009C0C002038B5064C064D0020AC4200D340
:1055300038BD20460BF029FB0028F9DB1C34F5E7C9
:10554000100C00209C0C002073B50C464FF0400559
:10555000EFF3118185F31288BFF36F8FC5685DB1DA
:1055600025602B68C360836901338361002081F368
:105570001188BFF36F8F11E052EA030603D1256053
:105580006FF00B00F3E7CDE900230246083000F08E
:10559000E7FC18B9024B9B685B69236002B070BDE1
:1055A000A88500202DE9F04385B00732994600F127
:1055B000580322F00706C0E91633109B037306F167
:1055C00040050423002743730D440F9B83738846D3
:1055D000C0E9067729468760C7730446F2F7C8FC1E
:1055E00008F140030730C4E9193620F007000E9B8C
:1055F000E06602930D9B01932D1A0C9B00932A46A3
:105600004B4641462046F3F7A9F8054B67659B6872
:1056100003B11B6F2367284605B0BDE8F08300BFC8
:10562000A8850020F0B587B000250595109D04954C
:105630000F9D03950E9D0295DDE912760D9D019556
:105640000C9D00950446FFF7ADFFB6F1FF3F08BF84
:10565000B7F1FF3F05D056EA070305D1204600F019
:10566000F5FC204607B0F0BD03493A46334604F145
:10567000180000F073FEF4E71511030070B5224C1A
:10568000224D86B02646AE4204F130040AD300F023
:1056900019FD1D4C1E4EAC4220D306B0BDE8704033
:1056A00000F024BD54F80C3C059354F8103C0493CE
:1056B00054F8143C039354F8183C029354F81C3CDF
:1056C000019354F8203C009354E90A2354E90C0157
:1056D000FFF768FF54F8303C5E65D3E7D4E90A234E
:1056E000B3F1FF3F08BFB2F1FF3F05D052EA03011B
:1056F000206803D100F0AAFC3034CCE731461830E2
:1057000000F02CFEF8E700BF4C1E03004C1E030007
:105710001511030038B5836804466BB3194A9268C3
:1057200093422CD1C368012B03D9013BC3600020F5
:1057300038BD4FF04003EFF3118583F31288BFF3B8
:105740006F8F016980680BF083FA20460BF0FDFC37
:10575000A06058B190F90E2022610022C2670BF0C0
:105760007AFC0948294600F05FFCE0E7E06085F339
:105770001188BFF36F8FDAE76FF01500D8E74FF0AD
:10578000FF30D5E7A8850020EF9E00202DE9F341EA
:10579000044617461E464FF04003EFF3118883F38B
:1057A0001288BFF36F8FC368334A7BB180689168FA
:1057B000884219D057EA060318D188F31188BFF33D
:1057C0006F8F6FF00F0002B0BDE8F081916891F922
:1057D0000E1021610133E3609368A36088F31188A0
:1057E000BFF36F8F0020EEE72169F2E791F90E1009
:1057F00090F90E309942A8BF19466FF07E0291428F
:10580000B8BF11468B422EDD0BF022FA0546CDE9DA
:1058100000761A482246414600F0A2FB0028E1D05B
:105820004FF04003EFF3118683F31288BFF36F8FBD
:10583000A068D0B1236821699C420AD04BB193F98A
:105840000E309942A8BF19466FF07E039942B8BF47
:1058500019460BF0FDF940B10848314600F0E4FB71
:105860006FF00A00AFE70025D1E7002DF4D186F3F1
:105870001188BFF36F8FF3E7A8850020EF9E00200B
:1058800037B511464FF04002EFF3118582F31288CD
:10589000BFF36F8F04689CB12368426823F0030351
:1058A0009442036008BF4360012120460BF045FA93
:1058B000044685F31188BFF36F8F204603B030BDD7
:1058C00051EA0302F5D000F10802CDE900131046B9
:1058D000294600F045FB0028EFD1024B9B685C692C
:1058E000EBE700BFA885002038B504464FF0400321
:1058F000EFF3118583F31288BFF36F8F0BF025FC54
:1059000048B10022C2670BF0A6FB29460848BDE853
:10591000384000F089BBD4E902329A4218BF013303
:10592000A360022104F110000BF063FEEDE700BF5D
:10593000EF9E002013B54FF04004EFF3118184F384
:105940001288BFF36F8F846844B1013C846081F397
:105950001188BFF36F8F002002B010BD52EA03041C
:1059600006D181F31188BFF36F8F6FF00F00F3E75B
:10597000CDE900230246024800F0F2FAECE700BF4E
:10598000EF9E002070B504464FF04003EFF3118501
:1059900083F31288BFF36F8F6FF00A0620460BF077
:1059A000D4FB18B1C6670BF056FBF7E7A0600221E5
:1059B00004F110000BF01DFE29460248BDE87040BE
:1059C00000F032BBEF9E00201FB5094B029302ABE3
:1059D00000240093074908488DF80C404FF0FF332E
:1059E0004FF4805200F088F8204604B010BD00BF8C
:1059F000C369030080D00120A03E002070B5C368B9
:105A0000C3F340069B0705460C460DD50122002135
:105A100004F108000BF0C2F900232360054B656018
:105A20005A681AB9C3E90044304670BD14605C601E
:105A3000FAE700BFD0850020F8B5C3689A0704468E
:105A40000F46C3F340062CD45B071AD40B680BB97E
:105A500083680B60E368DD0744BFA3683B603D6873
:105A60004CBF02260126002D3AD01F4B9B68AB424B
:105A70000AD0D5F8E030D807C3F3800214D46FF011
:105A8000120600233B6025E00BF0C9F8D5F8E030A2
:105A90000028F0D1D907C3F3C002F0D552B15B079B
:105AA00008D46FF00F06ECE7002AFAD1C3F3C00365
:105AB000002BF6D100232360D5F8CC3063B9C5E9BB
:105AC000324428460BF094F9E36843F00403E360A2
:105AD0003B68A3603046F8BD1C60C5F8CC40F0E7D9
:105AE0006FF01506CDE700BFA885002001460148EC
:105AF0000BF004BAA03E0020F0B589B004460020A7
:105B0000C4E932000E9D04F1D000C4E9340004F170
:105B1000D800C4E936001DB32879002840F20110EE
:105B200008BF0120C4F8E00000204FF0FF364FF01E
:105B3000FF37CDE90330CDE90100CDE90667094B18
:105B400000942046FFF76EFD25B1296811B120466B
:105B50000BF06BF8204609B0BDE8F0400BF06AB8D6
:105B60000120DFE7C153010037B5019008464FF02F
:105B70004001EFF3118481F31288BFF36F8FC16886
:105B800011F00E0F16D153EA020508D101A9FFF753
:105B900053FF84F31188BFF36F8F03B030BD41F022
:105BA0000801C160019981621030034900F0D6FB01
:105BB0000120EEE70020ECE7650E030001460148F6
:105BC000FFF7D2BFA03E0020F7B50C460190164665
:105BD0001D464FF04003EFF3118783F31288BFF3A4
:105BE0006F8F08460BF0F5F855EA060309D101A9B5
:105BF0002046FFF721FF87F31188BFF36F8F03B0B3
:105C0000F0BDE368064943F00803E360019BA3622B
:105C100004F1100032462B4600F0A0FB0120EAE719
:105C2000650E030001460148FFF7CEBFA03E0020ED
:105C3000C3897F2B12D80A4B1B6863B1094B90F9BB
:105C40000E201B689A4209DB437BDB0606D1064B1C
:105C5000C31A18BF012303F0010070470023FAE7BD
:105C6000E0850020DC850020103D0020044BC01A98
:105C7000044BC0105843044B01221A54704700BF14
:105C8000883F0020ABAAAAAAEF9E002070B50E4B59
:105C90000E4C1E7C06EB460304EBC304054620466F
:105CA0000BF0F1FA0A4B002228469A55FFF7C0FF85
:105CB00048B1084B08491A68013A2046D317BDE895
:105CC000704000F04BBB70BDA8850020883F0020CD
:105CD000EF9E0020E08500206D5C020038B50D4D80
:105CE0002B4653F81C4F9C4200D004B9EC68AB68BB
:105CF00038B95A7BD20604D1A26912B9DA897F2A4F
:105D000005D89C4202D02046FFF7C0FF2346AB6176
:105D100038BD00BFA885002070B590F90D20437BE9
:105D2000002A014604DA03F07F0343730BF050F9B5
:105D30004B7B154A63F07F0310464B7350F81C3FB2
:105D4000146A834208BF002323B9C1E9000421601B
:105D500011620CE091F90E5093F90E60B5420ED02D
:105D6000AE420CDD5868C1E90030016059609068AE
:105D7000431A5842BDE870405841FFF7AFBF9C42FC
:105D8000E3D01B68E0E700BFA885002070B490F95D
:105D90000D30427B002B29DBD30627D183692BBB37
:105DA000134962F07F0242730A4652F81C4F944234
:105DB00018BF23460C6A23B9C0E90024206008629A
:105DC0000CE090F90E5093F90E60B5420AD0AE4245
:105DD00008DD5A68C0E900321060586070BC0020CD
:105DE000FFF77CBFA342E7D01B68E4E770BC7047B5
:105DF000A885002008B590F90D20437B002A0146B4
:105E000004DA03F07F0343730BF0E2F8044B986865
:105E1000431A58425841BDE80840FFF75FBF00BF32
:105E2000A885002070B515461C4606460BF0EBF819
:105E3000B4F1FF3F08BFB5F1FF3F08D02A46234623
:105E400006F118000249BDE8704000F087BA70BD45
:105E5000151103002DE9F041002A437B0E460CBFCB
:105E600010210821194204460AD10B43DD0903F031
:105E70009F0211D14273082914D00120FFF72EFF91
:105E80001E4B9B68A34232D1EFF305837BBB3046A8
:105E9000BDE8F041F2F772BB03F01F0343730BF050
:105EA00097F8E8E7A36813B120460BF099F804F1DE
:105EB00018000BF0E8F904F158074FF00008A56D41
:105EC000BD4200D035B90120FFF708FF2046F2F7A8
:105ED000C9FCD5E728460BF083F805F118000BF054
:105EE000D2F9C5F87C802846FFF750FFE7E786F334
:105EF0001188BFF36F8FBDE8F08100BFA885002037
:105F000038B54FF04003EFF3118583F31288BFF3E8
:105F10006F8F104B104A9C681068A04206D1FFF7A3
:105F2000B5FE85F31188BFF36F8F38BD00211B7C50
:105F300011600A4AD35C002BF3D02046FFF778FEAD
:105F40000028EED0637BDB0602D12046FFF7E4FE9B
:105F50002046E4E7A8850020D8850020EF9E002099
:105F600070B50C480C4D86682E600C461146DDE974
:105F700004234FF04006EFF3118586F31288BFF338
:105F80006F8F8068FFF74EFF2046BDE87040F2F744
:105F9000F5BA00BFA8850020D8850020F8B50446D2
:105FA0004FF04003EFF3118683F31288BFF36F8F36
:105FB000437BDA0649B219D18569BDB903F07F0385
:105FC00043730BF005F8437B164A817363F07F033C
:105FD0004373134653F81C0F984218BF0546106AC6
:105FE0005DB9C4E900300460146211E0A1730020BF
:105FF00086F31188BFF36F8FF8BD95F90E70B94223
:106000000BD08F4209DD6B68C4E900531C606C60E3
:106010000120FFF763FE0120EAE7A842E1D02D68E6
:10602000DEE700BFA885002049B9EFF3058030B94D
:10603000054B9A699B689A4201D0F2F79FBA81F3A7
:106040001188BFF36F8F7047A885002010B54FF0FF
:106050004002EFF3118482F31288BFF36F8F427B0B
:10606000510704D484F31188BFF36F8F10BD22F061
:1060700004024273FFF78AFE21460248BDE8104041
:10608000FFF7D2BFF09E002010B54FF04002EFF3B3
:10609000118482F31288BFF36F8F427BD10604D440
:1060A00084F31188BFF36F8F10BD22F0100242738A
:1060B000FFF76CFE21460248BDE81040FFF7B4BF71
:1060C000F09E00204FF04003EFF3118183F312881C
:1060D000BFF36F8F044B9A68D37B013BD37381F37B
:1060E0001188BFF36F8F7047A885002010B54FF05F
:1060F0004003EFF3118483F31288BFF36F8F084BD3
:106100009A68D37B0133D3730020FFF7E7FD84F354
:106110001188BFF36F8FBDE810400BF056B800BF79
:10612000A8850020024B03F11C02C3E90722704737
:10613000A8850020F8B54FF04003EFF3118583F3F5
:106140001288BFF36F8F19498868437B03F07F0380
:1061500043730AF03DFF8B685A7B084662F07F026A
:106160005A7350F81C2F0C6A824208BF002222B9D1
:10617000C3E9000423600B620CE093F90E6092F90E
:106180000E70BE420ED0B7420CDD5168C3E900214B
:106190000B6053600120FFF7A1FD2846BDE8F840E1
:1061A000F2F7ECB9A242E3D01268E0E7A88500203C
:1061B00050EA01032DE9F04105460E4603D1FFF7F1
:1061C000B9FF00202CE0831C71F1FF332ADB0BF0B8
:1061D00070F82C184FF04003EFF3118883F3128806
:1061E000BFF36F8F114F124BB8681860FFF702FEB4
:1061F000B86810492A463346183000F0AFF8BA683C
:10620000537B43F0100353734046F2F7B7F90BF09A
:1062100050F8201A63EB0303012873F10003D0DB6D
:10622000BDE8F0816FF00104241AD3E7A8850020AF
:10623000D885002015110300B1F1FF3F08BFB0F170
:10624000FF3F08B506D1084B98680AF014FF4FF0DD
:10625000FF3008BDFFF7ACFF4FF47A7380FB0303F8
:10626000C00B40EA4340F4E7A8850020014B986842
:10627000704700BFA8850020D3B5DDE90667089CFC
:10628000CDE90067FFF76CFE1CB1034B9B685B69AF
:10629000236002B0D0BD00BFA885002008B5064825
:1062A000064A0749121A0AF005FCBDE80840054AEB
:1062B000054906480AF0FEBB00000020A80E002099
:1062C0006C6A0300000000006C6A030000000020FC
:1062D000034B1B680BB9FBF791B80020704700BF58
:1062E000E485002010B50E4B1C689C4204D1FFF7DA
:1062F000EFFF6FF0004010BDFFF7EAFF002CF8D071
:10630000D4E904321B1A62EBE072B3F1004F72F170
:106310000001EEDA002AACBF18460020EBE700BF10
:10632000500A002030B570B10B4B5B6898420AD020
:10633000036843B1D3E90421D0E90445121941EBC4
:106340000501C3E90421D0E9003213605A6000233B
:10635000C0E9003330BD00BF500A0020B3F1FF3F59
:1063600008BFB2F1FF3FF8B504461D4616465CD0A3
:1063700081604FF04003EFF3118783F31288BFF37E
:106380006F8F013275F1FF3324DA2D49D1E90020F6
:106390006FF001039B1A4FF0FF3262EB00009E1B6F
:1063A00060EB0500012E70F1000301DA01260020E8
:1063B000C4E90460234ED6F800C07568B44508BF30
:1063C0004FF0000CBCF1000F0DD1C4E900652C604A
:1063D00074601CE0FFF77CFF013645F100053618BC
:1063E00045EBE070E4E7DCE90420D4E904319342B2
:1063F00071EB000E1ADAD21ADCF8043060EB0100FF
:10640000CCE90420C4E900C31C60CCF80440336824
:10641000B34206D09C4204D1FFF764FF0021FAF793
:10642000BFFF87F31188BFF36F8FF8BD9B1A61EB35
:106430000001AC45C4E90431C7D0DCF800C0C1E7B5
:10644000A03F0020500A00202DE9F84F4FF04003F4
:10645000EFF3118783F31288BFF36F8FDFF8B890E3
:106460002B4E2C4C3060D9F800004FF0000A484504
:1064700008BF00204FF0000BD4E9001E33683D46F2
:1064800088B3D0E904874FEAE37C43457CEB0702FD
:1064900006DAB8EB030267EB0C07C0E9042722E039
:1064A00018EB01014EEBE873C0E904ABC4E900133B
:1064B000FFF738FF85F31188BFF36F8F8368984724
:1064C0004FF04003EFF3118583F31288BFF36F8F12
:1064D0003368D9F80000A3EB080348452F46336022
:1064E000CAD1D4E9001E59184EEBE373C4E9001376
:1064F00000243460FFF7F6FE2146FAF751FF85F3DA
:106500001188BFF36F8FBDE8F84FFFF7F9BC00BFEC
:10651000E4850020A03F0020500A002010B54FF075
:106520004003EFF3118483F31288BFF36F8FFFF7FB
:10653000CFFE064A0346D2E90001181841EBE37189
:1065400084F31188BFF36F8F10BD00BFA03F002000
:10655000F8B504464FF04003EFF3118783F3128838
:10656000BFF36F8F026822B187F31188BFF36F8F7B
:10657000F8BDD0E90A36581C46F10001022871F135
:10658000000127D3012B76F10001BCBF0123164681
:106590005D1E46F1FF360AF090FE013041F1000128
:1065A000401946EB0101012871F100013ADB0AF0C4
:1065B00084FE013041F100016FF00102401946EB09
:1065C0000103121A4FF0FF3161EB03031849204613
:1065D000FFF7C4FE236B01332363236A73B187F390
:1065E0001188BFF36F8F236A204698474FF040030E
:1065F000EFF3118783F31288BFF36F8F54F8185F9E
:10660000A542B1D0002DAFD028460AF04FFD00239F
:10661000EB6787F31188BFF36F8F2846BDE8F8401A
:106620000AF019BD6FF001024FF0FF33CEE700BF53
:10663000516502002DE9F04105461C4690461F4673
:106640004FF04003EFF3118683F31288BFF36F8F8F
:10665000B4F1FF3F08BFB2F1FF3F05D186F31188C7
:10666000BFF36F8FBDE8F081531C74F1FF3309DB7A
:10667000012A74F10003BCBF0122002412F1FF388B
:1066800044F1FF3728460AF0FEFDDDE90623C5E99F
:106690000A2300232B63034942463B462846FFF763
:1066A0005DFEDBE7516502002DE9F3471D46294BEE
:1066B0009F68012387F8603087F8613052EA05034C
:1066C00016460CBF0123002307F1600280460AF042
:1066D000C4FE81464FF04003EFF3118A83F3128822
:1066E000BFF36F8F97F8604064B901465246404649
:1066F0000AF053FE8AF31188BFF36F8F204602B071
:10670000BDE8F087002387F8603056EA050306D11C
:106710008AF31188BFF36F8F6FF00A04EEE7CDE9BB
:1067200000650D4A0D485146FFF71AFC04464FF02C
:106730004003EFF3118583F31288BFF36F8F2A466E
:10674000494640460AF029FE85F31188BFF36F8F52
:10675000D4E700BFA8850020580A0020F09E002042
:1067600038B503464FF04002EFF3118582F31288EB
:10677000BFF36F8FC160012181600068834206D141
:1067800085F31188BFF36F8F0024204638BDD0E910
:10679000003213605A600023C0E900330AF0D4FECF
:1067A000294604460148FFF73FFCEEE7F09E002033
:1067B00073B506460D460AF032FA78B90B4B9B6862
:1067C0001C6F7CB12A1D09D200200021CDE90001F7
:1067D00046F0040120460AF078F908B9002401E0E7
:1067E0000460041D204602B070BD00BFA8850020D3
:1067F000014804F067BA00BFCC69030030B599B016
:106800000546684600F028F86946044608A800F0E6
:1068100053FA08A90443284600F08AF9204619B023
:1068200030BD00BF70B598B005466846164600F00A
:1068300013F83146044608A800F046F908A96A464C
:106840000443084600F082F908A90443284600F0F2
:106850006DF9204618B070BD70B50B68124E1BBAAA
:10686000C3614B681BBA83618B681BBA4361CB68F9
:106870001BBA03610B691BBAC3604B691BBA836007
:106880008B691BBA4360CB691BBA32460360014671
:106890000446DAF7E3F83146054602462046DAF7C1
:1068A000FDF8681E70BD00BF103203002DE9F041F5
:1068B00088B00C46064602F12001684606F1200722
:1068C0009046DAF7D1FB6A4669466846DAF7EEFA8F
:1068D00069463846DAF7C8FB3A463946384604F185
:1068E0002005DAF7E3FA6A4669466846DAF7DEFA1F
:1068F00041462846DAF7B8FB6A4641463046DAF7A1
:106900009BFB2A4629466846DAF7D0FA2A466946AA
:106910006846DAF7CBFA124A69466846DAF7C6FAE9
:1069200069462046DAF7A0FB324621462046DAF7D0
:10693000FBFA324621462046DAF7F6FA224631467D
:106940002846DAF7F1FA6A4629462846DAF774FB50
:106950003A4629462846DAF7E7FA08B0BDE8F0815A
:10696000F0320300F0B599B004460D460A460146E0
:106970006846DAF7D9FA69466846DAF775FB6A4677
:10698000214608A805F1200604F12007DAF754FB98
:106990006A4629466846DAF74FFB3246394610A860
:1069A000DAF784FA324639463046DAF7BDFA31462C
:1069B0002846DAF759FB6A4608A92046DAF776FA3C
:1069C000224629462846DAF7AFFA6A4608A96846F9
:1069D000DAF7AAFA6A4639463846DAF72DFB2A462C
:1069E00008A96846DAF7A0FA6A4631463046DAF76F
:1069F00023FB3A4631463046DAF796FA10A9684644
:106A0000DAF732FB224669462046DAF78DFA08A902
:106A100022460846DAF788FA10A908AA0846DAF7E3
:106A20000BFB3A4610A93846DAF77EFA19B0F0BDEA
:106A30002DE9F04188B00C46054690460A460146CD
:106A40006846DAF771FA69466846DAF70DFB6A4676
:106A50002946284604F12006DAF7EEFA05F1200768
:106A60006A4621466846DAF7E7FA32463946304642
:106A7000DAF75AFA31462046DAF7F6FA2A4621467C
:106A80002046DAF751FA6A4621462046DAF74CFAF0
:106A90006A4629464046DAF747FA424639463846BA
:106AA000DAF7CAFA224629466846DAF73DFA6A4614
:106AB00031463046DAF7C0FA3A4631463046DAF720
:106AC00033FA08B0BDE8F08170B500F1200690B04F
:106AD0000D46044600F014F905F12001304600F09F
:106AE0000FF9214608A8DAF7BFFA08A908460D4AA7
:106AF000DAF7DCF908A922460846DAF79DFA08A970
:106B0000094A0846DAF7D2F931466846DAF7ACFAAC
:106B1000202269460DEB0200DAF79AF9013810B02D
:106B200070BD00BFF0320300D032030000F002B9A4
:106B300038B504460D4600F0FDF805F1200104F1DA
:106B40002000BDE8384000F0F5B800BF2DE9F0475F
:106B50001346B8B0544A89468046194610A8D9F75A
:106B60007DFF5249024610A8D9F798FF179E4E495B
:106B700000EAD6760746C6F1010210A8D9F78EFFC3
:106B8000179B4A466FEA030A28A918A8FFF78EFE4A
:106B90004FEADA7A20A9CAF10102084600F092F819
:106BA000C7F10107FE246A4618A928A8FFF740FF8D
:106BB000631138AA02EB830304F01F0253F8A03CD0
:106BC000D340554603F0010A8AEA05052A4628A95A
:106BD00018A8D9F7BFFF2A4630A920A8D9F7BAFFCD
:106BE000013C28A918A8FFF7BDFE631CDBD1CAF140
:106BF000010220A908A800F065F886EA0A066A469C
:106C000018A928A8FFF714FF28A9324618A8D9F711
:106C1000A1FF324630A920A8D9F79CFF08A96A46EF
:106C20000846DAF709FA08A9084600F09DF808A90D
:106C300008F1200409F120020846DAF7FDF920A93D
:106C400008AA2046DAF7F8F908AA18A96846DAF778
:106C5000F3F969466846DAF707FA18AA694608A8F8
:106C6000DAF7EAF921466846DAF7FEF908AA694632
:106C70001046DAF759F90E4A08A96846DAF754F9C6
:106C800020462021DAF7F8F808A90246444268466F
:106C9000D9F760FF4046074A6946DAF7CDF93C4329
:106CA000204638B0BDE8F087503203007032030050
:106CB000D0320300303203000A460149FFF746BFD5
:106CC0009032030070B588B004460D461646002188
:106CD000202268460AF0DFFC0023294620222046B5
:106CE00000930AF0B0FC2A4669466846DAF71CF9B8
:106CF000324669462046D9F72DFF08B070BD00BF67
:106D00000B681BBAC3614B681BBA83618B681BBAE3
:106D10004361CB681BBA03610B691BBAC3604B6943
:106D20001BBA83608B691BBA4360CB691BBA0360D3
:106D3000704700BFCB691BBA03608B691BBA436005
:106D40004B691BBA83600B691BBAC360CB681BBA63
:106D500003618B681BBA43614B681BBA83610B6884
:106D60001BBAC361704700BF70B598B00D460646A8
:106D700010A8DAF779F92A4610A96846DAF75CF91B
:106D8000694610A8DAF770F910A90846DAF76CF925
:106D90006A4610A908A8DAF74FF908A910A8DAF787
:106DA00063F910A90846DAF75FF910A90846DAF77F
:106DB0005BF910A90846DAF757F910A908AA08469E
:106DC000DAF73AF910A90846DAF74EF910A9084699
:106DD000DAF74AF910A96A4608A8DAF72DF9052466
:106DE00008A910A8DAF740F910A90846DAF73CF923
:106DF000013C10A9F5D108AA0846DAF71DF90524C7
:106E000010A90846DAF730F910A90846DAF72CF984
:106E1000013CF5D110A908AA0846DAF70DF910A926
:106E200008A8DAF721F908A90846DAF71DF908A930
:106E30006A466846DAF700F91024694610A8DAF7BE
:106E400013F910A90846DAF70FF9013C10A9F5D19A
:106E50002A460846DAF7F0F8402410A90846DAF77F
:106E600003F910A90846DAF7FFF8013CF5D110A99B
:106E70006A460846DAF7E0F8102410A90846DAF75F
:106E8000F3F810A90846DAF7EFF8013CF5D110A99C
:106E90006A460846DAF7D0F8102410A90846DAF74F
:106EA000E3F810A90846DAF7DFF8013CF5D110A99C
:106EB00008AA0846DAF7C0F82A4610A93046DAF7D9
:106EC000BBF818B070BD00BF10B50C4C236813B1EF
:106ED0000B4B1B682BB900F027FE30B9084B012281
:106EE0001A6001232360002010BD0138062801D953
:106EF000044810BD044B53F8200010BDEC85002061
:106F0000E8850020FE8FFFFF10330300BFF34F8F93
:106F10000549064BCA6802F4E0621343CB60BFF335
:106F20004F8F00BFFDE700BF00ED00E00400FA0551
:106F300010B40A4B0A490B4C4FF0FE32C3F8002440
:106F40004968C3F80424C3F80824C3F80C240023B8
:106F5000C4F800355DF8044B084700BF00B002508C
:106F6000600A002000A00250D0E90012014BC3E9E2
:106F700000127047600A00202DE9F043134B144EB5
:106F8000002814BF04461C4683B02368B34219D0BE
:106F90000D4620464FF4E07104F10409174604F54C
:106FA0008E7800F0E5F8484600F0A8FC404600F076
:106FB000D7FA084900972B464A46404600F0E6FAC1
:106FC00008B92660002003B0BDE8F083F0850020FA
:106FD000A5BCC95A8579020070B51D460C4B002826
:106FE00018BF03460B481E68864282B00DD10026AA
:106FF00003F58E7000963346144600F013FB00280C
:1070000018BF34462C6002B070BD0348FBE700BFD8
:10701000F0850020A5BCC95AE88FFFFF10B50446D3
:1070200050B1636813F0685F05D0064A934202D0FE
:1070300000232360626010BD034B04485B689847DF
:10704000EFE700BF2C5F5CA9600A00202C3303002F
:10705000C8B143680D4A934213D013F0685F0ED055
:10706000012350E8002F194640E8001C9CF0000F57
:10707000F7D1012AF5D0BFF35F8F00207047044895
:107080007047044870476FF4E04070472C5F5CA97C
:10709000E98FFFFFEA8FFFFF80B14368094A9342FF
:1070A0000AD013F0685F05D0BFF35F8F0023036041
:1070B0001846704704487047044870476FF4E04032
:1070C000704700BF2C5F5CA9E98FFFFFEA8FFFFFCD
:1070D00010B5044620B1044B63600022226010BD4D
:1070E0000248FFF725FFF6E73A00003A5433030061
:1070F00070B5D0E90023154C154D6360D0E902301E
:10710000C4E90230226048680E68124BC3E900608F
:10711000D5F818018E689E6010F0685FCE68096926
:10712000DE60196110D00C49C5F8BC110023C5E917
:10713000453105F58A70C5F8B8319047236805F5E3
:10714000DC70BDE87040184770BD00BF7C0A0020AD
:10715000F0850020680A00202C5F5CA938B131B1AD
:10716000014400220346013081421A70FAD170476F
:1071700038B131B1014400220346013088421A700F
:10718000FAD170472DE9F04FB2F5C07FB5B000F2EB
:10719000D780DFF8B89114460D464FF4D072002125
:1071A0000DF15C08074648460AF075FA404601F0C2
:1071B00051F9002309F11806A9F8103063BA2946DD
:1071C0002246A9F812303046202389F817300AF0F9
:1071D0003AFA5D4B079303F104338022089303F1DD
:1071E00004330993325503F1043307A940460A9347
:1071F00001F046F9824600287FD104F119030BAE55
:107200000FAC02930397019604940198DFF840B104
:10721000102200210AF03FFADDF808A005940E9B29
:107220005BF8044C5BF80C7C0B995BF8100C5BF87A
:10723000085CDDE90C625C40019B7E40554081EAC0
:1072400000071A4601214046CDE90B76CDE90D54E1
:1072500001F030F9BAF1100F94BFAAEB0A0AAAF1B3
:10726000100A0BF1100B002865D1BAF1000FD6D12E
:10727000059C0199204610220AF0E5F999F803309F
:1072800010340133A04589F80330BED1049C039F1C
:10729000019E80222146404601F0F2F8824670BBF2
:1072A00007F120093D4613AB1A460121404601F083
:1072B00001F91022824613A928461544BAF1000F9D
:1072C0001DD10AF0C0F94D45EDD1404601F0D2F88C
:1072D0001E484FF4D071FFF74BFF20462021FFF7E7
:1072E00047FF07A81021FFF743FF30461021FFF7A3
:1072F0003FFF504635B0BDE8F08F0FAC0BAE4046B7
:1073000001F0B8F811484FF4D071FFF731FF204673
:107310002021FFF72DFF07A81021FFF729FF1021DB
:107320003046FFF725FF20213846FFF721FF504662
:1073300035B0BDE8F08F039F019E049C8246DEE7D6
:107340006FF0370AF3E700BF00010203C087002097
:10735000D08700202DE9F04188B004460D46202258
:10736000002168460AF097F904F120066F46E27B97
:107370000132D2B2E273002A4DD1A27B0132D2B2E5
:10738000A273002A47D1637B0133DBB26373002B06
:1073900041D1237B0133DBB22373002B3BD1E37A52
:1073A0000133DBB2E372002B35D1A37A0133DBB2B8
:1073B000A372002B2FD1637A0133DBB2637253BB0C
:1073C000237A0133DBB223722BBBE3790133DBB2C7
:1073D000E37103BBA3790133DBB2A371DBB963793A
:1073E0000133DBB26371B3B923790133DBB22371AB
:1073F0008BB9E3780133DBB2E37063B9A37801336F
:10740000DBB2A3703BB963780133DBB2637013B9AD
:107410002378013323703B4622460121304601F098
:1074200049F8804650BB103708AB9F429FD1029A63
:10743000AB68039F0799534002933046EE68009B68
:107440007E400396049F2E697E4004966E69059FD8
:107450007E400596069FAE697E400696EE697140B5
:10746000079129684B40009301996B6880224B403B
:107470006946019301F004F8804638B1684620213E
:10748000FFF776FE404608B0BDE8F08110220DEB14
:10749000020120460AF0D7F8F0E700BF2DE9F843D3
:1074A00004468069B0F5C07F52D81D46C0F5C07350
:1074B000AB424DD3C5F5C0731B1A9342164647D352
:1074C000DFF898904FF4C0720F46484600210AF04A
:1074D000E2F8D4F89430A269D4F898004946984765
:1074E000002838D1D4F818803DB1D4E925302A4697
:1074F00009EB0801984770BBA84407B1C6B9174902
:1075000042460846FFF73EFE054638B113484FF4A1
:10751000C071FFF72DFE2846BDE8F8830F492046CD
:10752000FFF718FF05460028F0D101232361EDE79E
:1075300009EB0800394632460AF085F80749B0449D
:1075400042460846FFF71EFE05460028DED1E5E765
:107550006FF03705DFE76FF03305DCE76089002067
:1075600010B5A422044600210AF095F8064B4FF00E
:10757000FF314FF6F0722161E26104F19C001B685B
:10758000BDE81040184700BFCC0A00202DE9F043A9
:1075900085B005460F4616460021102268469946DA
:1075A0000AF079F81D4B05F19C081B684046984786
:1075B00020B10446204605B0BDE8F08305F1200463
:1075C000204600F047FFAA69C5E925762E69E2B991
:1075D0002022002EAA611FDB20466946802200F08F
:1075E0004FFF044630B90C9A334649462846FFF708
:1075F00055FF04460A4B40461B689847002818BFB1
:107600000446204605B0BDE8F083002EE4DA172AD0
:1076100002D801325608DFE70026DDE7C80A00205D
:10762000C40A00202DE9F04F8DB0B2F5806F169F8F
:1076300000F2E380B7F5807F00F2DC800446154657
:107640000E462022002104A898460AF024F86C4B2C
:1076500004F19C091B68484698478346002840F07F
:1076600092802269E3699A4200F391806369002B5A
:1076700040F08D80002F40F0A980DFF888A16F4690
:10768000002D00F0988004F120086F460EE0102DC8
:10769000AB4628BF4FF0100B30465A46394609F02A
:1076A000D2FFB5EB0B055E4400F08580E37B013330
:1076B000DBB2E373002B4DD1A37B0133DBB2A373A9
:1076C000002B47D1637B0133DBB26373002B41D1C5
:1076D000237B0133DBB22373002B3BD1E37A0133ED
:1076E000DBB2E372002B35D1A37A0133DBB2A37294
:1076F000002B2FD1637A0133DBB2637253BB237A41
:107700000133DBB223722BBBE3790133DBB2E371CC
:1077100003BBA3790133DBB2A371DBB96379013316
:10772000DBB26371B3B923790133DBB223718BB957
:10773000E3780133DBB2E37063B9A3780133DBB2E2
:10774000A3703BB963780133DBB2637013B923785C
:10775000013323703B4622460121404600F0AAFE39
:107760008346002893D0DAF8003048469847202115
:10777000034604A8002B18BF9B46FFF7F9FC102115
:107780003846FFF7F5FC58460DB0BDE8F08F3A4695
:10779000414600232046FFF781FEDFF868A000285D
:1077A0003FF46DAFDAF8003048469847834600282A
:1077B0003FF465AFE7E704A92046FFF7CBFD83461A
:1077C0000028D0D1236901332361CCE73A464146F2
:1077D00004A8FFF7D7FC834618B1DFF828A06F464E
:1077E000C1E704A92046FFF7B5FD834600283FF412
:1077F00044AFF2E76FF0370BC5E76FF0350BC2E728
:10780000C80A0020C40A00202DE9F043202B8BB0C9
:107810001D4606468846914626D8DBB202AF8DF853
:107820000480B0468DF8053058F8041B21B9404655
:1078300000F084FE044640B901233360022201A90E
:10784000404600F08FFE044638B138462021FFF74D
:107850008FFC20460BB0BDE8F0832A4649464046DF
:1078600000F080FE0446F0E702AF19461046002300
:107870003A4600F0FDFF04460028E6D12023B94631
:107880001D46CCE7F0B5D0F8F830A7B0002BD8BF34
:1078900002AE2CDDD0F80C410546002302AE019368
:1078A000A4F10107D0F80001D5F8FC4001AB90220B
:1078B0003146A047B7FA87F77F09044610B9019B04
:1078C0003BB9A7B130469021FFF752FC204627B0C4
:1078D000F0BD014632462846FFF796FF50B9D5F86D
:1078E0000431019A1344C5F80431002FEAD16FF036
:1078F0003C04E7E70446204627B0F0BD70B50025FC
:10790000044604F5887614222946C0F8F850FC3065
:1079100009F0C1FE08222946304609F0BCFE154B8D
:1079200030461B689847204640F8045B00F0ECFDA9
:10793000114B30461B689847D8B9D4F8F830AB42A1
:1079400011DC03EB830204EB82022021C2F8081150
:107950000121C2F80C1101330849C2F80001C2F834
:10796000FC10C4F8F830064B30461B68BDE8704088
:10797000184770BDCC0A0020C80A002059830200B5
:10798000C40A00202DE9F047202A88B079D83E4B60
:1079900000F588791B68044648461746884698478C
:1079A0000546F8B9D4F8F83040F20116002B64D03F
:1079B0002046FFF767FF054638B9D4F8F830002BAA
:1079C00014DC013EF2D16FF03B056E4620213046BB
:1079D000FFF7CEFB2D4B48461B689847002818BF81
:1079E0006FF01D05284608B0BDE8F087D4E94132A4
:1079F000934203D3D4F80C21012A02D0013ED7D1FF
:107A0000E1E71F2BFAD96E4601462022304604F1E9
:107A1000040A09F040FE3146504600F0CDFD05460F
:107A20000028D3D1504600F083FD504600F06CFD95
:107A30002946504600F082FD05460028C6D1504632
:107A40002022314600F08EFD05460028BED10346B7
:107A500032462021304600F00BFF05460028B5D104
:107A6000D4F8F830002BC4BF0023C4F804313A46E0
:107A70004046314609F0E7FDA8E76FF03F056E4646
:107A8000A4E76FF03B05ADE7C80A0020C40A002058
:107A900030B58DB00021282202A8019109F0FBFD2C
:107AA00002A800F00DFF044610B120460DB030BD15
:107AB000174D4FF0FF31286800F044F9044620B11B
:107AC0001448FFF735FA012C18D0002000F06AF9AD
:107AD000D0B9114A02A901A800F030FC04460120E7
:107AE00000F060F960B9286800F034F90028DCD0B3
:107AF0000A48FFF71DFA20460DB030BD0524F2E715
:107B00000748FFF715FAEEE70648FFF711FAE0E736
:107B1000B00A002078330300E08A0020D03303004D
:107B2000B03303009033030030B583B000F05CF84D
:107B300028B100F0ABF80324204603B030BD00F0BC
:107B400077F8D8B900F02EF9E0B9224CD4F82839EA
:107B50001B0EF02B0AD1D4F8242A1F4B9A4231D0A5
:107B600000F044F8072400F091F8E5E700F03EF853
:107B700000F08CF80624204603B030BD04242046D3
:107B800003B030BD00F032F800F080F8FFF780FF5E
:107B9000044698B9114D2B68002BCDD10246014601
:107BA000FFF7EAF950B90E4901AB6822FFF714FA62
:107BB00020B90C4B2B60204603B030BD0524204675
:107BC00003B030BD012000F0EDF80028DAD1C4F890
:107BD0000C0ADBE700B002500000E020008D00201E
:107BE000048D00205AEA5A5A00207047002070473E
:107BF000430504D5044B4FF0FF32C3F80821024B74
:107C0000C3F8080A704700BF00B00250014BC3F828
:107C1000040A704700B0025008B100F06BB84FF48E
:107C20007500704708B100F04FB84FF47500704709
:107C300010B5114800F072F800B110BD0F4800F007
:107C40006DF80028F9D10E4C204600F067F80028A6
:107C5000F3D10C4B0C481C6000F060F80146002882
:107C6000EBD100F02DF8044608B1204610BD00F01D
:107C70007BF82046FAE700BFC00A0020BC0A0020BB
:107C8000B80A0020B00A0020B40A002008B508484D
:107C900000F04EF8074800F04BF8074800F048F8AD
:107CA000064800F045F8BDE8084000F00BB800BFFA
:107CB000C00A0020BC0A0020B80A0020B40A002034
:107CC00000207047704700BF10B4094C0246D4F83A
:107CD000003A1342FBD021B1D4F804310B60C4F850
:107CE0000831034BC3F8082A00205DF8044B7047A5
:107CF00000B00250044AD2F8003A1842FBD0C2F851
:107D0000080A0020704700BF00B0025009F0A9BC6B
:107D100009F0C1BC0A46002109F0BDBC08B5034BFF
:107D200002681B6810689847002008BD7C0A002084
:107D300008B5034B02685B6810689847002008BDCF
:107D40007C0A0020024B02689B681068184700BF3D
:107D50007C0A002008B5034B0268DB68106898476E
:107D6000002008BD7C0A002070B5094C094D20692F
:107D7000AB68984718B1084B08485B689847084AB1
:107D8000EB68206900211160BDE87040184700BF12
:107D9000680A00207C0A0020600A0020E833030003
:107DA0006C8D0020F8B51A4D1A4E0446B268286949
:107DB0009047E8B9184F3B684CB1A3B1012B19D0DB
:107DC000013B3B602869F36898470020F8BD43B940
:107DD000124A0121C2F800151149D1F81029002AD0
:107DE000FBD101333B60F368286998470020F8BD58
:107DF0000C48F8BD0A4AD2F81039002BFBD1074ACB
:107E00006FF07E40C2F80035FFF700FF3B68D7E710
:107E1000680A00207C0A00206C8D002000A002501F
:107E200000B00250E98FFFFF014B1B68184700BFED
:107E30007C0A0020014B9B68184700BF7C0A002089
:107E4000014BDB68184700BF7C0A00202DE9F04792
:107E5000002878D00C46002975D01D46002B72D022
:107E600007461AB1012200232A6003602B68002B09
:107E700064D02946204600F0DBFD804600285FD113
:107E80002868214600F0BAFD8046002858D12B68AA
:107E9000082B6CD0042B6DD0A3F10209B9FA89F933
:107EA0004FEA5919354E0121C6F8C411C6F84011E0
:107EB000C6F8C411636AC6F83031D6F8302193424F
:107EC000F6D14FF0000A4FF0FF30C6F82CA1FFF7B3
:107ED0008FFE6FF01B03C6F800315046FFF796FE89
:107EE000C6F80C91D6F8040A40F48060FFF78EFEC5
:107EF0000A23C6F83831089B012B29D02369204A70
:107F0000A2FB03231B09626A02FB03F303EB430397
:107F10001A4ADB039B09C2F8D8310123C2F82C317D
:107F20003B682A6823F07F4343EA02633B602A6888
:107F300043EA02233B604046BDE8F087DFF8448017
:107F40004046BDE8F087DFF840804046BDE8F08756
:107F50004FF08053D3F80C2C013206D0D3F80C3CF0
:107F6000074AA2FB03231B09CDE71623CBE74FF0FB
:107F7000030997E74FF0020994E700BF00B00250F1
:107F8000ABAAAAAA310CF100350CF10050B34B1E7C
:107F9000B3F5047F26D24FF0000C30B5CD00E64695
:107FA0006446630904F01F0150F823301F2923FAA7
:107FB00001F306D003F001031CB901249E46A44638
:107FC000EFE79E4504F1010406D09E464FF0010CF8
:107FD000AC42E6D1002030BD0CF1010C9445F7D144
:107FE000014830BD00487047360CF100C8B32DE998
:107FF000F0434C1EB4F5047F1CD2DBB1D2B14FF07C
:10800000000ECF007646F046754603F1FF396C0945
:1080100005F01F0150F824401F2924FA01FC0CD060
:108020000CF0010C4DB90126E0463546B646EEE7A8
:10803000964218D90D48BDE8F08373450CD0C4456D
:1080400008BF0136F145F3D00EF1010E0135BD42F6
:10805000DDD10020BDE8F0834FF0010EE04676460A
:10806000F4E7024870479E46F0E700BF370CF10086
:108070002DE9F04F91B00D46DDE91B418246002904
:108080006ED1286906901A981C6000230360002AAC
:1080900000F02E819C4B6A6AD3F83811D3F8303146
:1080A0009A4269D10A2967D19AF80330089304F1FA
:1080B000080306990793954B934CA3FB01239B0858
:1080C00003EB4303A1EB43030393042305931A9BA0
:1080D000069E1E60002E00F0E980002700F0B8FC2C
:1080E0000997BAF1000F00F0D580DDF81C804FF041
:1080F0000109002D00F0CE80089B002B3ED008A97E
:10810000284600F095FC00283AD0814B984220D0B8
:10811000089B082B00F0E4805B000022089300928B
:1081200008AB29465046FFF791FE7A4B984200F083
:10813000D38070B9DAF80020130A03F47F031343E5
:1081400023F07F43CAF80030059B013B0593BED165
:108150000020039000F07CFC039811B0BDE8F08F84
:108160004FF08050D0F80C6C013614BFD0F80C0CD6
:108170004FF40470069086E76748EAE76548C4E76D
:108180000898294600F03AFC0028BED1089B082B2D
:1081900000F0A880042B00F0A880A3F10203B3FA3A
:1081A00083F35B090493C4F8C491C4F84091C4F804
:1081B000C4916B6AC4F83031D4F830219342F6D1BF
:1081C0004FF0000BC4F82CB14FF0FF30FFF710FD5B
:1081D0006FF01B035846C4F80031FFF717FD049BEE
:1081E000C4F80C31D4F8040A40F48060FFF70EFDA7
:1081F0000A23C4F838312B69ABF1553BABFB0323A1
:108200006A6A1B0902FB03F303EB4303DB039B09CD
:10821000C4F8D831C4F82C91DAF80030089923F06A
:108220007F420B0243EA01631343CAF8003009A8F6
:1082300000F0D4FB099B03F01A0303437FF468AFFB
:10824000ABFB063BD4F814310A93D4F818310B93E6
:10825000D4F81C310C93D4F820310D93D4F8243188
:108260000E93D4F828310F93B7EB9B0F01D1039BEA
:1082700093B9404618220AA9183EFFF747FD08F1B6
:108280001808013796B100F0E3FB00230993002D95
:108290007FF432AF214838E74046F61A1A460AA959
:1082A00098440137FFF732FD002EECD1069F079E60
:1082B0006A6939463046FFF769FEAA6940B94FF44A
:1082C000806339463046FFF791FE00283FF440AF07
:1082D0001A9A0023136018E72B6A002B3FF439AF7A
:1082E0000F4836E7032304935DE7022304935AE71C
:1082F000009108AB012229465046FFF7A7FD002850
:108300003FF4D5AE25E700BF00B00250ABAAAAAA41
:10831000020CF100310CF100300CF100350CF100D1
:10832000320CF10010B4DDE901340194039C029495
:10833000002403945DF8044BFFF79ABE10B586B095
:1083400005AB0124CDE901240093002204ABFFF723
:108350008FFE06B010BD00BFF0B587B0002966D013
:108360001E46002B63D01446002A60D0314F0D46C4
:1083700038684FF0FF31FFF7E5FC00284DD10020B1
:10838000FFF710FD002844D12B4800F099FA03466E
:10839000D8B101204FF0FF35FFF704FD002834D19C
:1083A00026484FF40871FEF7D9FE25480421FEF750
:1083B000D5FE21482821FEF7D1FE3868FFF7CAFC18
:1083C00000282ED1284607B0F0BD1C4A029205AA0B
:1083D000019204AA03900092174919481A46FFF720
:1083E000A1FF03460028D4D128461D46059B0499C9
:1083F0009C42224628BF1A4632600831FFF786FCAD
:108400000120FFF7CFFC0028CAD00E48FEF790FDF0
:10841000C6E70D48FEF78CFDB6E70C48FEF788FD71
:10842000ADE70B48FEF784FD284607B0F0BD4FF0DE
:10843000FF35C7E7B00A0020748D00209C8D002016
:10844000708D0020B03303009033030078330300B5
:108450000834030010B5044630B1002201236265E0
:10846000A265E365236610BD0148FEF761FDF4E7F0
:108470002034030018B174220021FFF749BC704773
:1084800090B1A1B110B5802A4FF00004846380F848
:108490003C4006D1102204631044FFF737FC20460D
:1084A00010BD6FF01F0010BD6FF0210070476FF01E
:1084B0001F00704728B322B31BB3012921D870B520
:1084C0000446816B86B017D0012917D110250021F1
:1084D0000DEB0506616310460095019602AA294638
:1084E00000F0C2FA50B92B46324602A9204600F0ED
:1084F00043FD18B906B070BD0029E7D06FF0210028
:10850000F8E76FF02100704710B5044628B1204607
:10851000F421BDE81040FFF7FDBB0448FEF708FD5D
:108520002046F421BDE81040FFF7F4BB34340300CB
:1085300010B1F421FEF712BE704700BF08B521B19B
:10854000012908D06FF0360008BD012100F058F86D
:108550000028F7D108BD022100F052F80028F9D018
:10856000F0E700BF30B505468818B0F5801FA1B010
:108570000B46144601D8802A0CD9B3F5801F17D9B1
:1085800022461946284600F07DF8044684B9204664
:1085900021B030BD6846FFF7B9FB22466946284640
:1085A00000F070F8802104466846FFF7B3FBEDE762
:1085B0006FF03604EBE700BF70B5E8B10E46D9B1F5
:1085C000044600F031F80546B0B92368012B0BD002
:1085D000022B01D0284670BD1C2204F10801304650
:1085E000FFF794FB284670BD202204F108013046B5
:1085F000FFF78CFB284670BD6FF03605EAE700BF39
:1086000078B138B504460D46F021FFF783FB4023CF
:108610002560E365204600F05BFA003818BF0120B2
:1086200038BD0120704700BF70B5056EA4B0044688
:1086300004AEE5B90122002362603046CDE9003383
:1086400002AA294600F010FA10B1012024B070BD32
:108650002A4602A9204600F063FA0028F5D12046F8
:1086600000F074FB0028F0D1206624B070BD802D8E
:108670002A4600F1640128BF80223046FFF746FBFE
:10868000256ED7E7002800F0AE802DE9F04F1446A4
:10869000A5B0002A3DD00F46002949D0B2F5803F51
:1086A0000546006E20D34FF6FF7805F1640AEB6DA6
:1086B0001A1AB2FBF3F103FB1122002A65D183429F
:1086C000B9464FF6FF7672D0B6FBF3FB03FB0BFB0C
:1086D000BBF1000F30D1002E45D1A4F57F44FF3C03
:1086E000B4F5803F4744E2D2EA6D161AB6FBF2F3C6
:1086F00002FB1366A64228BF2646002E75D1824291
:1087000000F08D80B4FBF2F602FB06F62EB9002CC9
:1087100079D1002025B0BDE8F08F0023CDE90033EA
:1087200002AA3146384600F09FF9002800F09580F3
:10873000012025B0BDE8F08F0023CDE9003302AA67
:108740005946484600F090F90028F1D102A95A464E
:10875000284600F0E5F90028EAD1A6EB0B06286EC2
:10876000D944002EB9D01930494605EB8000324675
:10877000FFF7CCFAA4F57F44286EFF3C3044B4F5F3
:10878000803F4744286692D2AEE7424528BF424622
:10879000504439461646FFF7B9FA286EEB6D30445F
:1087A000834207EB06092866A8EB06068CD1802BCE
:1087B00028BF80231A46514604A8FFF7A7FA0023D2
:1087C000CDE9003302AAE96D04A800F04DF90028B4
:1087D000AED1EA6D02A9284600F0A2F90028A7D17F
:1087E000EB6D286670E70120704705F16403394698
:1087F00032461844FFF78AFA286EEA6D3044A41B0B
:10880000374428667BE72B6E193305EB830022463D
:108810003946FFF77BFA2B6E23442B6679E7802AD3
:1088200028BF802205F1640104A8FFF76FFA002336
:10883000CDE9003304A8E96D02AA00F015F900287B
:108840007FF476AFEA6D02A9284600F069F90028A6
:108850007FF46EAFEA6D286654E702A932462846D7
:1088600000F05EF900287FF463AF3744A41B4EE7A5
:10887000F8B51C46054611480E461746FFF744FE5C
:1088800021460E48FFF75AFE044620B10B48FFF779
:108890004FFE2046F8BD094832462946FFF762FEE2
:1088A00004460028F2D139460448FFF785FE044605
:1088B0000248FFF73DFE2046F8BD00BFBC8F0020F8
:1088C00030B583B01C2301A90546019300F032F8AE
:1088D000044638B9019B1C2B07D0144C1C21284698
:1088E000FFF718FA204603B030BDD5E90112131E78
:1088F00018BF012300392A6818BF01219B0043EAF1
:108900004103002A18BF43F00103EA680120E8612F
:108910002AB9C5E90834002BE4D1054CDEE743F061
:1089200008032046C5E9083403B030BD370CF00019
:108930000E0CF00018B111B10B681C2B01D00120F6
:1089400070474FF08053D3F8102C013214BFD3F886
:10895000102C41F25C224FF080530260D3F8142CAB
:10896000013214BFD3F8142C41F664124FF0805337
:108970004260D3F8182C013214BFD3F8182C40F6FB
:10898000D8624FF080538260D3F81C2C013214BFA0
:10899000D3F81C2C41F288324FF08053C260D3F8D8
:1089A000002C013214BFD3F8002C90224FF08053DA
:1089B0000261D3F8042C013214BFD3F8042C5122E5
:1089C0004FF080534261D3F8082C013214BFD3F822
:1089D000083C40F2373383610020704708B50146F8
:1089E0004FF48060FFF71EF9034B0022C3F8C82143
:1089F000C3F82C2108BD00BF00B002500138072881
:108A000005D8DFE800F0100E040A04040406074845
:108A10007047CB684B62002070478B684B62002028
:108A200070474B68F6E70B68F4E700BF310CF100C4
:108A30000B6802E0082B0B6006D8026A13424FEA6B
:108A40004303F7D00020704700487047310CF10015
:108A5000044B0022C3F82C214FF48060C3F8C421DA
:108A6000FFF7C6B800B00250F0B583B01D46B0F1B4
:108A7000005F4FF000038DF8073024D38C46844408
:108A8000BCF1804F04461ED817460DF107030122A2
:108A900000F064FE0646B0B9099A9DF807303C60C4
:108AA0003B7192B14DB1024608990DF1070328467A
:108AB00000F054FE38B99DF80730099A3046156029
:108AC000137103B0F0BD4FF47506304603B0F0BD2E
:108AD000D8B108B50368012B04D0022B0FD043B1E5
:108AE0000B4808BD0B4920220830FFF70FF9002082
:108AF00008BD094914220830FFF708F9F7E70749CC
:108B000020220830FFF702F9F1E74FF473007047B5
:108B10000100F30044340300843403006434030090
:108B20002DE9F843002900F0F9800446002800F000
:108B3000F980036890460F46002B00F0C380013B8C
:108B4000012B00F2D78079484FF0FF314FF0020936
:108B5000FFF7F8F8002840F0BF800020FFF722F967
:108B60000646002840F0C280714AD2F81C39002B1A
:108B7000FBD16F4DD5F8203C002BFBD14FF0FF30DF
:108B8000FFF736F8D5F8040A20F04000FFF73EF86A
:108B900001230722C5F81838C5F80029C5F8C437DD
:108BA000A36CC5F8CC37E36CC5F8D037C5F8C097CF
:108BB00023685BB1013B012B18D8636AC5F85C36AA
:108BC000236AC5F85836E369C5F85436584BA2698C
:108BD000C3F850266269C3F84C262269C3F84826B8
:108BE000E268C3F84426A268C3F84026504AD2F887
:108BF0001039002BFBD1B8F1000F5FD06368012B57
:108C000008BFC2F884364A4B3A68C3F8282C402083
:108C1000C3F82C8CFFF700F80646454AD2F8103905
:108C2000002BFBD1424AD2F8203C002BFBD1236819
:108C30005BB1013B012B18D8D2F85C366362D2F8E5
:108C400058362362D2F85436E361394BD3F85026B4
:108C5000A261D3F84C266261D3F848262261D3F88A
:108C60004426E260D3F84036A360314AD2F8CC17EC
:108C7000A164D2F8D017E16400230121C2F8C4171F
:108C8000C2F88436C2F8C837D2F81039002BFBD1AD
:108C9000C2F81838002E3BD1254BD3F8040A40F017
:108CA0004000FEF7B3FF0120FFF77CF860BB1F48D0
:108CB000FFF750F810BB3046BDE8F8830423C2F834
:108CC000C837AAE719484FF0FF314FF00109FFF705
:108CD00039F800283FF441AF1648FEF729F9002083
:108CE000FFF760F8064600283FF43EAF1248FEF753
:108CF0001FF939E7114E3046BDE8F8831048FEF7FA
:108D000017F93046BDE8F8830E48FEF711F9CEE7B3
:108D1000102104F10800FEF7FDFFBDE70A4E3046C2
:108D2000BDE8F8834FF47306C5E700BFC00A002012
:108D300000B0025078330300903303000100F300C9
:108D4000D0330300B03303000300F30098B370B4D2
:108D5000D0E90241D0E9042326BA0DBA14BA19BAEF
:108D6000D0E9062312BAC0E904418261D0E9084281
:108D7000C0E902651BBA25BAC0E9073514BAD0E9C3
:108D80000B23816A12BA09BAC0E90941C262D0E96B
:108D90000D421BBA25BAC0E90C3514BAD0E910232C
:108DA000C16B12BA09BA1BBAC0E90E41C0E910235F
:108DB000002070BC70474FF473007047002847D004
:108DC00090F83C30002B34D0032B10B513D0224840
:108DD000224C2268224B1268C3F800242268526891
:108DE000C3F8042422689268C3F808242268D26871
:108DF000C3F80C2410BD016B006C184C00F0A8FBEC
:108E00000028E6D12268164B1268C3F800242268B5
:108E10005268C3F8042422689268C3F808242268C0
:108E2000D268C3F80C2400F0A1FB0028D1D10020A7
:108E300010BD0B4B0269C3F800244269C3F8042437
:108E40008269C3F80824C269C3F80C240020704763
:108E50004FF47100704700BF0900F100AC0A002018
:108E600000B00250374A38B50446D2F81039002B0A
:108E7000FBD1344AD2F87034002BFBD1314AD2F8FE
:108E8000203D002BFBD12F4AD2F8203C002BFBD1F8
:108E90002C4AD2F8383D002BFBD12A4DD5F8383C6E
:108EA000002BFBD14FF0FF30FEF7A2FE636BD5F82D
:108EB000040A23F00403032BE36D39D0012B0CBF0C
:108EC00020F0800020F02000FEF7A0FE1D4A0123C4
:108ED000C2F80039D2F81039002BFBD1194AD2F868
:108EE0007034002BFBD11749C2F8BC34D1F81039CB
:108EF000002BFBD1134AD2F87034002BFBD1626BEC
:108F000022F00401032918BFA36B0E494FEA820225
:108F100018BF03F0010302F01C021A43C1F8C02479
:108F2000636B072B04BF0123C1F87C34002038BDDC
:108F3000012B0CBF20F0400020F01000FEF766FE71
:108F4000C4E700BF00B00250094A0A4B1168096823
:108F5000C3F8001411684968C3F8041411688968DB
:108F6000C3F808141268D268C3F80C24704700BF15
:108F7000AC0A002000B002502DE9F04F85B0002966
:108F800000F0EC809046002A00F0E88005460028BA
:108F900000F029819946C36D0E46002B52D1B9F5D8
:108FA000805F54D295F83C30042B00F0FF800027FE
:108FB000AD484FF0FF31FEF7C5FE002840F0D580E8
:108FC0000020FEF7EFFE002840F0D880A7480123DC
:108FD000C0F81038D0F81049002CFBD16B6B032B74
:108FE0003ADC002B3BDAA24CA04AD2F81039002B15
:108FF000FBD1002F40F0D1806B6BEA6D23F00403AE
:10900000032B9A4BD3F8040A00F09F80012A0CBF6F
:1090100040F0800040F02000FEF7F8FD934B002266
:10902000C3F810280120FEF7BDFE002840F0B180F3
:109030008D48FEF78FFE002840F0A480204605B042
:10904000BDE8F08F012BADD1B9F5803FAAD3894C93
:10905000204605B0BDE8F08F063B012BC3D8AB6BB3
:10906000012B00F2BE80EB6D012B7CD82B6E012B07
:1090700000F2E8802846FFF7F5FE04460028B3D149
:109080002846FFF79BFE04460028ADD16B6B072BEB
:10909000A9D801229A4012F08A0F40F0D58012F030
:1090A000440F40F0BA80D2079DD523F00403032B70
:1090B00032680DD02B6ED8F80010012B6B4B0BBF14
:1090C000C3F8281DC3F8301DC3F82C9DC3F8349D88
:1090D000EB6D012B654B0BBFC3F8282CC3F8302C6C
:1090E000C3F82C9CC3F8349C6B6B23F00403032B54
:1090F00000F0A2802B6E012B14BF20208020FEF7F1
:109100008BFD044600287FF46FAF584BD3F810490D
:10911000002CFBD1696B072914D801228A4012F078
:109120008A0F40F0BB8012F0440F0BD0D3F86024BC
:109130002A60D3F864246A60D3F86824AA60D3F85C
:109140006C34EB600123AB654EE7012A0CBF40F0A5
:10915000400040F01000FEF759FD5FE7464C204606
:1091600005B0BDE8F08F454C3EE74548FDF7E0FE11
:109170000020FEF717FE00283FF428AF4148FDF716
:10918000D7FE23E74048FDF7D3FE204605B0BDE8F3
:10919000F08F3E48FDF7CCFE4AE7042385F83C30CB
:1091A000202105F11000FEF7B5FD25E7296B286C9D
:1091B00000F0C0F998B9364F2C4C3B681B68C4F8D6
:1091C00000343B685B68C4F804343B689B68C4F8AF
:1091D00008343B68DB68C4F80C34296B31B10127D3
:1091E000E6E62C4C00E74FF4710427E72B6D019362
:1091F000EB6C009305F1100A4FF0100BCDF808A0AE
:10920000CDF80CB0D5E91123286C00F0B9F900288D
:1092100051D1002385F83C30E1E7144B2A68C3F8AC
:1092200060246A68C3F86424AA68C3F86824EA68FA
:10923000C3F86C246B6B38E7EB6D012B14BF102067
:1092400040205CE7144CCFE6084B2A68C3F8402462
:109250006A68C3F84424AA68C3F84824EA68C3F8D3
:109260004C246B6B21E700BFC00A002000B0025005
:109270000100F1000500F1000B00F1000300F10016
:109280007833030090330300D0330300B03303007E
:10929000AC0A00200200F1000400F100D3F84024E1
:1092A0002A60D3F844246A60D3F84824AA60D3F82B
:1092B0004C34EB6046E73B681B68C4F800343B68FD
:1092C0005B68C4F804343B689B68C4F808343B68A6
:1092D000DB68C4F80C3459465046FEF71BFD98E78E
:1092E0002DE9F04109B302B30446002800F0AF8035
:1092F0001D46436B072B0E461BD05DB9032B10D1C7
:10930000836D73B900F1640345668566C5660567BC
:109310000B6010252B4631462046BDE8F041FFF793
:109320002BBE2F463846BDE8F081764F3846BDE863
:10933000F081C36D002B40F08D80B5F5805F80F02B
:1093400090801DB9A36D002B40F08B806E484FF0CC
:10935000FF31FEF7F7FC002840F08F800020FEF779
:1093600021FD002840F08580684A0123C2F81038AA
:10937000D2F81039002BFBD1636B032B4FDD063B7A
:10938000012B4ED8A36B012B6DD8E36D012B78D840
:10939000236E012B77D82046FFF764FD074600288F
:1093A00040D12046FFF70AFD074600283AD1626BFC
:1093B000072A36D80123934013F08A0F40F08180AA
:1093C00013F0440F6FD1DB072BD5504B0122C3F8AC
:1093D0007C24C3F8BC543168002D56D1A16D09B965
:1093E000C3F82425494BD3F81079002FFBD1616BCA
:1093F000072917D801228A4012F08A0F6FD112F084
:10940000440F0FD0D3F860242260D3F86424626044
:10941000D3F86824A260D3F86C34E36002E0002B38
:10942000B0DA3B4F394AD2F81039002BFBD1C2F8E1
:1094300010380120FEF7B6FCB8B93348FEF78AFCB5
:1094400000283FF46FAF3348FDF772FD6AE74FF431
:10945000710767E7012B7FF474AFB5F5803FFFF428
:1094600070AF2D4F5EE72D4FDCE72D48FDF760FD17
:10947000E3E72C48FDF75CFD76E72B48FDF758FD48
:109480006CE72A4FCEE72A4FCCE7E26D012A33D0B2
:10949000C3F8301C1020C3F8345CFEF7BDFB074650
:1094A00000289FD0BEE7194B2268C3F86024626889
:1094B000C3F86424A268C3F86824E268C3F86C2483
:1094C00083E7124B2268C3F840246268C3F844243F
:1094D000A268C3F84824E268C3F84C2475E7D3F8BF
:1094E00040242260D3F844246260D3F84824A26068
:1094F000D3F84C34E36095E7C3F8281C4020C3F848
:109500002C5CCAE70B00F100C00A002000B002503A
:109510000100F100D03303000500F1000200F1006A
:10952000B033030090330300783303000300F100ED
:109530000400F10029B9044B002814BF184600208C
:1095400070470248704700BF0100F7000300F700B2
:1095500029B9044B002814BF184600207047024860
:10956000704700BF0100F7000300F700034B002025
:109570000122C3F8380AC3F87824704700B00250BB
:109580002DE9F047CCB00024579DDDF85881824684
:1095900089461646214674220EA81F4608F07BF81D
:1095A000802221462CA82B9408F075F88423B5F569
:1095B0007F6FCDE90A44CDE90C44059363D8FFF7EA
:1095C000C3FC05AB30462BAE01930295DDE9542375
:1095D0003946009600F062F800284FD103238DF839
:1095E00013309DF813308DF87430072300221C903F
:1095F00010210EA81B9301240123CDE92423CDF8CB
:109600006890CDF878A026940DF12009FEF782FB32
:10961000102200920599CDF804900AAB304606AAB4
:10962000FFF722FA074670B11DE00EA908EB07000C
:10963000FEF76CFB10210EA8FEF76CFB0134AD1B8E
:109640003744E4B224D0102D4A46059B8DF8AC4037
:1096500006A90EA82E4628BF1026FFF741FE324667
:109660000028E2D007460EA874220021FEF750FB26
:10967000FFF76AFC38464CB0BDE8F087054F384626
:109680004CB0BDE8F087044F38464CB0BDE8F087D9
:109690002F46E8E70E00F1000F00F1002DE9F04140
:1096A00082B01E460A9D0023B5F57F6F01933ED818
:1096B000ED00B5F5807F174601F1FF3234BF03237B
:1096C00004233F2A0C46009331D880B366BB089A26
:1096D0006AB3099A116851B3A2191344994226D367
:1096E000089B01462246581CFEF710FB089B04F11C
:1096F00002081C440023637026BB089B0095FF2DC5
:1097000003EB080017D92B029BB243EA1523022270
:1097100001A90193FEF7FAFA08F10203099A002061
:10972000136002B0BDE8F0810FB1402ECFD90A48D6
:1097300002B0BDE8F08101226946FEF7E7FA08F1C0
:109740000103EBE7089B324603EB08003946FEF7BE
:10975000DDFAB044D1E700BF060000800020187099
:10976000704700BF0CB430B589B005460C461C22CA
:10977000002101A807F08FFF02238DF806300E4B61
:109780000293059523462CB1B4F1004F28BF4FF04A
:109790000043013B1D440DAA0C99069501A80092B7
:1097A00000F0A8F814B1059B00221A7009B0BDE8BA
:1097B000304002B0704700BFDB1A03002DE9F041D2
:1097C00001260746B24201DCBDE8F0813B461F4658
:1097D00013F8014B002CF7D0252CF8D11C78252C40
:1097E00007F10207F2D00023DFF804819C461D46F2
:1097F0001F2D18D8A4F1200EBEF1100F09D9A4F125
:10980000300EBEF1090F1ED80A2404FB03E3202505
:1098100004E028FA0EFE1EF0010F06D017F8014BE7
:10982000002CE5D128E07F2D1CD8A4F1300EBEF12C
:10983000090FE9D9242C10D1BCF1000F46D0B34256
:1098400046D00023EAE724F0040EBEF12A0FF8D038
:109850006C2C09D145F08005E0E724F0040EBEF140
:109860002A0FEED06C2C22D06C2C1BD8682C23D065
:109870006A2C28D04C2C26D0BCF1000FA4D0B445C3
:10988000A0D144F02007A7F1650CBCF1020F0B68D2
:1098900001D9612F1ED1073323F0070308330B6072
:1098A00001368EE7742CB9D07A2CB7D0E4E72C06B9
:1098B00048BF45F40075CDE7EC0548BF45F4007599
:1098C00045F48075AAE745F42075A7E79C46B8E7FC
:1098D0006324D6E7692C02D007D8632C03D02F0667
:1098E00001D5AC05D7D40433D9E7732CF6E700BF14
:1098F000892801002DE9F04F93B0436801938378E4
:1099000080469807CDE9061217D50B920B46002525
:109910001F78A7B1252F16D001330593019B41462F
:1099200038469847002805F1010580F2528498F8DE
:10993000023043F0040388F802304FF0FF35284628
:1099400013B0BDE8F08F5F789A1C252F0592E5D003
:1099500000242646A246A346BBF11F0F32D8A7F12A
:109960002003102B0AD8DFE803F02409092A09098B
:10997000091B09090922092709091900A7F1300360
:10998000092B2DD92A2F39D154B90B9B1BF0400F2D
:1099900053F8042B0B9329D0164601E04BF0010B32
:1099A000059B13F8017B0593002FD5D15BE04BF0AD
:1099B000020B4BF0040BF3E74BF0080BF0E74BF016
:1099C000100BEDE7BBF17F0F3FD8A7F13003092B58
:1099D000D8D81BF0400F03D00A2202FB0636DFE77F
:1099E0000A2202FB0A3A4BF0200BD9E7B2F1000A37
:1099F000F9DACAF1000A4BF0280BD1E72E2F05D176
:109A00001BF0400F9BD14BF0400BC9E7242F1CD11A
:109A1000002C00F04381079B0B931BF0400F0AD1F1
:109A2000524606980BA9FFF7C9FE0B9B1A1DD3F8E7
:109A300000A00B92B4E7324606980BA9FFF7BEFED2
:109A40000B9B1A1D1E680B92AAE76C2F00F0138166
:109A500000F20A81682F00F016816A2F00F01B8146
:109A60004C2F00F0188134B1079B06980B932246C7
:109A70000BA9FFF7A3FE002E47F02003B8BF2BF081
:109A8000400B0293A3F16503BCBF1FFA8BFB0026BA
:109A9000022B40F20881029B612B40F08382FF433E
:109AA00007F0200304930B9B073323F0070303F114
:109AB00008021BF0400F93ED000B0B9218BF3146CC
:109AC000049A08BF4FF0FF310CA807F046FF431C73
:109AD000DBB24BF4C0540393DDF83090702306469C
:109AE000A3460127029309F10903122B0CD909F1AE
:109AF0006303C62B40F2118109F2E73340F2CE72C4
:109B0000934294BF032704279DF8342002F00C03EE
:109B100012F0010240F01C811BF0020F40F0158191
:109B20001BF0040400F0FB80002B40F01481202384
:109B30001BF4405F21D1039A4832002E6A4408BFCB
:109B40000126133A039921B112F8011D302900F0C2
:109B500039811BF0100F039A18BF324619F1040F18
:109B6000C0F23581B14580F232814A454BF4005B49
:109B700040F32F8109F10106961B1BF40052089255
:109B800000F0298129EAE974013403B10134002E7F
:109B900000F02881721C1444A245CCBFAAEB040437
:109BA00000241BF0090F04D12C44A54240F01F8172
:109BB000002443B118464146019B9847002805F10F
:109BC0000105FFF6B4AE1BF4006F13D0019B4146B4
:109BD000302098470028FFF6AAAE049BC3F1780016
:109BE0004146019B00F0F8009847002805F1020566
:109BF000FFF69DAE1BF0080F05D12C44AC4240F09F
:109C0000028125460024089B002B00F02C8129EAC4
:109C1000E97AA9EB0A027642039B0292934284BF3F
:109C20000CABD3180AF1FF3A8CBF58793020564557
:109C300005F1010700F3F180019B41469847029A24
:109C4000002802F10102FFF672AEBAF1FF3F09D11E
:109C5000019B029241462E2098470028FFF667AEEE
:109C6000029AAF1C3D46D7E7742F3FF499AE7A2F86
:109C70003FF496AEF7E61BF0800F18BF4BF4007B65
:109C80004BF0800B8CE61BF4807F18BF4BF4007BFD
:109C90004BF4807B84E64BF4207B81E62646B3467A
:109CA0005446B2467CE6FF4307F0200304930B9B27
:109CB000073323F0070303F1080293ED000B029B27
:109CC0000B921BF0400F08BF0626652B11D1711CAB
:109CD0000022C9B24BF4805B1346112928BF112121
:109CE0000CA800F015FBC3B2DDF8309003930227F7
:109CF000F9E6029B662B05D14BF4005B334601224B
:109D00001121EAE7F1B201294FF000024FF065009E
:109D100038BF012113460290DFE70227F4E6002B4B
:109D20003FF406AFBAF1030F3BDC9DF834309B4E95
:109D300013F0080F9A4B08BF1E46B1464F4619F85C
:109D4000010BB0BBAE1B374488E033BB2B23EFE6DF
:109D50002BBB2D23ECE62022BAF1040F13DD1BF000
:109D6000080FAAF104040FD12C44019B0292414632
:109D700020209847002805F10105FFF6D8ADA5423F
:109D8000029AF2D19AB10024019B414610469847AD
:109D9000002805F10105C8DAC9E52B22DCE72D22F0
:109DA000DAE71BF0080FAAF10304BED1DCE7144682
:109DB000BBE7049BC01A4146019BC0B298470028EC
:109DC000BCDAB4E503990139C9B20391BAE6561E6B
:109DD000D3E60026D1E61BF4006F0CBF0324052454
:109DE0003C44D2E61BF0100F18BF0134D4E60993AF
:109DF0004146019B202098470028099B05F1010559
:109E0000BFF6D3AE93E5019B41463020984700282A
:109E100005F10105BFF6F2AE89E5D1450AD19DF8FD
:109E20003530352B1DD805D19DF8343013F0100F87
:109E300008BF3120019B414698470028FFF677ADC7
:109E40001BF0100F0AD0BAF1FF3F07D1AF1C4146FB
:109E50002E20019B98470028FFF669AD3D463C4403
:109E60003EE23120E6E79DF8350031281EBF9DF81F
:109E7000343023F010038DF834304146019B98476D
:109E80000028FFF654AD002E6BDD019B41462E20CD
:109E900098470028FFF64BAD4FF0010A039B9A4507
:109EA000BBBF0CAB534430205879019B41469847C7
:109EB0000028D346FFF63BAD0AF1010A5645EDDA1C
:109EC00002355D44029B049A981A4146019BC0B238
:109ED00098470028FFF62BADB9F1000F04DB4ED1F7
:109EE0009DF83430DB064AD5C9F100092D20019BCD
:109EF000414698470028FFF61AAD042F41D14FF490
:109F00007A7799FBF7F606F13000019B4146C0B223
:109F10009847002805F10305FFF609AD07FB1699E0
:109F2000642799FBF7F606F13000019B4146C0B269
:109F30009847002805F10105FFF6F9AC07FB1699D3
:109F40000A2799FBF7F606F13000019B4146C0B2A3
:109F50009847002805F10105FFF6E9AC07FB1699C3
:109F600015E01BF0100F01D10135ABE7019B414615
:109F70002E209847002805F10205A3DAD7E42B200C
:109F8000B5E7032F05F10205CAD0012FD8D109F199
:109F900030006F1C4146C0B25BE700BF5E6A030041
:109FA000A2470300A7F16303122B00F2FB80DFE856
:109FB00013F013005300F900F900F900F900530001
:109FC000F900F900F900F900F9001301F400F900B3
:109FD000F9002800F900B5000B9B1A1D1B680B92B5
:109FE0008DF8303001240CAF1BF0080F2AD007EB9E
:109FF00004093E464E4527D1EF1B3744AAEB040423
:10A000002CE70B9B1A1D0B921F68AB4B002F08BF50
:10A010001F461BF0400F14BF31464FF0FF3138464A
:10A0200007F070FB0446DFE7019B4146202098477C
:10A030000028FFF67CAC013EB442F5D35544AD1B7D
:10A04000B246D4E75646F7E716F8010B019B4146A6
:10A0500098470028CEDA6AE41BF0800F0B9B35D0BE
:10A060001BF4007F2DD0073323F00703D3E9000151
:10A0700003F108020B922BF0100900291FFA89F94D
:10A0800036DA404261EB410149F480690DF1300B51
:10A090000A235A4607F042FB19F0400FA0EB0B0BC6
:10A0A00065D029F001025E4592B240F3B280002FE4
:10A0B00000F0A98019F010033446914626D00234EE
:10A0C0005CE01A1D18680B92C117D4E71A1D1BF427
:10A0D000807F19680B9201D10846F5E71BF4007FD9
:10A0E00015BF48B208B241F3C01141F3C031C2E715
:10A0F00050EA0103CAD11BF0400FC7D0002EC5D1D2
:10A100002BF0110B1FFA8BF93446B34640F206438D
:10A1100019EA03031CBF013400232FE02BF0100BBE
:10A120001FFA8BFB0A231BF080040B9A57D01BF4F9
:10A1300000711DBF073222F0070202F10801101D55
:10A1400019BF0B91D2E900010B90106850EA01028F
:10A1500052D12BF016091BF0400F1FFA89F94FD08E
:10A16000002E4DD12BF0170B1FFA8BF9B34619F0C7
:10A17000100352D0002F4ED10BF1010419F0080F3B
:10A180005ED119F0010F06D0A2456DDDAAEB0404E3
:10A1900004EB0B06544622464DE04BF0100B102307
:10A1A0007827C0E7029B782B04D1C7F1780343F0EE
:10A1B0001003B8E7019B4146252098470028FFF689
:10A1C000B6AB019B4146384698470028FFF6AFAB37
:10A1D0000235059BFFF79CBB08230027A3E7111D51
:10A1E0000B911BF480711068B0D01BF400711ABF82
:10A1F000C0B2214680B2A9E72BF0060B1FFA8BF9FB
:10A200000DF1300B45E729F011091FFA89F93446A1
:10A210007CE79146ABE75C4651E75C4676E7CDE9E3
:10A2200002234146019B202098470028FFF67FAB80
:10A23000029A039B01329245F1DC2C1BA5181446AF
:10A24000EBB1019B4146302098470028FFF66FABE9
:10A2500067B901352F462E44F31B5B4521DC5D4673
:10A260000CAE5DBB5F44C9E65E4694E702354146ED
:10A270003846019B98470028ECDAFFF758BB40F2BC
:10A28000064319EA030FE5D019F0020F14BF2B2083
:10A29000202019F4806F05F10105414618BF2D20DB
:10A2A000E7E7019B414630209847002807F1010766
:10A2B000D2DAFFF73CBB00BF626A0300013D019B9D
:10A2C000705D414698470028CBDAFFF730BB019B11
:10A2D000414620209847002805F10105FFF627ABED
:10A2E000631B002BF3DC74E71FB502AB0093074A36
:10A2F0004FF0CC3307F0F7FADDE90201C00840EA7D
:10A300004170C90805B05DF804FB00BFCDCCCCCCD2
:10A310002DE9F04F55EC104B9DB0CDE90B122A46BC
:10A320000D93290DC5F31303D20FC5F30A550790FA
:10A330008DED050A0A9275B922461A431BD13023C6
:10A3400043710A9B056043F00203037101273846FD
:10A350001DB0BDE8F08F40F2FF7295424DD1059AD5
:10A3600013430A9B079A14BF43F0080343F0040306
:10A3700013710027EBE7059AB24D02F00102099232
:10A38000059A4FEA830848EA9278970001229A4694
:10A390001646C5F1000B5846089200F015FAB5F1C3
:10A3A000FF3FACBF8146A0F10109ABEB090B09EB04
:10A3B00005035846069300F00DFA18A9A0F17D0593
:10A3C000584600F027FA14AB089A0193A9EB05054B
:10A3D00012AB0292009305982B4618AA514607F03B
:10A3E000C5F9B9F1010F04460D4600F2D880099B6A
:10A3F000002B40F0CB8001276FE0059A02F00102AC
:10A400000992059A43F4801A4FEA8A081343A5F289
:10A41000354548EA92784FEA82074BD140F2FE7305
:10A4200019420CBF01260026002D3246B1DB28461A
:10A4300000F0C4F90346032DC8BF013B184606933C
:10A4400000F0C8F9069B7C305D1B054418A918462E
:10A4500000F054FA14AB019312AB009305980296E6
:10A460002B4618AA514607F081F9069B152B044686
:10A470000D4600F2888016AB734A009338464FF0C1
:10A48000CC33414607F02FFA169B179A9B0843EAF4
:10A49000827303EB8303BB42DDE9129A0CD1384689
:10A4A000414600F09FF9069B83428CBF002701279D
:10A4B000002612E00126B7E7099B002B53D1013F8C
:10A4C00048F1FF31B81B61F1000100F08BF9069BE8
:10A4D000099F83428CBF002601260C9B002B40F075
:10A4E0009280DDF82CB04FF00008CDF82080CDF838
:10A4F00014804FF00A0ADDE91201FFF7F5FE149B04
:10A500001093CDE90E0118461599FFF7EDFE0E9B4D
:10A510000F9A119198420B469341814680F08D80AD
:10A5200020462946FFF7E0FE109A0AFB09F3934202
:10A5300014BF002606F001060E9B12930F9BCDE977
:10A540001339119B1593089BB8F1000F14BF002716
:10A5500007F0010701330AFB10485FFA88F80893F7
:10A5600004460D46C7E7B81C48F1000100F03AF96F
:10A57000069B83428CBF00200120B9EB00006AF1EA
:10A580000002CDE9120200273E46A6E7129B139A6D
:10A59000013B42F1FF32CDE91232012788E7B9F1E0
:10A5A0003E0FF0D84FF0FF33A9F1200003FA09F273
:10A5B00003FA00F0C9F1200123FA01F102430A4332
:10A5C00003FA09F327EA030728EA020857EA08070B
:10A5D0000CBF012700276BE700FB02FCA1FB001268
:10A5E000013362448C4275EB020CF5D2069A134497
:10A5F0000D9A1344012B0B9AB8BF01239A42A8BFAE
:10A600001A4693466FE70A21002201230846E9E72C
:10A610000AFB03F0A2FB0A2301310344944275EBC9
:10A620000300F5D2594511DDBBF1000F02D154EA08
:10A6300005030BD00123059372E70A2200230121B1
:10A64000ECE700BFCCFBFFFFCDCCCCCC7EB34FF012
:10A650000A0A149B15990F931846FFF745FE0F9BA6
:10A660000E910AFB00F29A42814620D1DDE91201E7
:10A67000FFF73AFE10900F9120462946FFF734FE6F
:10A680000F9B109A1292CDE913390E9B1593089BDC
:10A69000B8F1000F14BF002707F0010701330AFBD0
:10A6A00010485FFA88F8089304460D46D1E7069BE8
:10A6B000089A13449946002F58D0B8F1050F55D188
:10A6C00014F0010348D1059A32B9DDE914239D4203
:10A6D00008BF94425DD0059B18194FF00A0445F15C
:10A6E0000001002201262546A04271EB020753D249
:10A6F000E3B1B3451ADA0C9B63B10D9A06EB09037B
:10A700001A4422EAE2730B9A9A42A8BF1A4696426A
:10A7100093460BDD05304FF00A024FF0000341F184
:10A720000001D6F761F909F10109013E5E45A8BFB4
:10A730005E4637B20FFA89F9079B09FA86F607F1E8
:10A740000508013E98444FF00009B9452BDB079BF3
:10A750000A9A1E601A71FAE5059B2BB9DDE91423EC
:10A760009D4208BF944209D00123B5E7059B53B928
:10A77000DDE914239D4208BF944204D1099B002BBC
:10A78000F2D1002EF0D0B8F1040F94BF00230123C2
:10A79000A2E74FF00408F1E705FB02F7A4FB05422E
:10A7A00001363A44A0E70A220023D6F71DF93032D9
:10A7B00008F8012D09F10109C7E700BF014B584313
:10A7C000800C704741340100014B5843000D704725
:10A7D000FB2E0B00024B5843C00C0130704700BFEA
:10A7E0004F9312000A4A70B503464FF0CC36002052
:10A7F0004FF0333506FB03F402FB0144A3FB0231A7
:10A8000021449D4275EB010401D30130F2E770BD94
:10A81000CDCCCCCC2DE9F04F1A23354EB0FBF3FA5A
:10A8200003FB1A0389B004460D4606EB0A1653B91A
:10A83000D6E90023C1E90023D6E90201C5E90201F6
:10A8400009B0BDE8F08F2B4A02EBC303D3E90089BE
:10A8500004AB0093D6E902234046494607F043F88B
:10A8600006AB0093D6E9002383460F46404649468F
:10A8700007F039F8DDE9066216EB0B0652EB070824
:10A880004FF0000328BF0123814633B1049B059A92
:10A89000013342F10002CDE9043220460391FFF773
:10A8A00099FF07461A2000FB0AF0FFF793FF3F1AB3
:10A8B0003246434603990097484607F02FF84FEA7F
:10A8C000141C0D4A640004F01E0352F82C40DC40B6
:10A8D00004F00304241841F10001C5E90041DDE959
:10A8E000042300973046414607F018F8A6E700BF5A
:10A8F000F827030028270300983403002DE9F04FC0
:10A900001A27DFF8ECA000F11905B5FBF7F56F4346
:10A910003A1A4FEA051B89B004460E460AEB0515A4
:10A920000AD1D5E90023C1E90023D5E90201C6E92E
:10A93000020109B0BDE8F08F2B4B03EBC203D3E952
:10A94000008904AB0093D5E902234046494606F04E
:10A95000CAFF5AF80B206B68013ACDE9020106A93B
:10A9600063F1000300914046494606F0BCFFDDE973
:10A9700006528A4602996D18039952EB01084FF06E
:10A98000000328BF0123814633B1049B059A01339C
:10A9900042F10002CDE904323846FFF71BFF0746BB
:10A9A0002046FFF717FF3F1A2A46434600974846BE
:10A9B000514606F0B3FF4FEA141C0C4A640004F041
:10A9C0001E0352F82C40DC4004F003040134241828
:10A9D00041F10001C6E90041DDE904230097284662
:10A9E000414606F09BFFA2E728270300EC34030052
:10A9F000C8280300704700F024BFFBF71DBC70B5EA
:10AA000086B006460D46144600211822684606F018
:10AA100042FE69460020CDE90165ADF80C40F4F72F
:10AA2000A9F906B070BD10B5044628B300F500536F
:10AA30000022C3F8302AC3F8342AC3F8382AC3F8EE
:10AA40003C2AC3F8402A83F8442A00F529500830EC
:10AA500006F006F9014688B904F5295001221C3098
:10AA600006F09CF9014648B904F529500122BDE8D9
:10AA70001040343006F092B96FF01501084610BD51
:10AA80002DE9F84F00F5295980468A46934609F189
:10AA900008094FF0FF324FF0FF334846FAF776FED1
:10AAA000002608F500574FF0240C4FF4967E5E45C3
:10AAB000D7F8344AD7F8303A01D0A34210D103F581
:10AAC00096731B1B4FF49672B3FBF2F102FB11332A
:10AAD000C7F83C3A4846FAF71DFE3046BDE8F88F05
:10AAE0000CFB04840FCC0CFB06A50FC50FCC0FC5C7
:10AAF00023682B60D7F8343A0133B3FBFEF20EFB28
:10AB00001233C7F8343A0136D1E72DE9F84F00F592
:10AB1000295980468A46934609F108094FF0FF32C9
:10AB20004FF0FF334846FAF731FE002608F500578C
:10AB30004FF0240C4FF4967E5E45D7F8384AD7F88C
:10AB4000303A01D0A34210D103F596731B1B4FF48A
:10AB50009672B3FBF2F102FB1133C7F8403A484654
:10AB6000FAF7D8FD3046BDE8F88F0CFB04840FCC13
:10AB70000CFB06A50FC50FCC0FC523682B60D7F8BB
:10AB8000383A0133B3FBFEF20EFB1233C7F8383A02
:10AB90000136D1E700F05EBE00F053BE0023ECF7B3
:10ABA00063BCFBF749BB00F04CBE08B5EBF73CF8C3
:10ABB0004FF44040EBF738F8BDE808404FF4404010
:10ABC000EBF732B800F046BE00F03BBE0A448A42C2
:10ABD00000D1704711F8013B40BA80B25840C0F331
:10ABE00003134340180380B24340580100F4FF5060
:10ABF0005840ECE70A44914200D1704711F8013BFC
:10AC00005840C30983EA10135840030183EA400304
:10AC1000D8B2F0E72DE9F04706460D4617469846AC
:10AC20002BB398F8004093F80190DB78A40004EB74
:10AC3000430498F802301C4444444FF0000ACA45CB
:10AC400009D3D8F8042008F1080339463046AC4649
:10AC5000BDE8F047604714F8013B48F82340204620
:10AC6000EAF7A6FB013004440AF1010AE7E76FF0B6
:10AC70001500BDE8F08770B5002502462846144649
:10AC800014F8013B0BB9184609E098B18D4207D181
:10AC9000702B04D0A3F140023A2A0BD8002070BDDB
:10ACA000A3F140063A2E05D853780135941C002BA9
:10ACB000E9D00020252B08BF80F001002246DEE706
:10ACC000002070470FB407B504A951F8040B019197
:10ACD00000F03EFD03B05DF804EB04B0704700F0F7
:10ACE00037BD00EBC100408840087047F8B5034607
:10ACF000FFF7F7FFB0FA80F0C0F11F0003EB800C04
:10AD0000CA00DCF81060171D0C4606328DB256B929
:10AD1000012101FA00F0D9680143D960CCF8104054
:10AD2000DD539D52F8BDF1000431585AD85303EB5E
:10AD3000C0009E52C5805D52F4E710B500EBC1041F
:10AD4000E388994202F104010AD1012303FA02F2D5
:10AD5000C36823EA0203C360002340F8213010BD1A
:10AD6000A28840F8213000EBC20100EBC300CB8089
:10AD70008280F4E708B50346FFF7B3FFB0FA80F22C
:10AD8000C2F11F021846BDE80840FFF7D6BF2DE903
:10AD9000F843B1FA81F5C5F11F0900EB89080346B4
:10ADA000D8F810200E46C2B10327D8F81040184634
:10ADB0002146FFF796FFB04206D34A461846FFF7F2
:10ADC000BCFF2046BDE8F88303EBC404013FE088E4
:10ADD000C8F8100001D08242E7D1C5F120024FF03F
:10ADE000FF349440DA681440EBD094FAA4F2B2FA3B
:10ADF00082F2111D53F821402146DFE738B50346A2
:10AE0000FFF76FFF0D46044611461846FFF769FF2E
:10AE100003EBC5050444600068801846FFF761FF36
:10AE2000014423F8314038BD38B50346FFF759FFD8
:10AE30000C46A51A511A03EBC4040544480060806F
:10AE400003EBC2006C00448023F832101846114610
:10AE5000FFF747FF014423F8315038BD38B50546A8
:10AE6000FFF73FFF0C46014405EBC1035B88DA079F
:10AE70000AD42846FFF77EFF21462846FFF731FF18
:10AE800022182846FFF7BAFF35F83410611A05EB8F
:10AE9000C1035B88DB070CD42846FFF76BFF35F84E
:10AEA00034102246611A2846FFF7A8FF35F83430DF
:10AEB000E41A21462846BDE83840FFF717BF61B1C4
:10AEC00000680439091A21F007030344C9085A88A5
:10AED00022F001025A80FFF7C1BF704770B50568C4
:10AEE00009B9002070BDAB68B3EBD10FF9D90B31B4
:10AEF000CC0821462846FFF74AFF06460028F0D036
:10AF000001462846FFF7EDFEA04207D93219284630
:10AF1000FFF78AFF11462846FFF7E8FE05EBC60259
:10AF20001046538843F0010353800430DAE72DE9DB
:10AF3000F84301F1FF3919EA010906680F46144682
:10AF40000CD04B420B40042B1A464F4628BF04221C
:10AF5000994664B900252846BDE8F883042904D839
:10AF6000BDE8F8431146FFF7B9BF0422F1E7B36823
:10AF7000B3EBD40FEED904F10B013944891AC90897
:10AF80003046FFF704FF80460028E3D009F10405AE
:10AF900005EBC0057B1E35441D44B5FBF7F57D432D
:10AFA000A5EB09052C442B1F07349B1B24F0070439
:10AFB000A41BB0EBD30F4FEAD3074FEAE40408D247
:10AFC00001463A463046FFF72FFF41463046FFF72D
:10AFD0008DFE39463046FFF784FE3844844207D25E
:10AFE00030462246FFF720FF21463046FFF77EFE1F
:10AFF00006EBC706738843F001037380ABE7043A9E
:10B000002DE9F041CC1D114424F0070421F0070183
:10B010000E1BF708B7FA87F2C2F12405AD004FF016
:10B0200000080735C2F12002ED0804604146A76020
:10B03000C4F80C80920004F1100006F02CFB6B00A9
:10B0400043F00103638004EBC5027B1B5900A4F8A5
:10B0500000805180A21924F83550A2F80280A35331
:10B0600004EBC70329465A8842F001025A80204661
:10B07000BDE8F041FFF73ABE038B13F0070305D19B
:10B080000368002B0CBF002003207047022B05D162
:10B09000408BB0FA80F0400980007047012B05D149
:10B0A0000368002B0CBF002005207047002070476C
:10B0B00010B50C4600B111B96FF0150010BD081D98
:10B0C00000F096F80028F9D1A368032BF6D9F3E72E
:10B0D0002DE9F0410D4607461946281D90461E46AB
:10B0E00000F09AF8044638B13346424629463846BD
:10B0F000A446BDE8F0416047BDE8F08110B44FF0D0
:10B100004004EFF3118284F31288BFF36F8F416123
:10B110005DF8044B0121EBF7E7BD38B50C46054659
:10B1200058B151B10B6843B14B6833B11C220021B7
:10B1300006F0B1FA2C61002038BD6FF01500FBE776
:10B1400070B505460E46FFF7B3FF041E15DB4FF042
:10B150004003EFF3118283F31288BFF36F8F6B8B81
:10B160002C8B4FF6FF718B4204F0070407D182F35A
:10B170001188BFF36F8F6FF00A04204670BD022C58
:10B180000CD101336B8382F31188BFF36F8F0023DF
:10B19000224631462846FFF79BFFEEE7062C14D8DF
:10B1A000DFE804F004131313041A040000233360CF
:10B1B0006B683BB9C5E90066ACB902212846EBF7DC
:10B1C00093FDDAE71E606E60F6E782F31188BFF345
:10B1D0006F8F6FF00404D0E782F31188BFF36F8F95
:10B1E0006FF08504C9E782F31188BFF36F8FC4E75E
:10B1F000034640B1426802F00302022A06D0032A45
:10B2000004D0012A05D06FF0150070471A68002A93
:10B21000F9D000209860704710B54268816002F054
:10B220000302022A03464FF0000407D0032A02D08B
:10B230005C60002001E018685C6010BD18685C600C
:10B240000028F6D0FBF78CFAF3E70FB407B504A992
:10B2500051F8040B0191FFF742FD03B05DF804EBD8
:10B2600004B0704710B50369024613F0080009D115
:10B270001368D4689C4297BF126AE31AD31A01205C
:10B280000B6010BD00231846FAE713B501A9044668
:10B29000FFF7E8FF20B1019BE268013B13440193F3
:10B2A000206A019BC01A013802B010BD10B50446D7
:10B2B00050182269236AD20702D5013B184010BDFD
:10B2C000984228BFC01AFAE710B504460A46C1687A
:10B2D000FFF7ECFF2369E06023F00803236110BD52
:10B2E00038B50D46C2698B00016843F0020342F88D
:10B2F0002130044601682A46FFF7D8FFE3686168F9
:10B300002060984202BF236943F0080323612A4664
:10B310002046FFF7CBFF606038BD2DE9F74FC768C7
:10B32000C6699B4616F8273003F00303022B044638
:10B330008846914606EB870A4FF0000309D0136058
:10B34000CBF800302369990710D4002003B0BDE882
:10B35000F08F56F8271013608908CBF80030F1D031
:10B36000FFF7B2FFE368A3600120EFE7A36950464F
:10B37000984716F82730DA070546E6D513F002039A
:10B380001DD0B8F1000F03D041462046FFF7A8FFBB
:10B3900061682A462046FFF789FFD4E902319942C5
:10B3A000606004D12A462046FFF780FFA060A368B2
:10B3B0002360E360236943F008032361D4E7014677
:10B3C00020460193FFF780FFE268A260B8F1000F0A
:10B3D00004D02168E269019B42F8213005EB0802A4
:10B3E000CBF8002021682046FFF760FF236920602A
:10B3F00043F00803236116F827306FF3000306F8C3
:10B400002730C9F800A0AFE770B504461546FFF72E
:10B410004DFF2368834205D12369216023F008038F
:10B42000236170BDE269AB0043F0020342F82130B2
:10B43000204661682A46FFF739FF6060F1E738B5BA
:10B4400003695B07044606D5456AFFF71EFF854280
:10B450002CBF6562606238BD38B50D4604461C22BB
:10B46000002106F018F9EB68A361AB6863612B68F3
:10B47000E3616B682362002262622A6923B1591E6C
:10B48000194208BF42F001022261012204F12800A2
:10B490000021BDE8384005F081BC2DE9F04F87B0B0
:10B4A00000250093036A03958B4204460E4692469C
:10B4B0000595A9463AD34FF04003EFF3118B83F380
:10B4C0001288BFF36F8F059AD8462AB129462046C5
:10B4D000FFF79AFF0023059304A92046FFF7C2FE59
:10B4E0000499B14207462AD32268E36913F822106F
:10B4F00021F0030103F8221003EB82092168324690
:10B500002046FFF7D3FEE3682060984212D0002760
:10B5100088F31188BFF36F8F039929B162690AB16B
:10B520002046904700230393002FC4D1484607B01C
:10B53000BDE8F08F236943F008032361E7E718B102
:10B540002046FFF7CDFEE3E7009B5AEA03031AD03B
:10B55000019105F064FB0199A8B98BF31188BFF341
:10B560006F8F009B524604F12800FAF7E3F94FF081
:10B570004003EFF3118883F31288BFF36F8FB0FAA3
:10B5800080F77F09C4E705AB03AA20462568FFF7CB
:10B59000C4FE0746BCE770B50446836908460D46FD
:10B5A000984702464FF04003EFF3118683F3128869
:10B5B000BFF36F8F2B7843F001032B706168204637
:10B5C000FFF774FE60602046FFF739FF86F31188AD
:10B5D000BFF36F8F70BDF8B504464FF04003EFF333
:10B5E000118683F31288BFF36F8F236913F0080F5E
:10B5F000A36802D16268934200D9226AE169D21A33
:10B600002AB986F31188BFF36F8F002733E011F852
:10B61000232012F0030001EB8307F2D0022803D1AC
:10B6200051F82350AD0805D1D00712D4A36938468C
:10B6300098470546A1682A462046FFF737FE294667
:10B64000A0602046FFF740FE86F31188BFF36F8F9E
:10B65000C3E742F0020201F823203846A369A56837
:10B660009847294602462046FFF720FEA06086F351
:10B670001188BFF36F8F3846F8BDF8B5044683696B
:10B6800008460D46984706464FF04003EFF31187F2
:10B6900083F31288BFF36F8F2B786FF300032B7047
:10B6A00023699B0705D5E268E36903EB82039D42AA
:10B6B0001AD12B786FF341032B70D4E902319942F0
:10B6C00004D132462046FFF7F1FDA0603146204606
:10B6D000FFF7FAFD87F31188BFF36F8F04F128009D
:10B6E000BDE8F840FAF700B92B6860F39F032B60C0
:10B6F000F0E702698368120702D442689A4200D2D6
:10B70000026AD31A181E18BF0120704770470378C9
:10B710005B075FBF03684288C3F34A2303EB121041
:10B720005DBF173020F00700800800207047002020
:10B73000704703F0D8B80346BFF35B8F53E8000FA0
:10B74000421C43E800210029F8D1BFF35B8F70470A
:10B750001FB50023CDE90201CDE900331A46194691
:10B760001846EBF705FF05B05DF804FB0120EBF789
:10B77000B3BC0020704770B5D2E901369B1B8B42E9
:10B780000C4615460AD313680A460146981905F077
:10B790005AFFAB682344AB60204670BD6FF01B00BE
:10B7A000FBE770B50E4615461946120D044618B94A
:10B7B000BDE87040EBF790BC2BB11030C5F34A23C5
:10B7C000184405F040FFC4E900562046BDE870402B
:10B7D000EBF716BE2DE9F3415F1C4FEA87080646DA
:10B7E00008F1170020F0070080080C461546EBF71B
:10B7F000DDFC0023ADF805308DF807308DF80470BE
:10B8000068B10346019A43F8102FA8F104012A46B3
:10B81000294452F8045B43F8045F8A42F9D1A2013B
:10B8200002F4E07242EA482222F07F4222F47002DF
:10B83000002322F03F02314602B0BDE8F041FFF79D
:10B84000B0BF07B50123019201AAFFF7C3FF03B000
:10B850005DF804FB07B5CDE9002302236A46FFF734
:10B86000B9FF03B05DF804FB1FB5CDE90123069BCA
:10B87000039301AA0323FFF7ADFF05B05DF804FBB6
:10B88000F8B506460D4614461F46214628463A4658
:10B89000B047241A0544F8D1F8BD10B54268816854
:10B8A0000446D2E900230068FFF7EAFF636800223C
:10B8B0001A6010BD38B54B681A68CB689A420546C5
:10B8C0000C4602D10846FFF7E8FF6368BFF35B8FC1
:10B8D00053E8002F511C43E800100028F8D1BFF3B3
:10B8E0005B8FA3689D54002038BD0A2838B50446F4
:10B8F0000D4602D10D20FFF7DDFF29462046FFF758
:10B90000D9FF002038BD43681B685B68002099613F
:10B91000704743681B681A685268536070474368F1
:10B920001B685A68012111771868FFF7B6BF436892
:10B930001B681868ECF70CB870B543681D686B6835
:10B9400098690C46EBF7A4FB214603460F222868B2
:10B95000BDE87040184710B5ECF7D8F830B1C368AF
:10B9600023B11B6813B1BDE8104018476FF01500F4
:10B9700010BD10B5ECF7CAF830B1C36823B15B68ED
:10B9800013B1BDE8104018476FF0150010BD2DE948
:10B99000F0410D4616461F46ECF7B8F850B1C368A3
:10B9A00043B19C6834B13B4632462946A446BDE8C3
:10B9B000F04160476FF01500BDE8F0812DE9F041DE
:10B9C0000D4616461F46ECF7A1F850B1C36843B1C7
:10B9D000DC6834B13B4632462946A446BDE8F04116
:10B9E00060476FF01500BDE8F08170B50C46154654
:10B9F000ECF78CF840B1C36833B11B6923B12A4618
:10BA00002146BDE8704018476FF0150070BD38B58D
:10BA10000D46AB4211461C4604D81A4605F013FEEB
:10BA2000204638BD0024FBE705F035BEC30903EB13
:10BA3000430303EBC30383EA4000C0B27047CB78F3
:10BA40000278534003704B884278534043700A6831
:10BA5000837883EA122383700A68C3785340C370E3
:10BA6000CB79027953400371CB88427953404371BB
:10BA70004A68837983EA122383714A68C379534001
:10BA8000C371CB7A027A53400372427A4B89534096
:10BA900043728A68837A83EA122383728A68C37A3C
:10BAA0005340C372CB7B027B53400373CB89427BF1
:10BAB00053404373CA68837B83EA12238373CA6843
:10BAC000C37B5340C37370471FB502788DF80020C5
:10BAD00042798DF80120827A8DF80220C27B8DF8A0
:10BAE000032002798DF80420427A8DF80520827BAC
:10BAF0008DF80620C2788DF80720027A8DF808208C
:10BB0000427B8DF8092082788DF80A20C2798DF861
:10BB10000B20027B8DF80C204278C37A8DF80D2023
:10BB200082798DF80E208DF80F3010236A46194661
:10BB3000FFF76DFF05B05DF804FBF8B50646087821
:10BB40000C46FFF773FF05466078FFF76FFFA2789A
:10BB500063785340E27853405D40684030706078CD
:10BB60002778FFF763FF0546A078FFF75FFFA3780C
:10BB70005F40E3785F407D4068407070637827786D
:10BB8000A0785F40FFF752FF0546E078FFF74EFFD1
:10BB9000E3785F407D406840B0702078FFF746FF53
:10BBA000627823785340A278534080EA0305E07816
:10BBB000FFF73CFFEDB24540F570F8BD70B5144697
:10BBC00088B00546002849D0002949D0002A49D02C
:10BBD00010230A4668461946FFF719FF21466846B2
:10BBE000FFF72DFF103401F1A0066846EBF7F0FFD8
:10BBF0006846FFF769FF694604A8FFF79EFF01A9A1
:10BC000005A8FFF79AFF02A906A8FFF796FF03A968
:10BC100007A8FFF792FF102319460DEB03026846B1
:10BC2000FFF7F5FE214668461034FFF708FFB442DF
:10BC3000DBD1EBF7CDFF6846FFF746FF21466846AC
:10BC4000FFF7FDFE102319466A462846FFF7DFFE80
:10BC5000684610220021FFF7E7FE012008B070BD02
:10BC60000846FBE71046F9E710B50A460F3012F90F
:10BC7000103B002BACBF0023872312F8014D83EA51
:10BC800044038A4200F8013902D01378DB09F4E753
:10BC900010BD08B520B158220021FFF7C5FE0120D4
:10BCA00008BD10B5044688B110220021FFF7BCFE84
:10BCB000102204F130000021FFF7B6FE0023636478
:10BCC00000224FF48033C4E91423012010BD70B565
:10BCD00004460D46164610B311B358220021FFF753
:10BCE000A3FE2946A6643046EBF77EFF1022002112
:10BCF0002046FFF799FE04F11005A26C214620466C
:10BD0000FFF75CFF21462846FFF7AEFF294604F106
:10BD10002000FFF7A9FF2046FFF7C3FF012070BDF9
:10BD20000846FCE72DE9F0410E461546044600287A
:10BD300060D0FAB100295DD0D0E9143253EA020193
:10BD400058D0013BD0F8448042F1FF32C0E91432B0
:10BD5000B8F1000F2CD0C8F1100708F13000BD4237
:10BD600020440AD22B4632462946FFF750FE636C28
:10BD70002B4463640120BDE8F0813B4632463946DE
:10BD8000FFF745FE103D0023636445443E44631EB7
:10BD900004F10F0113F8012F93F830008B4282EA6F
:10BDA00000021A70F6D1A26C21462046FFF706FF6A
:10BDB00004F10F07102D0AD8002DDBD02B46324698
:10BDC000294604F13000FFF722FE6564D2E7631EC6
:10BDD000711E13F8012F11F8010FBB4282EA000215
:10BDE0001A70F6D1A26C21462046FFF7E7FE103606
:10BDF000103DDFE70020BEE770B50C460546E8B110
:10BE000069B34A6C102A1AD11031631E013904F14A
:10BE10000F0013F8012F93F83060724011F8016F92
:10BE2000984282EA06021A70F3D1A26C2146284693
:10BE3000FFF7C4FE2046FFF72CFF012070BD02F182
:10BE400030000021C2F110022044FFF7EDFD636CC9
:10BE50002344802283F8302004F12001D5E70846EE
:10BE6000ECE708B50020EBF74DF801460068EBF76A
:10BE7000F9BF08B5ECF778F8BDE80840ECF7A6B8CC
:10BE80000A460121FFF7DDBC00210120EBF7EABFE4
:10BE9000202809D9B0F1004F08D80138B0FA80F055
:10BEA000C0F11F0040007047082070473E207047D7
:10BEB00008B5D1E904319847002008BD08B5ECF772
:10BEC000BDFE002008BD13460A460121FFF7C2BC93
:10BED0000A460121FFF7B5BC0368986B704708B5A7
:10BEE000481C04F011FBBDE80840EDF75BB808B54D
:10BEF000481C04F0AEFABDE80840EDF753B830B581
:10BF0000541CC9B00D462046694604F084F940B976
:10BF1000204604F09EFA20B149B0BDE83040EDF76C
:10BF200041B82146681C04F0A6FBF5E708B5C168D6
:10BF3000002201311046F7F7D1F8BDE80840EDF7CF
:10BF400031B808B5006803F064FFBDE80840EDF7BC
:10BF500029B8012A10B512D0022A14D0B2B900298A
:10BF600014DB0068D0E90442CB178C429A410DD310
:10BF70000A4603F0F3FFBDE81040EDF713B803687D
:10BF80009B6B1944EBE703681B69FAE76FF0150038
:10BF900010BDF7B5044600680A46CB1707690D4681
:10BFA00003F0DCFF20B103B0BDE8F040ECF7FABFCE
:10BFB000AF4220683E4602DD04F0E3F9F3E73A467B
:10BFC000FB17856B03F0CAFF0028ECD18DF8030046
:10BFD000AE4201DB0020E6E7206801AB01220DF153
:10BFE000030103F03BFE0028DDD10136F0E773B515
:10BFF00004460068237A9B0616460D46026909D45A
:10C00000206801AB3246294603F028FE38B9019872
:10C0100002B070BDD31703F0A1FF0028F0D002B02A
:10C02000BDE87040ECF7BEBF07B5006801AB03F098
:10C030006AFD20B103B05DF804EBECF7B3BF0198E3
:10C0400003B05DF804FB30B50846C9B0694601305D
:10C05000154604F0E0F8044668B99DF80C3028460F
:10C06000C3F3001300F8013B0DF11A01E9F798F949
:10C07000009BC5F80431204649B0BDE83040ECF7DC
:10C0800091BF30B5C9B000680C46694604F0A1F80C
:10C09000054670B90DF11A01601CE9F781F9637862
:10C0A0003BB19DF80C30C3F300132370009BC4F820
:10C0B0000431284649B0BDE83040ECF773BF13B5F2
:10C0C000C068144600236A4601A90130019304F0B8
:10C0D000C1F868B9019BE360009A4FF400732360D4
:10C0E00053895B026360D369023BA36002B010BD59
:10C0F0006FF00400FAE783689B6803B118476FF09C
:10C1000057007047F9F706BB83685B680BB10022E4
:10C1100018476FF05700704710B58AB004462022C8
:10C12000002101A805F0B7FA1023079301A9C8233D
:10C1300020460993FFF7E8FF0AB010BD38B500218B
:10C1400020EAE0744FF4004540F2E7304FF47A7291
:10C150000023C4FB0501D4F747FCBDE83840FAF7DB
:10C160006BB870B504468AB00120FFF7E7FF20687E
:10C17000FFF7D2FF0546A0BB0B260021182203A81B
:10C1800005F089FA08204FF4D573CDE9010379232E
:10C1900007932068C82301A90993FFF7B5FF28BBBF
:10C1A00094F84C2002B3049BD9B2AA291ED103F4FF
:10C1B0007063B3F5807F12D1B4F86E3043F008039A
:10C1C000A4F86E30DAB92046EDF700F948B12068DE
:10C1D000FFF7A2FF88B92046EDF718FB08B16FF012
:10C1E000850528460AB070BD039BDDE7013EC4D13A
:10C1F0002068FFF791FF0028E5D00546F1E71822F7
:10C20000002103A8266805F046FA3B220123CDE968
:10C2100001231023079301A9C82330460993FFF790
:10C2200073FFE8E770B50D46002847D041F8280BAA
:10C2300083689B69002B44D098470446B0B905F148
:10C240001406304604F00CFD044678B94FF4404221
:10C2500000233046F9F79AFA044638B92846ECF735
:10C2600071FF044620B13046FFF74CFF204670BDF9
:10C270002846FFF776FF0328044616D1012385F8E8
:10C280006C302846ECF75EFF04460028EBD12846C8
:10C29000FFF767FF04460028E5D1022385F86C30DC
:10C2A0003046BDE87040FFF72DBF0028F5D030467E
:10C2B000FFF728FF012385F86C30D7E76FF01204F1
:10C2C000D4E76FF05704D1E708B530B18368DB6875
:10C2D00023B19847431E5842584108BD6FF057009C
:10C2E000F8E783685B6803B118476FF05700704741
:10C2F00083685B6903B118476FF057007047F0B56A
:10C3000091B0102604460F46154600211C2208A8AD
:10C3100005F0C1F93246002101A805F0BCF901225F
:10C32000C823039204F19002CDE9052354F88C0B45
:10C330000F9301AA07A907970D960296FFF7D1FF61
:10C34000AB1954F8042F12BA43F8042DAB42F8D1BC
:10C35000002011B0F0BDF9F7DDB910B58AB0044680
:10C360001C22002102A805F096F90D23019394F8F0
:10C370004C301BB9B4F862301B040293312307938D
:10C380002068C823002201A90993FFF7AAFFC8B9B2
:10C3900094F84C20039B62B113F4407F14D113F442
:10C3A000604F14D113F4E05F18BF6FF004000AB0BF
:10C3B00010BDDA050ED5C3F34323042B18BF6FF06D
:10C3C0000F00F4E70120F2E76FF00C00EFE76FF0E9
:10C3D0001500ECE76FF00F00E9E730B5044685B0D3
:10C3E00010220021684605F056F994F84C307BB3D2
:10C3F0006A4609212046FFF782FF28B9DDE90232AB
:10C40000920F03D0012A1AD005B030BD019940F631
:10C41000FC72C3F3034502EA830343EA9173C1F359
:10C42000C23101330231092D03FA01F301D0AB40CF
:10C430005B0A63664FF40073A4F86830E4E7BDF864
:10C4400006201B0403F47C13134301339B02F0E723
:10C450006FF08500D8E71FB590F84C3033B16A46CD
:10C460000A21FFF74CFF05B05DF804FB6FF0850073
:10C47000F9E72DE9F04314461E461A44436E9A42EA
:10C4800091B00546894648D890F86D30012B47D0C9
:10C4900000F11408002200234046F9F777F9074617
:10C4A000002840D10146102209A805F0F4F8012E19
:10C4B000B5F86E2004970CBF112312230793B5F82B
:10C4C00068300396970754BF04FB03F22246089294
:10C4D00011220D92C8200322CDE90E20CDE901439F
:10C4E0002868CDF8149042F2107301AA07A90693A8
:10C4F000FFF7F7FE044648B92846ECF75DFE044610
:10C50000404624B1FFF727FF6FF073044046FFF762
:10C5100022FF204611B0BDE8F0836FF01504F8E764
:10C520006FF08504F5E76FF00F04F2E70139042995
:10C530000DD8DFE801F003070C070A00436E136013
:10C5400000207047B0F86830F9E7ECF735BE6FF0BF
:10C550008500704783685B6803B118476FF0570028
:10C56000704783689B6803B118476FF057007047A6
:10C5700010B53A238AB0CDE9013104464023006862
:10C580000793002201A9FFF7E5FF28B9049B236563
:10C59000002B08BF6FF085000AB010BDFFF7C6BFC3
:10C5A000FFF767BFECF778BE83685B6803B1184795
:10C5B0006FF05700704783689B6803B118476FF0AE
:10C5C0005700704710B50C46017822788A428AB02D
:10C5D0000FD06946EDF7B8FB05A92046EDF7B4FB8F
:10C5E00010220DF115010DF1010005F05CF80AB003
:10C5F00010BD012A06D0022A07D072B9408863888C
:10C60000C01AF4E740686368FAE71022611C013041
:10C610000AB0BDE8104005F046B86FF01500E6E737
:10C62000042A0AD0102A0DD0022A4FF0000315D197
:10C6300003700B88438001207047012303700B684F
:10C640004360F8E7022300F8013B01F1100351F8C1
:10C65000042B40F8042B9942F9D1ECE718467047B7
:10C66000012310B50621044600F8013BF5F7E2FB73
:10C6700018B9A37963F03F03A37110BD0B68036081
:10C680008B8883808B798371037823F00203037096
:10C6900070470078C0F3400070470F2807D80D2876
:10C6A0000BD8052808BF032018BF022070471328A5
:10C6B00003D01A2808BF0120F6E701207047704711
:10C6C000FFF7BFB8FFF7C6B810B50346BFF35B8FDF
:10C6D00053E8000F40EA010243E80024002CF7D1A0
:10C6E000BFF35B8F10BD0B6803608B88838070473E
:10C6F0000B6803608B8883808B798371704700237C
:10C70000EAF7B2BEBFF35B8F50E8003F0B4040E852
:10C710000032002AF8D1BFF35B8F704770B5064630
:10C720000D4640F206400321EDF770FF044668B164
:10C7300003210C3001F0D4FC0680857021460022D4
:10C74000BDE8704040F20640EDF79ABF6FF0680018
:10C7500070BDF8B507460E4642F222000621154686
:10C76000EDF754FF044678B106210C3001F0B8FC17
:10C770003B8803804680858021460022BDE8F84042
:10C7800042F22200EDF77CBF6FF06800F8BD2DE9A2
:10C79000F0478146884642F2320007219DF820A0EA
:10C7A00017461E46EDF732FF0546A0B107210C30B3
:10C7B00001F096FCB9F80030038080F80280C77061
:10C7C0000671A0F805A029460022BDE8F04742F214
:10C7D0003200EDF755BF6FF06800BDE8F087C06824
:10C7E000EEF724B80120704770B506460D4642F2B8
:10C7F00021000321EDF70AFF044618B9BDE8704097
:10C80000EDF7FABB03210C3001F06AFC068085705D
:10C81000214642F22100BDE87040EEF77BB90020CE
:10C8200070470020704708B5072204F03CFFB0FABB
:10C8300080F0400908BDFFF704B80B6803608B88DF
:10C84000838070470B6803608B8883808B7983714A
:10C85000704700280CBF08460020704718B111B17E
:10C860000846EEF7D7BE6FF01500704713B50446C3
:10C8700080B106216846F5F7DDFA48B99DF8053024
:10C88000694603F03F0320468DF80530FFF7E6FFC9
:10C8900002B010BD6FF01500FAE7003818BF012094
:10C8A0007047034610F4004F0CBF07200620DA0340
:10C8B00048BF00F005009B0348BF00F0FB00704735
:10C8C000BFF35B8F0068BFF35B8F704710B5034603
:10C8D000BFF35B8F53E8000F00EA010243E8002436
:10C8E000002CF7D1BFF35B8F10BD0B6803608B8802
:10C8F00083808B7983717047012310B403FA01F1AF
:10C9000004466AB1BFF35B8F54E8003F0B4344E831
:10C910000032002AF8D1BFF35B8F5DF8044B7047FB
:10C920005DF8044BC943FFF7D1BF2DE9F04F87B045
:10C9300005469DF84860DDF840909DF844A00C46FF
:10C9400090460021102202A81F4604F0A4FEEEB972
:10C95000CDE90248012202A942F20800EFF72AF8C5
:10C96000044678B9BAF1000F3ED11035BFF35B8FA2
:10C9700055E8003F43F0040345E80032002AF7D1B0
:10C98000BFF35B8F204607B0BDE8F08FEEF7F8FDF0
:10C990008346E4B937BB5846E8F70AFD0923012E60
:10C9A000CDE901B48DF800308DF80100CDF80C8090
:10C9B000D0D1CDF810D005960222CCE714F8332060
:10C9C000083A012A25D901339845F7D1E2E7002337
:10C9D000FAE717F83320083A012A1AD901339945A2
:10C9E000F7D1D8E70023FAE7022E4FF0010208BF83
:10C9F000059202A908BF324642F2090008BFCDF8ED
:10CA000010D0CDE90279EEF7D5FF0028ADD004466D
:10CA1000B8E76FF01504B5E7436813F008000AD0D3
:10CA20005A0307D403F4C063B3F5806F14BF022028
:10CA3000012070470120704770B5064686B00D464C
:10CA400042F20A000121EDF7E1FD0446B0B10C30DD
:10CA500095B1012101F053FB06F1100203A9204614
:10CA600000950723EDF7C0FD0022214642F20A009F
:10CA7000EDF706FE06B070BD2946EBE76FF06800E3
:10CA8000F8E7183004F05FBA2838EFF7BDBA10B5F0
:10CA90000446006918B1F2F7A3FD0023236110BD1D
:10CAA0002DE9F0410446002704F138060023002256
:10CAB000304601F0B4FA034650B92046FFF7E7FFCD
:10CAC00004F158000022BDE8F0410023F9F7AAB8AC
:10CAD0009D699F61F2F784FD002DE7D0294620462D
:10CAE000EFF7C2FAE0E710B5BFF35B8FD0F8C830BC
:10CAF000BFF35B8F00F1C8027BB1BFF35B8F591CA2
:10CB000052E8004F9C4204D142E8001CBCF1000FE7
:10CB1000F6D1BFF35B8FE7D110BD1846FCE700F1FB
:10CB2000C803BFF35B8F53E8001F013943E80012CD
:10CB3000002AF8D1BFF35B8F428840F201139A427A
:10CB400008D1BFF35B8FD0F8C830BFF35B8F0BB950
:10CB5000EFF7C8B970472DE9F84307460E469046EF
:10CB600000244FF0D009B44203D100231846BDE899
:10CB7000F88309FB0470FFF7B6FF034658B1857AC6
:10CB8000012D02D0073D012D03D81A884245EDD072
:10CB90001846FFF7C4FF0134E5E710B50446F0F787
:10CBA0007FF92046BDE81040EFF710BA38B5037A98
:10CBB0008B420446154615D100F18801072228460C
:10CBC00004F071FD80B1E378072243B904F19601C6
:10CBD000284604F068FDB0FA80F0400938BD04F141
:10CBE0008F01F5E70020F9E70120F7E7883070476B
:10CBF0000B4609885A88B0F8BE308B4203D1B0F892
:10CC0000C030934201D0FFF7A4BD6FF077007047AA
:10CC100013B50C8804F00302032A0B4610D0E20778
:10CC200010D404F002049A78DB78B2FA82F1490950
:10CC30000BB941F002010094FFF7A9FD02B010BD4D
:10CC40000024F0E70124EEE7F8B507460D4642F26E
:10CC500013000E21EDF7DAFC0646D0B10E210C30A0
:10CC600001F03EFA0E220446002104F014FD3B8838
:10CC700023802B8863806B88A380AB88E380EB885C
:10CC8000238131460022BDE8F84042F21300EDF75F
:10CC9000F7BC6FF06800F8BD7047F8B505460F4661
:10CCA000164600234FF4803204210020EFF778FD70
:10CCB000044620B92846BDE8F840F0F7BDB8042185
:10CCC0000C3001F00DFA0570477046802046F8BD23
:10CCD000704770B5D0E90035044623B16B6803B1E5
:10CCE000984700232360E3680BB1204698472B6ADE
:10CCF0001BB12046BDE87040184770BD38B5006DC7
:10CD000030B150F8084904B1083CFFF7E2FF04B91C
:10CD100038BDA5682DB12046083DFFF7DAFF2C4647
:10CD2000F7E72046BDE83840FFF7D3BF0431EFF7FF
:10CD300037BD2DE9F041144605460F4602F10C00BF
:10CD400004211E46DDF8188001F0EBF9228A4780A5
:10CD5000043A02804346324621462846BDE8F04167
:10CD6000EFF72EBB006D30B183898B42A0F1080034
:10CD700001D08068F7E7704770470346006828B124
:10CD8000596802681A60884208BF5A6070470346B3
:10CD9000002003B970471A8A5B681044F9E710B5A0
:10CDA000D4682378023113B92170012010BD8B4261
:10CDB000FBD0038A023B038200201061F6E70620C5
:10CDC0007047FEF73EBD08B503680A8A1868C9684F
:10CDD000F2F72EFA002008BD38B5054601F10C0027
:10CDE0000C4601F0B6F92D68238AE26801462868EE
:10CDF00001F07DF8002038BD70B405686A6A52B34E
:10CE0000136803B1883BA2F188040022114600E0B8
:10CE1000883B844207D0668D648BB14238BF31466F
:10CE2000A24238BF22461C462BB1D3F88830002BD3
:10CE3000EED18442EFD1438D408B8B4201D890429A
:10CE40000BD9824238BF02469942286838BF19463A
:10CE500070BCF2F757BA1146EDE770BC704773B576
:10CE60001446014605464FF49572206800F080FF95
:10CE7000207500BB237A2068ABB1A3F1180253429E
:10CE800053419B000193638A0093AE68238AE26852
:10CE90002946B047002808DB238A98420ED1002398
:10CEA0002375012008E00223ECE710F1FF0F05D302
:10CEB0004042C0B22075002002B070BD0E20F9E7DC
:10CEC0001FB5CDE90123002300931A46F1F780FC3A
:10CED00005B05DF804FBD0680378043113B9017024
:10CEE000012070478B42FBD091680B8A0020043BE5
:10CEF0000B8210617047F8B59368166805460F46B7
:10CF0000144663B9506801210C3001F0E9F8A060C3
:10CF10002B681B78002B14BF022301230370A36826
:10CF20001B78012B03D0022B1FD000201CE02B68A4
:10CF30001B78002BF9D1606804210C3001F0D0F887
:10CF4000E06007802A68E36852885A806168728DC1
:10CF5000738B088A9A4294BFC0EB0200C0EB0300B7
:10CF6000042894BF00200120F8BD2B681B78022BF9
:10CF7000DBD1606812210C3001F0B2F8E06007806C
:10CF80002B68E268591C0232113351F8040B42F845
:10CF9000040B9942F9D16168728D738B088A9A42A9
:10CFA00094BFC0EB0200C0EB03001228D9E72DE9C3
:10CFB000F04F044685B0104690469946FFF7E7FECD
:10CFC000638B628D934228BF134683428B4640F2A7
:10CFD000938063680393404601F056F84FF0000ACF
:10CFE00006464046FFF7D3FE628B638D06F10C07C1
:10CFF0009A4294BFC0EB0205C0EB0305384601F02E
:10D00000B4F8854217D24046FFF7C1FE628B638DAC
:10D010009A4294BFC0EB0205C0EB03058DBB98F8A4
:10D020000A00F2F733FA0022002300F0F3FF06466D
:10D0300030B9574636E0384601F097F80546EDE737
:10D040000146404601F031F84046FFF7A0FE628DF0
:10D05000638B06F10C079A4294BFC0EB0205C0EB4C
:10D060000305384601F081F885421FD24046FFF79C
:10D070008EFE628D638B9A4294BFC0EB0205C0EBBB
:10D080000305F168328ACDF80090DBF8047003984C
:10D090000A44ABB25946B847071E0CDABAF1000F82
:10D0A00018BF5746384605B0BDE8F08F384601F046
:10D0B0005CF80546E5E70E9BB3B9394606F10C006E
:10D0C00001F00EF84046FFF762FE638D628B9342DB
:10D0D00028BF1346B9448342BA441FFA89F9A8D934
:10D0E000AF423FF47EAFA4E70F9A0E9B394630461D
:10D0F00098470028E1D19CE70027D3E70368002286
:10D1000003B970478B420FD10B683AB9426803608C
:10D11000914200D1436000230B6070471360436865
:10D12000994208BF4260F6E71A461B68E8E7012308
:10D130008B40DB43BFF35B8F50E8002F1A4040E881
:10D1400000210029F8D1BFF35B8F7047062070479C
:10D1500073B5166805460023706813731446294694
:10D16000952200F005FE207380B9CDE90000294624
:10D17000A388A2683046FFF71AFF002809DA10F1E9
:10D18000FF0F26BF4042C0B20E202073002002B025
:10D1900070BD0120FBE72DE9F34116680746002327
:10D1A0007068137314463946952200F0E1FD054678
:10D1B000207308BBA068718D728B038A914294BF63
:10D1C000C3EB0103C3EB0203012B15DD02210C307D
:10D1D00000F086FFCDE900558046A388A268394655
:10D1E0003046FFF7E4FE031E0ADA13F1FF0F26BFF5
:10D1F0005B42DBB20E232373002002B0BDE8F08156
:10D20000A8F800300120F8E72DE9F04104468868CD
:10D21000FFF7BDFD638D628B934228BF13468342A7
:10D220000D461DD3A163D1F8088000278F60F8F761
:10D2300049FF41462046F0F721FA064638B1C5F8C5
:10D240000880A763F8F752FF3046BDE8F081618D92
:10D25000638B994228BF19462846F2F7CBF8F1E7CD
:10D260006FF07906F0E738B5BFF35B8F0B68BFF35B
:10D270005B8FDB07054617D550F8040CA0B16B6B2C
:10D2800093B90430FFF779FD044668B10146281FC1
:10D29000FFF7BAFF002807DA55F8043C5A68226005
:10D2A0009A685C6002B99C6038BD2DE9F041446A1F
:10D2B00007463CB354F8886906B1883E00231D46F2
:10D2C00007F1040801E034461646A26B9AB905B985
:10D2D0008BB94046FFF751FD054658B1014620463F
:10D2E000FFF792FF00280DDA7B682B60BB687D603A
:10D2F00003B9BD6023462EB1D6F88820002AE2D0BB
:10D30000883AE0E7BDE8F08170B5002204460023CA
:10D3100008460E4600F083FE054658B101462046F9
:10D32000F0F7ACF9044618B12946304603F028FD61
:10D33000204670BD6FF00104FAE7F8B550F8044CD0
:10D340000546071F04213030FFF7F1FE04B36B6B75
:10D350008BB963687BB1201DFFF70FFD01460646C0
:10D360003846FFF751FF002812DA63683360A3687C
:10D37000666003B9A66005F138013846FFF7C4FFBF
:10D3800030B104F10C013846BDE8F840FFF7BCBFEE
:10D39000F8BD38B504460D46F0F770F930B12946AE
:10D3A00004F13C00BDE8384000F068BE38BD70B5FF
:10D3B000044601F10C000D4600F0CBFE26682B8AD6
:10D3C000EA680146306800F092FD1E2100222046E6
:10D3D000EFF762FF014610B12046FFF7DAFF0020A9
:10D3E00070BD2DE9F041884617460121042205460B
:10D3F0001E46EFF751FF044670B104210C3000F0D7
:10D400006FFE80F80080A0F80170C67021462846A3
:10D41000BDE8F041FFF7BDBFBDE8F08110B50123C5
:10D4200003FA01F1BFF35B8F50E8003F43EA0102CA
:10D4300040E80024002CF7D1BFF35B8F194214BFE2
:10D440000120002010BD37B50C46054601F10C0047
:10D4500000F07FFE228A0192E268009203461322C6
:10D4600012212846F0F71EFA03B030BD37B50C463E
:10D47000054601F10C0000F06CFE228A0192E26880
:10D4800000920022034611462846F0F70BFA03B03B
:10D4900030BD086883689B690BB10430184770473A
:10D4A00010B50C460AB9FFF7F4FF2046BDE810405E
:10D4B000EFF770BE2DE9F84306460D46144622B13B
:10D4C000BDE8F8430846EFF765BEFFF7E2FFAF6837
:10D4D000B5F80480D5F80C902846EFF75BFE2FB91D
:10D4E000BDE8F88349463046B8470134A3B2434506
:10D4F000F8D3F5E710B50C460AB9FFF7CAFF206864
:10D50000836B2BB14FF4702200235830F8F78AFB5D
:10D510002046BDE81040EFF73DBE10B50C460AB9F5
:10D52000FFF7B7FF206801213430FFF700FE2046E7
:10D53000BDE81040EFF72EBE10B50C460AB9FFF754
:10D54000A8FF206800213430FFF7F1FD2046BDE838
:10D550001040EFF71FBE07B5CA68138852880092C3
:10D560000C210D22F0F792FB03B05DF804FB07B528
:10D57000CB6800221B8800920A210B22F0F786FB61
:10D5800003B05DF804FBF8B5CB681F88BBB2162B5F
:10D59000044629D902220321F0F71AFA064628B3D5
:10D5A00002210C3000F09CFD00256FF00803037091
:10D5B000457031462046FFF7ECFEF723638323686E
:10D5C00067851B68BFF35B8F043353E8001F41F48A
:10D5D000805143E80012002AF7D1BFF35B8F204649
:10D5E000FFF70AFC2846F8BD0420FCE70E20FAE706
:10D5F00008B5EFF7A3FD08B3426A02B3136803B19D
:10D60000883B32F86E0C32F85E2C904228BF1046F0
:10D6100043B913E0934228BF1346984238BF1846D7
:10D62000A1F18803D3F888105A8B5B8D0029F1D1C2
:10D630009A4228BF1A46904238BF104608BD10468D
:10D64000FCE70A8AC9680023F0F7CABCFFF7F9BFF4
:10D65000FFF7F7BFFFF7F5BFFFF7F3BFFFF7F1BF26
:10D66000FFF7EFBFFFF7EDBFFFF7EBBFFFF7E9BF36
:10D67000FFF7E7BFFFF7E5BF70B5CE6833889AB212
:10D68000162A04460D4606D8002204231146BDE89A
:10D690007040F0F7A5BCF72242834385FFF7ACFB4F
:10D6A0002A8A002331462046F1E770B50E46EFF78F
:10D6B00045FD044640B9B069EFF76CFD3046F1F71F
:10D6C0008FFF6FF07F0070BD00F10C0528463146DA
:10D6D00000F0D4FC606A38B150F8884904B1883C45
:10D6E0002946FFF711FE20B90020ECE71C466FF039
:10D6F0000100002CF8D0D4F8883023B90230F5D0DE
:10D7000020461C46ECE7883BF8E738B505460C4652
:10D71000F8F7D8FC2846EFF711FD20B9F8F7E6FC3A
:10D720006FF07F0038BD0023236083683BB9C0E9F8
:10D730000144FFF7BAFDF8F7D9FC0020F2E71C60BE
:10D740008460F6E710B50C46EFF7F8FC98B1436A31
:10D750004BB153F8502CD168A142A3F1880309D0F2
:10D76000D3F88830F4E7406828B1C368A34202D0F8
:10D770000068F9E7104610BD0120704710B5EFF7BB
:10D78000DDFC50B1446A44B1883C04F13400052109
:10D79000FFF7CDFCD4F88840F5E710BD08B50421AB
:10D7A000FFF7E0FA30B1BFF35B8F006BBFF35B8F25
:10D7B000C0F3401008BD8069C0E9021201228280D6
:10D7C000037470471060002070470B4609895A891E
:10D7D0008A4203D05981DB6803B11847704710B5FE
:10D7E000029CA3680A460BB121469847A37DE268D4
:10D7F000013BDBB2A37522B11BB92046BDE8104046
:10D80000104710BD1060918000207047009A136887
:10D810001847F0B507683D7889B006461446DDB96B
:10D820007B88B3F5245F04D010D8A3F52053032BD5
:10D8300012D8ADF80A1002220DF10A012046FEF7B7
:10D8400071FA68B96FF01502A26506E003F5564358
:10D85000FF339BB2042B1ED90125284609B0F0BD29
:10D860007B88ADF80A3002220DF10A012046FEF74E
:10D8700059FA0028E6D00020009003AA7768132305
:10D880003146B847021EDFDB03A92046FEF74AFAFD
:10D890000028E1D1D6E7ADF80A1002220DF10A0105
:10D8A0002046FEF73FFA0028CCD07B88ADF80A303E
:10D8B00002220DF10A01E8E7FDF7C3BF08B5072210
:10D8C00003F0F1FEB0FA80F0400908BDBFF35B8FB2
:10D8D0000068BFF35B8F704710B50346BFF35B8FE3
:10D8E00053E8000F40EA010243E80024002CF7D17E
:10D8F000BFF35B8F10BD10B50346BFF35B8F53E8DA
:10D90000000F00EA010243E80024002CF7D1BFF326
:10D910005B8F10BD08B502210C3000F0E1FB03461F
:10D920006FF0080200201A70587008BD10B502216F
:10D930000C30144600F0D4FB23890380002010BD76
:10D9400010B504210C30144600F0CAFB2389038073
:10D9500063894380002010BD70B51446002500F196
:10D960000C066268EBB29A4205F1010501D800206D
:10D9700070BDA268304632F8131000F0C8FBF0E723
:10D98000FFF7EABFF7B5089D06462F680C4601B9B8
:10D990004BB9002308932A4621463046BC4603B0C3
:10D9A000BDE8F0406047009313462A46B847089404
:10D9B0002F6823462A462146EFE70B6803608B88D1
:10D9C00083808B7983717047002303604360836099
:10D9D0007047F0B587B005460C9C10461A4601B951
:10D9E0004BB900230C93266822462846B44607B05C
:10D9F000BDE8F0406047014603A800F067FBBDF8B2
:10DA00001030012B08D800230093266822461946BF
:10DA10002846B04707B0F0BD022103A800F091FBF3
:10DA20000346BDF8102033F8027B974228BF174603
:10DA300000972668224600212846B047394603A8A9
:10DA400000F07FFBDBE738B5BDF810409442154687
:10DA50000AD3A41A8C42A8BF0C46A4B22246591974
:10DA600003F0F1FD204638BD6FF00604FAE730B54B
:10DA700085B0C96814461D46F0F724FC00B1008942
:10DA8000ADF80E0002230093BDF820200DF10E0327
:10DA900029462046FFF7D7FF05B030BD1FB50C461D
:10DAA0001946E3681C781046BDF818203CB11024D4
:10DAB0000133069404B0BDE81040FFF7C4BF5B8893
:10DAC000ADF80E30022300930DF10E03FFF7BBFFFC
:10DAD00004B010BD30B585B01D46002314468DF846
:10DAE0000C30F0F7C5FB10B1037A8DF80C30012330
:10DAF0000093BDF8202003AB29462046FFF7A3FF83
:10DB000005B030BD2DE9F04114461D46BDF8187032
:10DB1000EDF736FD0646E7F74BFC80B2069033463C
:10DB20003A4629462046BDE8F041FFF78CBF30B5A4
:10DB300085B014461D46FEF772FE0223ADF80E00B6
:10DB40000093BDF820200DF10E0329462046FFF773
:10DB50007AFF05B030BD1FB5194610464FF0C873A7
:10DB60004FF00112CDE9022308230093BDF81820DD
:10DB70006B44FFF768FF05B05DF804FB38B500F1B2
:10DB80000C0404212046154600F0AAFA2B890380D4
:10DB90006B894380E9680B782BB94988204600F0EF
:10DBA000B6FA002038BD10220131204600F09EFA5E
:10DBB000F7E72DE9F84306460D464FF470200021A3
:10DBC000DDF8249017469846F0F7CEF9044660B188
:10DBD0004560C7609DF820104A463046EFF7C6FE04
:10DBE000054638B92046F0F7E7F96FF00B052846EF
:10DBF000BDE8F883002211460123FFF7DCFDA56094
:10DC000028463A464946C047054618B12046F0F72F
:10DC1000D3F9ECE721463046FFF777FD05460028AB
:10DC2000E5D0F3E738B500F1880504462946007AC7
:10DC3000FEF7F7FD207A2946F0F732FB18B1BDE870
:10DC40003840FFF7C1BE38BD022A10B508D1002305
:10DC500000F188011A46007AF0F744FC022010BD5A
:10DC6000FFF7E0FFFAE738B500F10C05022128467E
:10DC7000144600F035FAE3890380218A284600F033
:10DC800046FA042104F11400FFF726FE002038BDF7
:10DC900001210C30FFF720BE38B504461546FFF7CA
:10DCA0006BFD40B12046F0F7E3FA20B1037ADB07C1
:10DCB00001D5FFF7EDFF35B9207A04F18801F0F7BF
:10DCC000EFFA00B1856038BD13B5044610B90020E5
:10DCD00002B010BD00238DF80430006842F6030343
:10DCE00001A9ADF80630FEF76DFC0028EFD1E3681E
:10DCF00098880028ECD12046F0F73AFD013080B238
:10DD0000E6E770B5CC6888B008461E46A3798DF862
:10DD10000C301546FFF7D8FFADF80D0024682378C6
:10DD20006BB96388ADF80F3005230093BDF8302040
:10DD300003AB31462846FFF786FE08B070BD631C72
:10DD40000DF10F02113453F8041B42F8041BA342D7
:10DD5000F9D11323E9E71FB5CDE90123002300938F
:10DD60001A46F0F735FD05B05DF804FBFFF740BC3F
:10DD700012F0010F4B8A04D013F0950F10D04868B1
:10DD800070B112F0020F04D013F4957F0AD08968A5
:10DD900041B11A4012F03C0F14BF0520002070471B
:10DDA00002207047032070472DE9FF41837A072B3B
:10DDB00005460C46174610D100238DF80C3020681C
:10DDC00042F6030303A9ADF80E30FEF7FBFB60B982
:10DDD000E3689B7913F0300F03D1002004B0BDE855
:10DDE000F0812046F0F7D2FD0446002320688DF82C
:10DDF0000C3003A942F60213ADF80E30FEF7E2FB39
:10DE000018B12046F0F7C2FD0446002642F602187B
:10DE100020688DF800606946ADF80280FEF7D2FBFD
:10DE2000D8B9002320688DF80C3003A942F60213FC
:10DE3000ADF80E30FEF7C6FB0028CED1E4682246CE
:10DE4000284612F8011BFEF7B1FE0028C5D0238931
:10DE50001F4214BF01200020C0E720688DF8046035
:10DE600042F6030301A9ADF80630FEF7ABFB00282C
:10DE7000D7D020688DF808604FF4205302A9ADF880
:10DE80000A30FEF79FFB0028CBD020688DF80C608D
:10DE900042F6010303A9ADF80E30FEF793FB00280C
:10DEA000BFD02046F0F772FD04460028B0D194E7B9
:10DEB00073B504460D46F8F705F929462046FFF7E5
:10DEC00041FC014620B902B0BDE87040F8F70EB938
:10DED00046682046F0F7A0F9F8F708F92EB10023BC
:10DEE00000951A460E212046B04702B070BD2DE9BC
:10DEF000F04780460E4691469A46F0F7F7F900B390
:10DF00008468F4B1256805B1183D34F80C3CB3427F
:10DF100014D1183C07E02C46AD69A3899DB1B342EA
:10DF2000A5F11805F7D1276853464A4621464046D1
:10DF3000B84718B921464046F1F70EF92C46002D96
:10DF4000EAD1BDE8F087B342EDD0FAE72DE9F04120
:10DF500005468846F0F78CF90446D8B1037ADB070A
:10DF600018D500F10C073846FFF7B0FC10F0010699
:10DF700010D1B8F1000F0ED06FF002013846FFF754
:10DF8000BAFC10F0020F284608D0FFF7F7FB204636
:10DF9000FFF77EFE01263046BDE8F081FFF7ECFB7F
:10DFA0000028F8D02846FFF7F9FB0028F3D06FF0DF
:10DFB00002013846FFF79FFC2846E6E7F7B5002147
:10DFC0004FF0FF324FF0FF3307680846FEF7AEFE12
:10DFD00000F10C0604460121304600F081F80525C9
:10DFE00005700121304600F07BF8002305702246C1
:10DFF000009306213846FEF79CFE10B12046F1F74B
:10E00000EFFA002003B0F0BD6FF0850070470020EC
:10E0100070477047416A49680968F1F767BAF7F7CE
:10E020002FBC4FF04003EFF3118283F31288BFF34C
:10E030006F8F00230B60436833B9C0E9001182F38E
:10E040001188BFF36F8F704719604160F7E710B513
:10E0500003464FF04002EFF3118182F31288BFF3C1
:10E060006F8F006828B15C6802681A60A04208BF20
:10E070005A6081F31188BFF36F8F10BD02F075BE37
:10E08000027A013202727047034618465B68002B21
:10E09000FBD17047426810B52AB10B461C465B683D
:10E0A000002BFBD16260416010BD10B5044620B961
:10E0B0000B7A01330B72084610BD034618465B68A5
:10E0C000002BFBD1FFF7E6FF2046F5E792B2816017
:10E0D0000160C2808280704783680B440360704790
:10E0E0008388026819448180D018704730B48488CE
:10E0F0000568A3188380281930BC03F0A4BA10B5B2
:10E10000838802685C1C8480D154D01810BD838839
:10E11000026830B5D4189D1C8580D154090A6170FD
:10E1200030BD034600689A88401A114418609980EF
:10E1300070478288521A034682800068084418603B
:10E140007047034600689A88521A01449A80196001
:10E15000704710B503681C880221FFF7EAFF2046CC
:10E1600010BD02688068101A70478388C288816871
:10E17000D21A03685B1AD01A704703691869FEF750
:10E180000DBA00690069FEF70DBA00690069FEF773
:10E1900007BA10B503691C695B681868FEF794F844
:10E1A00028B194F89002023818BF012010BD022057
:10E1B000FCE738B503691C6994F89022022A10D054
:10E1C0005D682868FEF780F868B128682146FEF788
:10E1D00029F818B1012384F8903238BD022384F85D
:10E1E00090320020F9E70220F7E70369C9B20C2258
:10E1F00001FB0233186C00F0070070474FF040033A
:10E20000EFF3118283F31288BFF36F8F036803F07B
:10E21000C00343F00203036082F31188BFF36F8FE2
:10E22000704770B5C9B203694FF04004EFF3118530
:10E2300084F31288BFF36F8F0C2606FB0134246C25
:10E2400014F0C00408D0A24206D085F31188BFF3B1
:10E250006F8F4FF0FF3070BD71430B4401221A6481
:10E2600085F31188BFF36F8F43680B445B68984751
:10E270000020F0E78022FFF7D4BFF8B5069F0469BD
:10E28000C9B24FF04005EFF3118685F31288BFF352
:10E290006F8F0C2569430C44256C05F0070CBCF10D
:10E2A000010F0BD1276486F31188BFF36F8FC4E988
:10E2B0000E2343685B5898470020F8BD05F0C00561
:10E2C000AF4286F31188BFF36F8F0CBF6FF07700FA
:10E2D0004FF0FF30F1E713B580240094FFF7CDFF36
:10E2E00002B010BD10B40069CBB21C2403FB0400C3
:10E2F00000215DF8044B10470020F3F79BBF00207E
:10E3000000F0D6BB1046F7F7EFBA0020704738B5DB
:10E310000C461546EDF728F928B129462046BDE8F8
:10E320003840ECF725BA6FF00A0038BDF7B50F4654
:10E3300016464FF480650024A64203D816D0162056
:10E3400003B0F0BD331BB3F5806F38BF1D462A46BE
:10E3500001AB39190020F8F73FFE20B9019BAB4211
:10E3600001D12C44E8E76FF01500E9E70020E7E76A
:10E37000002208B511461046F8F7FEFD002818BF28
:10E380006FF0150008BD43685B68D3F810350B606B
:10E390000020704743685B6802EA010021EA02013D
:10E3A000C3F80805C3F80C150020704743685B6884
:10E3B0000020C3F80815704743685B680020C3F865
:10E3C0000C15704743685A68D2F8043521EA0300F7
:10E3D0000B40C2F80805C2F80C350020704710B594
:10E3E00003695868F8B1884219D19C680868586078
:10E3F000A14200D19860002008602AB15A680A60E2
:10E400009A68596002B99960002010E0814206D1F3
:10E410000868206098688142EDD19C60EBE7044673
:10E4200000680028F2D1002AE8D16FF0150010BD75
:10E4300030B543681360057A446804EBC504A34211
:10E4400002D36FF0010030BD5C798C4201D00833FB
:10E45000F0E70020F7E703460A4600681979012330
:10E4600003FA01F103691B68194218BF82F0010227
:10E4700012B18368DB68184783681B69FBE710B437
:10E4800084682468A4465DF8044B604707B50169B9
:10E4900040684968006801230DF10702F1F7FAFDB1
:10E4A00038B99DF80700FF3818BF012003B05DF8A8
:10E4B00004FB6FF00400F9E7012070472DE9F743F2
:10E4C0004FF47A7582FB0525D40B44EA454425F4C4
:10E4D000FF4540F2E7334768D0F8108025F07F050C
:10E4E000E003C01845EA54450E464FF47A7245F1F0
:10E4F00000010023D2F778FA05468946002E04DC95
:10E500006FF0730003B0BDE8F083D8F804103868EA
:10E5100001230DF10702F1F7BDFD0028F2D19DF8AE
:10E520000730FF2BEED028464946F7F785FE361B0D
:10E53000E4E72DE9FF4704694668CDF808D00123D8
:10E54000002A0D4603934FF015020CBF1523092333
:10E55000FF21814604F130000193009003F09BF805
:10E560002B6803F03F0343F0400384F831306B68BD
:10E5700084F835301A0C190E84F83320C3F30722BF
:10E5800084F8321084F8342004F13101052200208F
:10E59000FCF730FB40F0010084F8360002AB616804
:10E5A00030681A46FFF76BFF0446002847D1D9F8B8
:10E5B0001060019FD9F804A006F13008474406F125
:10E5C0003802974213461FD825D013F8012BAA60B2
:10E5D0006AB112F0600F40F08380500700F1838031
:10E5E000110700F1838012F0120F40F08280A969B8
:10E5F00001F0F002302A64D029D8102A1FD0202A36
:10E6000053D06FF085041AE093F90010002902F14D
:10E610000102D6DBD9E710277168DAF80000012380
:10E620004246F1F737FD002866DB96F83030FF2BC5
:10E6300009D1013F17F0FF07EED16FF073042046B8
:10E6400004B0BDE8F08706F131074346BDE7602A14
:10E6500037D024D801F0E0014029D2D10022EA606D
:10E660004FF00409EA68BB424FEA0222EA600BD18C
:10E670007168DAF800000123424606F13107F1F72C
:10E6800009FD002838D1434613F8011BEA6809F157
:10E69000FF390A4319F0FF09EA60E3D1CFE7702A96
:10E6A000DBE712780133002AC9D1BB421A46F8D3FE
:10E6B000C5D14FF47A7240F6B8314846FFF7FEFEF6
:10E6C000BDE7BB4208D17168DAF800000123424679
:10E6D000F1F7E0FC80B943461B781B02AB60AEE764
:10E6E0006FF00D04ABE76FF01504A8E76FF0890435
:10E6F000A5E76FF00404A2E70446A0E743681B689F
:10E70000D3F88004C3F880047047436802691B682B
:10E71000D3F8100150B15269002012780A70C3F882
:10E720001001D3F8102101221A6070474FF0FF301A
:10E73000704702680346D2F8580140B95B689B07EE
:10E7400006D4D2F82001003818BF012070470120FC
:10E75000704742681368D3F80413C90518D5D3F875
:10E760002011A9B14FF04000EFF3118180F312881E
:10E77000BFF36F8FD3F8200130B10020C3F8200120
:10E78000D3F820010120D86081F31188BFF36F8F87
:10E790005268D20615D54FF04001EFF3118281F394
:10E7A0001288BFF36F8FD3F8581111B10021C3F84D
:10E7B00000154FF48001C3F8081382F31188BFF3EA
:10E7C0006F8F7047FDF73DB8002201210420E9F763
:10E7D0007DBF002201212F20E9F778BF10B50B681B
:10E7E00013B91360184605E003685C681CB1146037
:10E7F0000368186810BD083303600B68013B0B60A9
:10E80000EDE703460A4600681979012303FA01F18E
:10E8100003691B68194218BF82F0010212B18368B4
:10E82000DB68184783681B69FBE710B5036804467B
:10E830004BB19A683AB1186902F02AF920680021B0
:10E840000830FFF7DEFFA36933B9636004F11000FD
:10E85000BDE81040F7F748B810BD10B5006903686F
:10E860008B4206D190F86C4034B9FFF7DEFF2046AA
:10E8700010BD6FF01500FBE76FF00F00F8E7F8B57B
:10E880000C46054602F077F8002221460646284647
:10E89000F5F790FF03212046F2F758FB00F023F82C
:10E8A00007462B689B5953B100262146284602F0A3
:10E8B00060F820460121F2F749FB3046F8BD00F030
:10E8C00012F8C01B0628ECD96FF07306EDE700F1D3
:10E8D00050039B009BB203F1804303F58833002271
:10E8E0001A601B68704708B5F2F7F6FB08BD10B553
:10E8F000F3F7D0FB4FF0FF304FF0FF31F2F7A0FD00
:10E90000044620B9D2F7C0FE0446F2F7A1FD204626
:10E9100010BD38B5038A054673B3037EA3B1022B3D
:10E920002AD14FF0FF304FF0FF31F2F789FD044656
:10E9300040B9E868E3F791F90446F2F789FDB4B10C
:10E94000F2F720FE204638BD4FF0FF304FF0FF3188
:10E95000F2F776FD04460028F4D1E868F2F748FFA4
:10E960000446F2F775FD002CECD1F2F70BFE2846B9
:10E97000F0F736FE0024E5E76FF01504E2E7F2F762
:10E98000BFBE10B530220446002102F084FE2023D1
:10E9900023708023A3706FF03F0363710423A3727D
:10E9A0002823A3730223E3730423A3756FF00803E2
:10E9B00063766FF03C03A3766FF00C03E3767E235F
:10E9C0002377302384F820306FF03F0384F8213020
:10E9D000072384F822306FF0070384F823300123E3
:10E9E00084F82430802384F82630042384F82930E6
:10E9F000402384F82D3010BD00230360436003786A
:10EA000023F03D0343F03D030370437823F04103BB
:10EA100043F041034370704701F12003013813F8BC
:10EA2000012D00F8012F8B42F9D170470021F3F737
:10EA300053BB90F84010012901D8F3F74DBB1220C9
:10EA40007047684620F007018D4601B5DFF726FDC7
:10EA5000E9F7BCFABDE801408546704708B54FF0BC
:10EA6000FF314FF0FF30F2F7EBFCE6F7FCFBBDE8BF
:10EA70000840F2F7EDBC684620F007018D4601B56D
:10EA8000DFF7C4FCBDE8014085467047684620F0CA
:10EA900007018D4601B5DEF797FEE9F797FABDE865
:10EAA00001408546704708B5E6F710FB002008BD19
:10EAB000012801D1DEF73ABF70477047DEF788BF03
:10EAC000F8F702BA08B5E9F7E1F8E9F7B5F9BDE8F2
:10EAD0000840F8F7F9B900687047034600685968BC
:10EAE00070470B0A017043700B0C090E8370C170E4
:10EAF0007047110A02704170110C120EC2701A0A8E
:10EB0000037142711A0C1B0E81708271C3717047C0
:10EB1000C3690239023B8B4283BF4389006B01FB0F
:10EB2000030000207047034600F10B010020C201E2
:10EB300042EA500213F8010B50FA82F28B42D0B233
:10EB4000F5D1704710B541780446013100204901E4
:10EB50000246022A08BF0422A35C03EBC0339BB227
:10EB6000013203EB5003914298B2F2D810BD10B5B8
:10EB7000044600693430FFF7AEFF88602069383002
:10EB80000A46FFF7AAFFC2E90401236993F821307E
:10EB900003F00203D3710023D36110BD38B50D46D5
:10EBA000044618B9092000232B6038BD0368002BE8
:10EBB000F8D01A78002AF5D08188DA889142F1D10C
:10EBC0005878F5F711F910F00100EBD12368EBE765
:10EBD00038B503790446C3B100F13C05826B407837
:10EBE00001232946F5F724F988B9A16BA36A226AA3
:10EBF0002071CB1A934208D2E378022B05D10A4444
:10EC0000607801232946F5F713F9002038BD01206B
:10EC1000FCE738B50D4640F2B5111446F5F742F958
:10EC2000FF2807D9012C0BD9030A2B706870022426
:10EC3000204638BD30B1002CFAD028700124F7E707
:10EC40000024F5E70446F3E72DE9F84300260768BA
:10EC50008E76836B05460C46002B49D03B78042BFF
:10EC60004BD1354633464FF0400820E0B8F5187FC9
:10EC700024D218F01F0F08BF08F10208013532F83E
:10EC8000080008F102082BB900F5205292B2B2F543
:10EC9000006F0BD306F11A01C6F1FF02214440EACE
:10ECA0000340FFF7B6FF48B10644002003463A6927
:10ECB00092F82310A942D9D803B916B93F23A376F5
:10ECC000012626440023B37663733B691B7903F066
:10ECD0003702DB0622730DD438693830FFF7FDFEAA
:10ECE000C4E900013B699B8963813B69DB8923811E
:10ECF000BDE8F88300200146F2E7C36C01333FD141
:10ED000000231A462E27E96B501C8A5C202A3CD02F
:10ED1000052A08BFE522092803F1010104EB0306D7
:10ED200031D10B2B9FBF0919777302334A7384BF0C
:10ED300072730B460246E6E7B9F1000F05D100F504
:10ED400020539BB2B3F5006F0BD308F11A01C8F141
:10ED5000FF02214440EA0940FFF75BFF40B18044D5
:10ED6000002002368146FB68985B0028E4D14046CB
:10ED7000B9F1000F18BF0020204400238376BFE7BD
:10ED8000B146B046EFE772730B460B28D2D1E218BA
:10ED900000215173A27E9AB943B104F10C030820FB
:10EDA0005A78591CF2B91B1B0C3B02E03F23A37697
:10EDB0000123234400229A76EB6B1B7B03B9637318
:10EDC000EB6BDB7A03F03F032373E86B1C30FFF738
:10EDD00082FE002320606360EB6BDB8A6381EB6B58
:10EDE0001B8B84E72E2A0BD01346413A192A04D8EC
:10EDF000EA6B127B104200D020334B730B46CFE7F7
:10EE000010201346F9E738B50546002435F8020B03
:10EE100008B9204638BDF5F777F8620802EBC4322E
:10EE2000C3B213FA82F292B2C0F3072303EB520388
:10EE300003EBC2339CB2E9E7C2F307238A76CB76B1
:10EE40000378032B01BF120C0A75120A4A7570472A
:10EE500038B5836B8B4205460C4610D0FFF7B8FEE1
:10EE600060B922466878012305F13C01F4F7D4FF2C
:10EE700000281CBF4FF0FF340120AC6338BD0020D8
:10EE8000FCE72DE9F0470239466B01F007044FF02B
:10EE9000010A0AFA04F405461746984606EB1136AD
:10EEA000C1F3C809E4B2314628460136FFF7D0FF66
:10EEB00018B10120BDE8F087994605EB090292F8E8
:10EEC0003C30234214BF01210021414514D063404E
:10EED000013F82F83C3085F804A0EBD0640014F0C8
:10EEE000FF04EAD109F10103B3F5007F4FF00104FB
:10EEF0004FF00009E0D1D6E70220DBE70129F8B5A1
:10EF00000C4640F28B800668F3698B4240F28680A3
:10EF10003378013B032B00F28180DFE803F0022904
:10EF2000374A01EB5105B16A304601EB5521FFF735
:10EF30008FFF10B14FF0FF30F8BD6F1CB16AC5F301
:10EF40000805354401EB5721304695F83C50FFF752
:10EF50007FFF0028EED1C7F30807374497F83C300D
:10EF600045EA0320E3074CBF0009C0F30B00E3E7C9
:10EF7000B16A304601EB1421FFF76AFF0028D9D1AE
:10EF8000640004F4FF743444A08FD5E7B16A3046BE
:10EF900001EBD411FFF75CFF0028CBD1A40006F1F0
:10EFA0003C0004F4FE742044FFF795FD20F070400F
:10EFB000C2E7D0E9043153EA0102C57901D0826881
:10EFC00002B95DBB82687789022DA4EB02020CD1E5
:10EFD000013B41F1FF315B0A43EAC153B3FBF7F355
:10EFE0009A421BD81CD0601CA6E7032D02D183696E
:10EFF0009342F8D8C3699BB9B16A304601EBD4118A
:10F00000FFF726FF002895D1A0003C3600F4FE70E3
:10F010003044FFF760FD20F000408DE701208BE7D2
:10F020006FF0004088E7F8B504682378042B14BF1C
:10F030004FF400134FF080538B4206460D4601D823
:10F040000220F8BDCA06FBD1826801631ABB23788F
:10F05000022B12D82389B3EB551FF1D9E06AC6E918
:10F060000D200028ECD000EB55203C34C5F30805FA
:10F070002C44B063F4630020E3E7E36AC271002B21
:10F08000E8D067891A467F02BD42114605D2204664
:10F09000FFF73EFDE3E71346F3E73046FFF72EFFA9
:10F0A000431C024606D00128CAD9E3698342C7D966
:10F0B000ED1BE9E70120C4E701292DE9F8430646E5
:10F0C0000C46154608D9C3698B4205D90378022B33
:10F0D0005ED003D8012B21D002204FE0033B012B4F
:10F0E000FAD8816A01EBD411FFF7B2FE002845D1AE
:10F0F0003278A40006F13C0304F4FE74042A23448D
:10F1000007D01846FFF7E7FC25F0704500F0704087
:10F11000054329461846FFF7E4FC2CE001EB5107B4
:10F12000816A01EB5721FFF793FE38BB06F13C08DB
:10F1300007F10109C7F3080714F001041FBF18F80D
:10F1400007202B0103F0F00302F00F0214BF13435A
:10F15000EBB208F80730B16A0123337101EB592192
:10F160003046FFF775FE48B9C9F3080944B1C5F345
:10F17000071508F80950012333710020BDE8F88312
:10F1800018F80930C5F3032523F00F031D43F0E7FA
:10F19000816A01EB1421FFF75BFE0028EED16400C9
:10F1A00006F13C0304F4FF741A191D55C5F3072535
:10F1B0005570E0E7F8B504460E461746E3690BB90B
:10F1C0001846F8BD012BA6EB030514BFAA1C3A464E
:10F1D0002068691CFFF770FF0028F2D1E369013B4A
:10F1E000E361EBE770B5C379032B044601D000203F
:10F1F00070BD81688369CD18A94202D10023E371F3
:10F20000F5E74E1C20683246FFF756FF0028EFD185
:10F210003146F1E72DE9F8430129056806460C4619
:10F22000174602D80220BDE8F883EB698B42F9D972
:10F230007AB9A14621463046FFF760FEA046044653
:10F24000B0B92B78042B02D1002F44D1F7710020E4
:10F25000E9E72B78042B02D1C379022BE9D04FF0D8
:10F26000FF3239462846FFF727FF0028E1D0DAE7CA
:10F270000128D7D0421C01D10120D4E72B78042BE0
:10F2800010D1D5E90632023A934213D308F10102B4
:10F29000A24203D02B78042B13D0A146EB69A342E2
:10F2A000C8D8CEE7002241462846FFF705FF0028D0
:10F2B000E7D0B8E70133AB616B7943F001036B71C1
:10F2C000E4E70023A2EB090249462846FFF7D9FDEF
:10F2D0000028E2D0A7E7F3798BB9B468BC4202D129
:10F2E0000223F371B3E721463046FFF707FE0128FA
:10F2F00098D9431CC0D001348442EFD0A7E7032B38
:10F30000A5D1B368BB42A2D8B2691344BB42E7D2CD
:10F310009DE7F8B505460E46FFF75AFC0446F8B9D6
:10F3200031462846FFF7F4FB05F13C070646A86383
:10F330004FF400722146384602F0ADF96B899C42C9
:10F3400004D36889001B18BF0120F8BD6878012329
:10F3500032193946F4F76CFD0028F2D10134EDE79B
:10F360000120F2E7F8B50446FFF732FC0546002815
:10F3700042D12378032B37D16779012F34D104F19F
:10F380003C0601464FF40072304602F084F95523E2
:10F3900084F83A32AA2384F83B3252234122722164
:10F3A00084F83C3084F83D30612384F83E3084F8A2
:10F3B000233284F83F2084F8201284F8211284F844
:10F3C0002222A16904F50970FFF78BFB616904F53E
:10F3D0000A70FFF786FB626A60780132A2633B46DF
:10F3E0003146F4F725FD6571002260781146F4F787
:10F3F0002BFD003818BF0120F8BD2DE9F047074666
:10F4000005688846002939D1D5E90563002E4AD020
:10F41000EA69B24247D91BB900242046BDE8F0870B
:10F420002B78042B45D1EB69B41E023B9C4228BFCC
:10F430000024A1464FF0010A696B284601EB1931FF
:10F44000FFF706FD00287FD1EA6909F007030AFAF1
:10F4500003F3C9F3C801DBB2A2F1020C6A1892F8F7
:10F460003C0009F10102624500EA03003AD300289A
:10F4700039D0002C39D000229146DDE7FFF73EFD60
:10F480000128044601D80124C7E7421C00F0B180DE
:10F49000EB698342C1D8AA69002ABDD02A78042A20
:10F4A00079D14646BFE7002BB6D02B78042B16D077
:10F4B00001263446EB690134A34202D8012EABD0B9
:10F4C000022421463846FFF719FD00287DD0012887
:10F4D000D9D0013000F08D80B442EBD19CE70024FC
:10F4E0000126A6E718BB09F10204631E033394D872
:10F4F00001231A4621462846FFF7C3FC0228C2D042
:10F50000012876D0B8F1000F23D10223FB71002827
:10F51000B9D1D5E90632023A93429CBF03F1FF33D9
:10F52000AB616B796C6143F001036B7175E7A242CB
:10F530000DD05B0013F0FF0304D10131B1F5007F62
:10F540009AD00123914689E74FF0FF34CDE700249C
:10F55000CBE7FB79022B07D1731CA342D7D0BB6842
:10F56000F31ABB610323FB7108F10102A242FB699C
:10F570000BD00BB90123FB61224641463846FFF709
:10F5800019FE98BB0123FB61C3E713B10133FB6193
:10F59000BDE70223FBE708F10104A34298BF022460
:10F5A00021463846FFF7AAFC01283FF46CAF431C04
:10F5B0001FD038B16E69012E05D9EB699E4228BF74
:10F5C000464676E70CB9464673E74FF0FF322146D0
:10F5D0002846FFF771FD48B9B8F1000F99D02246CF
:10F5E00041462846FFF768FD002892D001287FF4A5
:10F5F0004AAF4FF0FF3410E72DE9F8430668076B78
:10F600003378042B14BF4FF400134FF0805320378E
:10F61000BB429CBF00238363836B0446894673B15E
:10F62000C7F30808B8F1000F3CD1416B0133836385
:10F6300041B93389B3EB571F34D80023A3630420A7
:10F64000BDE8F8837389013B13EA57232AD1FFF7FA
:10F6500055FC0128054601D80220F1E7421C01D1E2
:10F660000120EDE7F369834216D8B9F1000FE4D029
:10F67000616B2046FFF7C1FE0546C8B10128EBD0FB
:10F68000431CEDD001463046FFF743FE0028E7D18A
:10F69000E37943F00403E371656329463046FFF7DD
:10F6A00037FAA0633C3646442763E6630020C7E789
:10F6B0000720C5E7F8B50E46002107680446FFF7A6
:10F6C000B2FC98B90546A16B3846FFF7C1FB68B993
:10F6D0003A78E36B042A1B780CD11B060ED505463D
:10F6E00001212046FFF788FF0028ECD0042808BF3E
:10F6F000072006E0E52B01D0002BF0D10135B54203
:10F70000EED1F8BDF8B5C16C0568066B4B1C04461C
:10F710001CD10127A16B2846FFF79AFB90B92B78E3
:10F72000E26B042B0ABF1378E52303F07F03137009
:10F730002F71236BB3420DD200212046FFF75CFFEF
:10F740000028E7D0042808BF022003E0FFF76BFC85
:10F750000028DED0F8BDF8B504460068A16B056945
:10F76000FFF776FB20B9E36B1A78852A01D00220D7
:10F77000F8BD2A4603F1200153F8040B42F8040BAC
:10F780008B42F9D16E7801367601A6F16003B3F5AC
:10F79000007FECD800212046FFF72EFF0428E6D09A
:10F7A0000028E5D1A16B2068FFF752FB0028DFD1CC
:10F7B000E36B1A78C02ADAD105F1200203F12001A7
:10F7C00053F8040B42F8040B8B42F9D195F823301F
:10F7D0000F222C33B3FBF2F3B6EB431FC7D3402702
:10F7E00000212046FFF708FF0428C0D00028BFD121
:10F7F000A16B2068FFF72CFB0028B9D1E36B1A78C6
:10F80000C12AB4D1EA1903F1200153F8040B42F8DC
:10F81000040B8B42F9D12037BE42E1D82846FFF7CE
:10F8200091F96B88181A18BF01204000A0E7F8B5BD
:10F8300003681C6905462046FFF784F9A070000A9A
:10F84000E070E96C66782846FFF7EDFB012720B1F0
:10F85000022828BF0220C0B2F8BDA96B2868FFF7B4
:10F86000F7FA0028F4D1EB6B04F1200254F8041BE2
:10F8700043F8041B9442F9D12B681F71002EE7D086
:10F8800000212846FFF7B8FE013EE0E703284B8B36
:10F8900004BF8A8A43EA0243184670472DE9F047BD
:10F8A00098B0164601910446002800F02A8102F023
:10F8B0003F08424603A901A8F2F78CFD074648B964
:10F8C000039D0199049504A8F3F792FA30B116F05C
:10F8D0001C0F17D100232360074604E19DF95B301C
:10F8E000002BC0F2088116F01C0F9DF8163040F076
:10F8F0009E80D80600F10181B10743D5DA0741D5D2
:10F900000720E7E70428E5D104A8F3F79DF80028CD
:10F91000E0D148F0080818F0080F38D02B78042BF5
:10F9200040F08E80214628462560FFF720F928699F
:10F930001E220021023001F0AEFE28691A220021A9
:10F94000263001F0A8FE2B6920221A712B690022B3
:10F950001A725A7221229A725422DA722B69012287
:10F9600083F8212004A8FFF762FF0028B2D1A16824
:10F9700041B102462046FFF74DFCA668013E6E618C
:10F980000028A7D118F0080F18BF48F04008AB6B4B
:10F990001399A364E1642878042840F08C80069BC6
:10F9A0002362089B9DF8172023F0FF031343636233
:10F9B000179BA36221462846FFF7D9F82560EB88FC
:10F9C000A3804FF0000A0022002318F0200FC4E9A2
:10F9D0000E2384F8308084F831A0C4F844A000F0ED
:10F9E0008280D4E9046856EA08037CD0C4E90E6832
:10F9F000B5F80A90A1684FEA4929B1457AEB0803A6
:10FA000064D22046FFF77AFAB6EB090668F10008DF
:10FA1000012801466BD9431C6BD0B1457AEB080332
:10FA2000EFD30020216400287FF454AF4FE013F09F
:10FA3000110F7FF465AF76077FF56DAF082049E7BA
:10FA4000139B4FF00009542221215A7483F80E9021
:10FA500083F80F901974139B5A7683F8169083F8E5
:10FA60001790197613992878FFF710FF2023CB728F
:10FA7000139906464A462846FFF7DEF9139B83F89A
:10FA80001C9083F81D9083F81E9083F81F9001232B
:10FA90002B71002E3FF476AF4A46314604A8D5F8C4
:10FAA00038A0FFF7B7FB00287FF414AF5146284673
:10FAB000FFF7CEF962E7FFF7E9FEA06001F11C0055
:10FAC000FFF709F800232061636177E72164C6F33B
:10FAD000080343B12846FFF71BF880B1760A46EACF
:10FAE000C85630446064384618B0BDE8F08702203C
:10FAF00098E7012096E70620ECE60420EAE60220DB
:10FB0000E8E60927EFE72DE9F04F9A4685B0002394
:10FB10008946CAF8003003A904461746FFF73EF8A5
:10FB2000064678BB94F8316066BB94F830B01BF0A1
:10FB30000103009300F09080D4E90432D4E90E016F
:10FB40001B1A62EB0102BB4272F1000200D21F4697
:10FB5000C7B1D4E90E20C2F30803DDF80C80002BF6
:10FB600061D1B8F80A30510A013B41EAC05113EAA9
:10FB7000010B18D1024309D1A06801280BD8022635
:10FB800084F83160304605B0BDE8F08F216C204626
:10FB9000FFF7B4F9F1E7431C04D10123009E84F878
:10FBA0003130EFE72064216C4046FEF7B1FF0028BA
:10FBB000E5D0B7F5007F0BEB000233D3B8F80A109D
:10FBC00001920BEB572088424FEA572588BFA1EBE3
:10FBD0000B0598F801002B464946F4F71DF900285B
:10FBE000DBD198F804306BB1D8F83800019A801A4C
:10FBF000A84207D24FF4007208F13C0109EB402003
:10FC000001F021FD6D02DAF800302B44CAF8003013
:10FC1000D4E90E325B1942F10002C4E90E327F1BB7
:10FC2000A94495E76264A56B616CC5F30805C5F549
:10FC30000075BD42404628BF3D46FFF709F9002840
:10FC4000ABD1A16B08F13C08C1F308012A4641443D
:10FC5000484601F0F8FCD6E7072693E72DE9F04F78
:10FC6000994685B000238846C9F8003003A90446A8
:10FC70001746FEF793FF054680BB94F831506DBBE5
:10FC800094F830309A0740F1C280039E3378042BF9
:10FC900003D0A36BFB4200D3DF43CFB1D4E90E31D5
:10FCA000C3F30802002A40F09280B6F80AB05A0A5C
:10FCB0000BF1FF3B42EAC1521BEA020B22D10B437C
:10FCC00010D1A16881B92046FFF797FB014658B9CA
:10FCD00094F8303043F0400384F83030284605B0C3
:10FCE000BDE8F08F216CEEE7012903D1022584F8ED
:10FCF0003150F3E74B1C01D10125F8E7A3682164DB
:10FD000003B9A160B26B636C9A4204D13046FEF72E
:10FD10005FFF0028F0D1216C3046FEF7F9FE002885
:10FD2000E4D0B7F5007F0BEB000A3FD372897078FF
:10FD30000BEB572191424FEA5723414688BFA2EB74
:10FD40000B0352460193F4F773F883460028D3D18E
:10FD5000B16B019BA1EB0A0199420AD24FF40072E8
:10FD600008EB412106F13C0001F06DFC019B86F897
:10FD700004B04FEA432BD9F800305B44C9F8003097
:10FD8000D4E90E32D4E904011BEB030342F1000273
:10FD9000984271EB020C3CBF18461146C4E90E3282
:10FDA000C4E90401A7EB0B07D84476E7D4E90E02B7
:10FDB000D4E90413884272EB030306D33046FEF7FE
:10FDC00007FF002898D1C6F838A0C4F844A0A36B58
:10FDD000DDF80CA0616CC3F30803C3F50073BB42EC
:10FDE00028BF3B4650469B46FFF732F8002883D198
:10FDF000A36B0AF13C00C3F3080318445A4641467A
:10FE000001F021FC4FF001038AF80430B3E7072525
:10FE100064E7F0B597B001A90546FEF7BFFE0446BA
:10FE200000286AD195F8304014F0400465D0019E56
:10FE30003378042B64D12846FFF7D4F90446002810
:10FE40005BD1296C4FF0FF322846FFF7B3F9044627
:10FE5000002852D12B6802932B6A04936B6A8DF8A9
:10FE60000F3023F0FF03CDE90630A96A099002A8FC
:10FE70001591FFF7D8F8044600283ED102A8FFF7F5
:10FE80006AFC0446002838D13269137943F0200314
:10FE90001371EB79326943F0010382F82130306944
:10FEA000A9683430FEF71DFE3069D5E904233830E7
:10FEB000FEF71FFE3069D5E904232830FEF719FE4E
:10FEC000336921229A7354221C735C73DA73336989
:10FED0005C75336902A81C745C749C74DC74FFF755
:10FEE000A6FC044648B93046FFF73CFA95F8303096
:10FEF00023F04003044685F83030204617B0F0BDAB
:10FF0000A96C3046FEF7A4FF04460028F5D1EF6C3B
:10FF1000FB7A43F02003FB722868AA683946FEF793
:10FF20008BFF296907F11C00FEF7DBFD21233B76DF
:10FF300054237B760123BC75FC75BC74FC7433714F
:10FF4000D1E713B50446FFF764FF28B901A920469D
:10FF5000FEF724FE00B9206002B010BD2DE9F04F7D
:10FF600085B003A9044615461E46FEF717FE074650
:10FF7000002840F0A48094F83170002F40F09F805A
:10FF8000DDF80CA09AF80030042B0CD1216C4FF056
:10FF9000FF322046FFF70EF908B107468FE09AF8C6
:10FFA0000030042B04D0002E1CBF4FF0FF3500267C
:10FFB000D4E90401A84271EB060CD4E90E3236D222
:10FFC00094F830C01CF0020F2FD000200021C4E9AB
:10FFD0000E01BAF80A8053EA02014FEA482846D0D7
:10FFE00013F1FF3B42F1FF39681E66F10001424602
:10FFF0000023D0F7F9FC0023CDE900014246584622
:020000023000CC
:100000004946D0F7F1FC009B8342019B8B412ED3E4
:10001000C8F1000303EA0B03C4E90E39216CEB1AA3
:100020001D4666EB090649B124E005460E4600214F
:100030000020C4E90E0155EA0601CAD10020D4E926
:100040000E32D4E904519D4291413CBFC4E90432CF
:1000500094F83020C3F308033CBF42F0400284F818
:10006000302063B3636C834229D0606427E0A168C9
:10007000E1B121644FF00009A84579EB0600D4E90D
:100080000E3227D3D4E90E325B1946EB0202C4E9E3
:100090000E32C5F30803002BD0D05046FEF738FDD2
:1000A00050B16D0A45EAC6552844C8E72046FFF717
:1000B000A4F90128014606D1022784F83170384698
:1000C00005B0BDE8F08F421C01D10127F5E7A06023
:1000D0002064A8E7B5EB080594F830E066F1000667
:1000E00013EB080342F100001EF0020FC4E90E30CA
:1000F00014D06269009222699A42009A82413EBFFE
:100100004EF0400EC4E9043084F830E02046FFF79A
:1001100074F9014630B905460646B3E72046FEF7B6
:10012000EDFE01464B1CD0D00129C5D9DAF81C30B0
:100130008B42C1D921649FE730B585B00446019157
:1001400000283BD0002203A901A8F2F743F948B9DF
:10015000039D019925602046F2F74AFE28B1042844
:1001600000D105200023236021E094F94B30002BBF
:1001700013DBA379DB06F4D52878042819D1A3680A
:1001800023622369E27923F0FF0313436362E36C84
:10019000A36221462846FEF7EAFCEB88A3800021F3
:1001A0002046FEF740FF0428DBD00028DAD105B056
:1001B00030BDE16BFFF76AFBA060EEE70920F6E7D0
:1001C00013B501A90446FEF7E9FC00B9206002B0AE
:1001D00010BD73B50D4601A90446FEF7DFFCC0B99A
:1001E00035B92946204602B0BDE87040FEF71BBF76
:1001F0002046F2F7C5FA10F0FB060AD12946204640
:10020000FEF722FD31462046FFF7F6F9042808BF25
:10021000002002B070BD30B597B00D4601900022AD
:1002200002A901A8F2F7D6F8044670B9019902A80C
:10023000F2F7DEFD044640B99DF95330002B07DB91
:100240001DB1294602A8FEF7FFFC204617B030BDBD
:100250000624FAE72DE9F04F91B089460190154642
:1002600003A9002201A8F2F7B5F8074648B9039C94
:100270002C60D4E9063AAAF10208434505D8C9F82A
:100280000030384611B0BDE8F08F2578012D1AD125
:1002900004944FF002080646414604A8FEF72EFEDD
:1002A000431C6CD0012869D000B90136E36908F11C
:1002B00001084345F0D8C9F800606379A66143F0AE
:1002C00001036371DDE7042D2DD1616B8246064683
:1002D000BAF1000F08D1204601F1010BFEF7B8FD7D
:1002E000054600284BD1594604EB0A0393F83C30ED
:1002F000DB43DBB2B8F1000FDDD0A8F1080208F152
:10030000FF3803F00100904506444FEA530302D042
:10031000B8F1000FF3D10AF1010ACAF3080AB8F1E3
:10032000000FD5D1C7E7A16A8046064604F13C0B11
:10033000B8F1000F08D14B1C20460093FEF788FD52
:100340000546E0B9009B19462378022B0BEB080009
:100350000BD13BF8083003B9013608F10208BAF1B5
:10036000010AC8F30808E3D1A5E7FEF7B4FB30F0B3
:10037000704308BF013608F10408F0E702252F4654
:100380007FE737B501A90446FEF708FC05460028BB
:100390005AD194F83150002D56D194F830309A0744
:1003A00055D5D4E90E32D4E90401834272EB010140
:1003B0004AD2134311D1A1682A462046FEF72AFFEC
:1003C000A560D4E90E23C4E9042394F8303043F047
:1003D000400384F83030B8B313E0216C2046FEF7B8
:1003E0008DFD431C014619D001280ED1D4E90E23FE
:1003F000C4E9042394F8303043F0400384F83030EB
:10040000022084F8310005461EE0019BDB6983422F
:1004100010D9226C2046FEF7FDFED2E7D4E90E2368
:10042000C4E9042394F8303043F0400384F83030BA
:100430000120E6E7D4E90E23C4E9042394F8303020
:1004400043F0400384F83030284603B030BD072520
:10045000FAE770B5B8B00222019003A901A8F1F73C
:10046000B9FF78B9039C0199109410A8F2F7C0FC69
:1004700040B99DF98B30002B44DB9DF84660F307B3
:1004800002D5072038B070BD20780494042806F007
:10049000100626D104A92046FEF769FB069DB6B1D9
:1004A000DDE90823CDE928239DF81730249426950B
:1004B0008DF89730002124A8FEF7B5FD0028E1D182
:1004C00024A8F2F75DF90028DBD00428DAD110A8BF
:1004D000FFF718F90028D5D165B92046FEF742FF8D
:1004E000D0E71F99FFF7D2F90546002EEFD02494EC
:1004F0002690DFE70246294604A8FEF78BFE002877
:10050000C0D1EAE70620BDE770B5A4B00222019091
:1005100003A901A8F1F75EFF04460546002840F054
:100520008980039B0199109310A8F2F761FC04469F
:10053000002800F09E8004287CD1039B0493294668
:1005400004A8FEF75AFF0546002800F0878001281E
:1005500000F08B80431C00F08A8001460398FEF770
:10056000D8FE03460446002879D103980278042A6D
:100570002DD04FF02032C0F83D20C0F84120A0F827
:10058000452080F852302E2280F85330212380F805
:100590003C2080F854301022542380F8472080F803
:1005A00055302A4600F13C01FEF746FC00F15C03A1
:1005B0001A4651F8044B42F8044B9942F9D12E23C4
:1005C00080F85D30129AFEF737FC0123037110A802
:1005D000F2F73AFA0446002841D1039E3378042BFF
:1005E0004FF0210229D133699A735422DA731873B8
:1005F0005873306929463430FEF773FA71893069CF
:1006000049023830FEF76DFA7189306949022830A5
:10061000FEF767FA3369032283F821203369102239
:100620001A7110A8FFF703F9044618B90398FEF7EA
:1006300099FE0446204624B070BD1F9B1A765422B2
:100640009875D8755A761F992A463046FEF7F4FBFE
:100650001F9B1022DA7201233371E7E7072400227F
:10066000294604A8FEF7D6FDE4E70224F7E70124B3
:10067000F5E70824DEE7F0B5BDB0CDE90010684627
:10068000F1F7F0FD022203A901A8F1F7A3FE68BB70
:1006900014AD039C019914942846F2F7A9FB28BBDA
:1006A0009DF89B3013F0A00F40F0C3802378009F8B
:1006B000042B5AD1236904AE03F1400C1868596821
:1006C000324603C2083363451646F7D12946502205
:1006D00028A800F0B8FF394628A8F2F789FB0028BF
:1006E00040D12A9A169B9A4202D008203DB0F0BD14
:1006F000349A209B9A42F8D128A8F2F7A5F900284D
:10070000F4D1236993F801E093F823C09E8C04AFE1
:100710003A4603CAAA4218605960174603F1080313
:10072000F6D1236983F801E0236983F823C02369A4
:1007300083F82460360A83F8256022691379D90684
:100740005CBF43F02003137128A8FFF770F800285E
:10075000CCD12846FEF7D6FF0028C7D12046FEF7A9
:1007600001FEC3E70428C1D1C6E7239A04AB02F116
:10077000200C106851681E4603C608326245334695
:10078000F7D12946502228A800F05DFF394628A855
:10079000F2F72EFB002848D12A9A169B9A42A4D140
:1007A000349A209B9A42A0D128A8F2F74DF900284C
:1007B0009CD137990DF11D0301F10D020DF12D00B2
:1007C00053F8046B42F8046B8342F9D11888108007
:1007D0009B7893709DF81B30DA0658BF43F02003D6
:1007E0000126CB722671CB7ADB06B2D5169A2A9BEC
:1007F0009A42AED02078FFF749F801462046FEF72E
:1008000087F90146B8B12046FEF722FB00287FF4A5
:100810006DAF94F85D302E2B9BD12A9A04F15C01C8
:100820002046FEF709FB267193E704287FF45EAFAC
:10083000BAE706205AE7022058E7004700F028B937
:10084000C00000F1804000F5F830C0F81015C0F885
:1008500014257047F7B5019001A8DDE90847164651
:100860001D46F3F7E9FC019BB6F1000C18BF4FF0F1
:10087000010C00EB83000B1E18BF0123002D43EA7F
:100880004C0314BF4FF00C0C4FF0000C002C43EA4B
:100890000C0314BF4FF4E06C4FF0000C002F43EA40
:1008A0000C03D0F8002714BF4FF4403C4FF0000C6D
:1008B00043EA0C0322EA030301B109780EB136784A
:1008C000760019430DB12D78AD0031430CB1247879
:1008D000240229430FB13F783F040C433C43C0F846
:1008E000004703B0F0BD1FB50DF10F0301930023C6
:1008F0008DF80F1000931A461946FFF7ABFF05B0AD
:100900005DF804FB08B50146F3F7E8FC40B1084682
:10091000F3F7CCFC00B2800000F5807080B208BD17
:100920004FF4BE70FBE738B5054608460C46F3F7B2
:10093000D5FCB0B10846F3F7C5FC90B90846F3F70B
:10094000B5FC2A6801238340C2F808332A6803B241
:1009500002EB8303D3F8102522F00302C3F810251D
:1009600038BD20460021BDE83840FFF7BCBFF3F793
:100970003BBDFFF7D8BF0846FFF7C4BF70B5A2F56F
:100980008074A408012606FA04F4054614EA01005E
:1009900008D0A85830B10021A950AA581A6822439B
:1009A0001A60304670BD2DE9F341002304460D4620
:1009B0000193904601AB4FF4A672FFF7DFFF4FF4AF
:1009C000827229462046FFF7D9FF4FF48C72074602
:1009D00029462046FFF7D2FF064630B1B8F1000F96
:1009E0001DD017B1D4F83C353E4601AB4FF48872A8
:1009F00029462046FFF7C2FF30B1B8F1000F03D0FF
:100A000016B90FB1D4F83C3501AB4FF490722946BA
:100A10002046FFF7B3FF019802B0BDE8F0814646DB
:100A2000E3E707B5019001A8F3F7F6FF019A012368
:100A30009340C0F8083503B05DF804FB07B501909A
:100A400001A8F3F7E9FF019A01239340C0F80C35A0
:100A500003B05DF804FB012370B504460D46436105
:100A60006426002202212046FFF79DFF20B90120C5
:100A7000FFF7E4FE013EF4D100236B77C4F80035A4
:100A800070BDF4F73BBB08B5FFF7FBFF002008BDC6
:100A900008B1E8F737B97047704740B1C368587874
:100AA00010F001001EBF1878B0FA80F040097047BE
:100AB00000F0F1BD00F0C7BD10B400F10C04C0E9B6
:100AC00003445DF8044BFAF79ABA2DE9F04F87B06A
:100AD000DDE9106705463B46914604A83246884644
:100AE00000F0EDFBDDE9043405F1140ACDE9023430
:100AF0004FF04003EFF3118483F31288BFF36F8F3D
:100B000005F10C0B4A4641462846FAF710FA30B177
:100B100084F31188BFF36F8F07B0BDE8F08F3E43B9
:100B2000F6D0DDE9022304A800F0EDFBDDE904675F
:100B30005A46CDE9006721465046F5F711FA4FF0C5
:100B40004003EFF3118483F31288BFF36F8FD9E76B
:100B500038B504464FF04003EFF3118583F3128854
:100B6000BFF36F8FFAF7ABF904F10C0000F037FB1D
:100B700030B1294604F11400BDE83840F5F754BA05
:100B800085F31188BFF36F8F38BD826843691343C3
:100B900013F003030CD1C3600169994201D800200E
:100BA0007047C16811604169C26001330A44F3E7CC
:100BB0006FF01500704710B5C0E904320023816062
:100BC00083610446FFF7E1FF0028A8BFC4E90044A1
:100BD00010BDF8B504460D464FF04003EFF3118603
:100BE00083F31288BFF36F8FC7686FB900F0ADFA57
:100BF00050B1C767456100F02EFA314604F1080094
:100C0000BDE8F840F5F710BAE3682B60A369E5602A
:100C1000013BA36186F31188BFF36F8FF8BDEFF33B
:100C20000580003818BF012070476FF057007047EB
:100C300000207047F5F70ABA08B54FF04002EFF30D
:100C4000118382F31288BFF36F8FE7F75FFEF4E73B
:100C500090F90E308B4201D0F5F7A0B90020704713
:100C600003460020C3E90200C3E9003370472DE9C1
:100C7000F843994604469DF820300D46904600F111
:100C800008064FF04002EFF3118782F31288BFF39A
:100C90006F8F03B14568304600F057FA58B1002312
:100CA000C367C0F8148000F0D6F930463946F5F72E
:100CB000BBF900200CE0B9F1000F1BD00821F5F7BB
:100CC00077FD38B987F31188BFF36F8F6FF00B0092
:100CD000BDE8F8830122C0F804800260016801F0D9
:100CE00003015DB922680A430260626820606AB944
:100CF00060600BE0C8F800904046EFE72A68032ADE
:100D000010D80160616839B9C4E90000042104F118
:100D1000100000F06EFCC8E70A6802F0030202430C
:100D20000A60E5E722F003020A4302602A6802F043
:100D3000030240EA02032B60E8E710B5044630B135
:100D40000268930703D0446809B100F075FC20469F
:100D500010BD0023C0E9003300F10803C0E90233ED
:100D600000F11003C0E90433704707B50123009375
:100D700000230A461946FFF77AFF03B05DF804FB2B
:100D800007B500230A4600931946FFF770FF03B02A
:100D90005DF804FB00680021FFF7CFBF5AB18A421B
:100DA00009D300F11003C0E90212C0E90000C0E954
:100DB0000433002070476FF015007047026801236C
:100DC0008B4022EA0303036022FA01F000F00100E5
:100DD000704710B5032104460C30FFF7EFFF30B128
:100DE00004F1100000F04FFAB0FA80F0400910BD95
:100DF00020B100221146D03000F022BA704770B501
:100E0000C368C3F340069B07044616D485680221D5
:100E10000C30FFF7D3FF80B1D5F8C8206AB19442F7
:100E20001DD122689EB9D5F8CC30C5F8C8209C42A7
:100E300001D1C5F8CC2000232360E36813F00F0034
:100E40001EBF43F00203E36040F0020070BD326059
:100E5000D5F8CC20944208BFC5F8CC60EBE7164625
:100E60001268DBE773B504464FF04003EFF31185DA
:100E700083F31288BFF36F8F0023A0F110060321C4
:100E800004380193FFF79AFF28B1A369019301A9E0
:100E90003046F4F7D1FD85F31188BFF36F8F02B0B0
:100EA00070BD38B504460D461022002100F0F3FB5A
:100EB000656038BD4FF04002EFF3118382F3128872
:100EC000BFF36F8FC06800F00F0083F31188BFF38A
:100ED0006F8F704713B5019008464FF04003EFF352
:100EE000118483F31288BFF36F8F01A9F4F7A4FD77
:100EF00084F31188BFF36F8F02B010BD10B5FFF7F8
:100F0000E9FF041E09DD4FF04003EFF3118083F386
:100F10001288BFF36F8F00F04CF9204610BD08B562
:100F2000E822002100F0B7FB08BD38B530220446A6
:100F30000D46002100F0AFFB4FF480736560E36065
:100F400038BDFFF7B7BF38B504464FF04003EFF3A5
:100F5000118583F31288BFF36F8FFFF73AFF2046A6
:100F6000FFF74DFF85F31188BFF36F8F38BDF8B5DC
:100F700004460D464FF04003EFF3118683F31288C9
:100F8000BFF36F8FC36803F00F03002B14BF01275B
:100F9000002705D186F31188BFF36F8F3846F8BD5F
:100FA000FFF717FF2046FFF72AFF29462046F4F7F0
:100FB00025FD86F31188BFF36F8F0028EED04FF028
:100FC000FF324FF0FF3305F10800F4F7B3FCE5E71B
:100FD000D0E9003213605A600023C0E90033704743
:100FE00008B5FFF7F5FF437B23F0020343730023AB
:100FF000836008BD90F90E3091F90E00834214BF52
:10100000C01A0020704738B504460D46F4F7F2FECA
:10101000637B43F002036373E5B1A5602B689D42D7
:1010200009D16B68C4E900531C606C6012E06A6807
:101030009342F6D01B68002BF3D094F90E2093F95D
:101040000E108A42F3D09142F1DD5A68C4E90032B1
:1010500014605C6038BD10B54FF04003EFF31184AD
:1010600083F31288BFF36F8FF4F790FE84F3118837
:10107000BFF36F8F10BD10B50446183000F003F9B0
:101080004FF04003EFF3118183F31288BFF36F8FAA
:10109000627B12F0100204D081F31188BFF36F8FCE
:1010A00010BD2046BDE81040F4F7D4BE08B54FF09F
:1010B0004002EFF3118182F31288BFF36F8F8368D0
:1010C0000BB1FFF78DFF81F31188BFF36F8F08BD60
:1010D00038B504464FF04003EFF3118583F31288CF
:1010E000BFF36F8F437B13F0280F0BD183680BB1D5
:1010F000FFF776FF637B51B903F0FB036373204670
:10110000F4F744FE85F31188BFF36F8F38BD03F009
:10111000EB03F3E701211838FFF7DABF08B5034600
:101120004FF04002EFF3118182F31288BFF36F8F0B
:101130000068834207D008B1FFF752FF81F311889E
:10114000BFF36F8F08BD0020F8E738B54FF04003BC
:10115000EFF3118583F31288BFF36F8F0468A04209
:101160000DD034B12046FFF73BFF04F1180000F02A
:101170008AF885F31188BFF36F8F204638BD0024AD
:10118000F7E710B501464FF04003EFF3118483F306
:101190001288BFF36F8F83680BB1FFF721FF84F3D1
:1011A0001188BFF36F8FBDE8104001F1180000F007
:1011B0006AB8034620B9EFF305820AB9E7F7DEB94A
:1011C00083F31188BFF36F8F70474FF04003EFF345
:1011D000118083F31288BFF36F8FFFF7EABF38B532
:1011E000054600202C68A54200D004B938BD204631
:1011F000FFF7C7FF2046FFF72EFF0120F2E74FF071
:101200004002EFF3118182F31288BFF36F8F027BEC
:10121000D2070AD581F31188BFF36F8F404080F366
:1012200011884FF0040002DF7047437B1B0704D591
:1012300081F31188BFF36F8F70470122F4F70ABE64
:1012400038B54FF04003EFF3118583F31288BFF3F5
:101250006F8F0468A04212D09CB1E16762612046A2
:10126000FFF7BEFE04F1180000F00DF82046F4F779
:101270008DFD012085F31188BFF36F8F38BD0020ED
:10128000F8E72046F6E710B54FF04002EFF311847F
:1012900082F31288BFF36F8F03683BB1F5F742F812
:1012A000002084F31188BFF36F8F10BD6FF015001D
:1012B000F7E708B5F5F732F908BDF5F72FB9B3F13F
:1012C000FF3F08BFB2F1FF3F70B504461D4616460A
:1012D00013D01A4315D06FF00102921B4FF0FF3369
:1012E00063EB0501002904DAF5F718F9821941EBDF
:1012F0000501C4E90021204670BD4FF0FF321146C0
:10130000F7E70022FBE7B3F1FF3F08BFB2F1FF3F71
:10131000F8B5074616461C4610D054EA020311D011
:10132000F5F7FCF8B0420A46A14103460AD2F31A87
:1013300064EB0204C7E900343846F8BD4FF0FF33D0
:101340001C46F7E70023FBE70023C0E9081200F181
:101350001802C0E90622C0E9003303634363704703
:1013600010B50446FFF78FFFB0B9636A0BB1204692
:10137000984704F11800FFF7D1FE68B1FFF76BFE44
:101380004FF04003EFF3118083F31288BFF36F8FA8
:10139000BDE81040FFF70DBF10BD1423F0B503FBEF
:1013A000010000244FF48B7601B9F0BD10F8073C22
:1013B00040F80C4C03F03F03082BA0F114070CD8A5
:1013C00026FA03F3DB0708D550F8143C2BB150F88C
:1013D000105C2B605D6040E9054482F31188BFF327
:1013E0006F8F4FF04003EFF3118283F31288BFF346
:1013F0006F8F01393846D7E7F8B50D46D0E90013AD
:101400008842044605D16368C5E900431D606560F4
:101410001DE0002BF7D0986800B16038A2F160079A
:101420003946FFF7E7FD0028EDDC2668B442EAD034
:10143000002EE8D0B16801B160393846FFF7DAFD17
:10144000002805DD7368C5E900631D607560F8BD9F
:1014500063689E42D7D03668EAE72DE9F84F002549
:101460008B4614461F4682462E46A8465D4502DB43
:101470003046BDE8F88F4FF04003EFF3118983F356
:101480001288BFF36F8F9AF80D3003F03F03013BD2
:10149000072B0FD8DFE803F01E040E0A0E0E0E25F0
:1014A000DAF810309B682BB1022320E0DAF8103014
:1014B0001B688BBB47BB237833B39AF80D3003F01E
:1014C0003F03013B072B30D8DFE803F033282F28F8
:1014D0002F2F2F38DAF810309B68002BEAD0012329
:1014E00005E0DAF810301B6A002BE3D01023DAF89D
:1014F0000C20CAF80880C2F386310B4363F39432A0
:10150000CAF80C2084F8008089F31188BFF36F8F2C
:1015100001350AF1140AA9E70423E8E7DAF8100014
:10152000224651461030FFF767FFCAF808400136DF
:10153000EAE7DAF8100022465146F4E7DAF810003C
:10154000224651462430EEE72DE9F04184680546F5
:101550000E46ECB16378012B25D114F8533C9A0761
:1015600014D5A4F160073846FFF70BFE082E0CBF18
:101570006FF003030023E36114F8533CDB0605D14D
:1015800054F8483C13B93846FFF765FD0023237033
:10159000EB68C3F386321643002066F39433A860E9
:1015A000EB60BDE8F081022BF0D12378002BEDD069
:1015B00054F8048CB8F1000FE8D004F11400FFF7E0
:1015C00062FEA4F114070023E36239464046FFF7A8
:1015D00081FCDBE710B55205090201F47C5102F4ED
:1015E00000120A43017B00240A43C0E903238460FC
:1015F00010BD10B503464FF04002EFF3118482F3A3
:101600001288BFF36F8F0068834208D0D0E90032A0
:1016100013605A600023C0E90033FFF795FF84F39D
:101620001188BFF36F8F10BD0023C0E900008360F5
:10163000704700238360704720B1011F50F8040CED
:10164000FFF786BA70470A44914200F1FF3300D198
:10165000704710B511F8014B03F8014F9142F9D1D1
:1016600010BD884210B501EB020402D98442234622
:1016700007D8431EA14208D011F8012B03F8012F0F
:10168000F8E7024401468A4200D110BD13F8014D2B
:1016900002F8014DF7E702440346934200D1704738
:1016A00003F8011BF9E710B501390244904201D15A
:1016B000002005E0037811F8014FA34201D0181B68
:1016C00010BD0130F2E7C9B20346184613F8012BEA
:1016D00012B18A42F9D17047002918BF0020704723
:1016E00010B56AB10139841810F8012B11F8013FC7
:1016F0009A4203D1A04201D0002AF5D1D01A10BDE0
:101700001046FCE710B5024601448A42134603D056
:101710001C780132002CF8D1181A10BD2DE9F047C1
:10172000C3F13709074688465FFA89F903F01F05B8
:1017300016464FF0000A384641462A465346CFF730
:1017400053F9D4B2092C88BF4C443A46434688BF6B
:10175000E4B2AA4204F1300473EB0A0306F8014B29
:1017600007468846E7D23046BDE8F0872DE9F04FBE
:1017700089B00618994604AB41EB01040093154665
:101780003046D2E900232146DDF84CB000F0ABF83A
:1017900006AB0093D5E9022307468846304621462A
:1017A00000F0A1F8DDE90463841951EB0306069B00
:1017B000D5E900014FF0000228BF0122D218079B93
:1017C00043F10003381848EB0101B84271EB0801FE
:1017D000E9680391A96834BF0120002014EB010CD3
:1017E000039946EB010110EB0C0041F10001A0420E
:1017F00071EB060C34BF4FF0010C4FF0000CCDE93B
:101800000623A9F1410A1CEB020243F10003CDF8C3
:1018100000A000F083F8129BC3E90001149B012B88
:10182000DDE9062329D1D5E90201D5E900C5201A51
:1018300066EB0101674578EB050534BF01250025FE
:10184000401B61F10001844276EB010534BF0125A4
:101850000025521BCDF800A063F1000300F05EF8F4
:10186000DDE90623CBE90001CDF800A02046314692
:1018700000F054F809B0BDE8F08F17EB070E48EB05
:10188000080C201946EB0601BE457CEB080834BF66
:1018900001270027C71941F10008D5E90001864555
:1018A0007CEB010CD5E9021534BF01200020381A69
:1018B00068F1000C401A6CEB050192185B41A742DD
:1018C00078EB060534BF01250025521943F10003CA
:1018D000874278EB010834BF01250025521BA9F18E
:1018E00040050095B8E7F0B50F460446A0FB02019D
:1018F000A7FB02524919A3FB044542F10002A7FBD2
:101900000373611845F10004D219059E43F10003E9
:10191000121943F10003C6E90023F0BDF0B5059CA0
:10192000C4F14007C4F1200602FA06F6A4F120052E
:10193000BB4022FA05F53343C4F120062B4301FADC
:1019400006F6A4F12005E04021FA05F53043BA403F
:101950002843E14010431943F0BD2DE9F04F55EC09
:10196000104BA446C5F30A54034644EA0C07084644
:101970002946C5F31305302657EA05085E71E1468E
:10198000AE4673D10024A1421C716DDA0121197198
:10199000A0424FF000041ADA204603F112060D258A
:1019A000C2F157024FF0300C07F00F013F0947EA30
:1019B0000E774FEA2E1E002940F08680A84201DBF8
:1019C00086F800C0013D06F1FF36EDD175E00C2828
:1019D00067DCC0F10D018900012601F1FF3EA1F194
:1019E0002108C1F1210726FA07F706FA08F806FAD6
:1019F0000EF648EA070816EB060A48EB080BDAF180
:101A000000076BEB4B0E1AF1FF3A4BF1FF3B0AEA72
:101A10000C0A0BEA050B564578EB0B0B10DBC1F1FA
:101A2000200BB1F1200A05FA0BFB2CFA01F141EA77
:101A30000B015CBF45FA0AFA41EA0A01C90724D53D
:101A40001CEB060C45EB0805B5F5801FE1461CDBD9
:101A50005979B4F5806F01F10101597127D007EA76
:101A60000C070EEA050E98E7002892E75CB13126D4
:101A7000C90F0028A4F2FF345E7119710FDB0C2826
:101A8000A7DD0D2005E00124F2E707EA09090EEAC7
:101A90000505B4F5806F06D04F46AE467DE70020C1
:101AA000F7E70D2079E759EA05051A7908D01A7980
:101AB00042F008021A714FF480641C60BDE8F08F98
:101AC00042F004021A71F8E70929D4BF30318918AD
:101AD000A8423170B8BF284674E7D1E90432934276
:101AE0001EBF5A1C0A611870704700000148006848
:081AF00070470000E4810020B2
:081AF8007CF8FD7F01000000F5
:101B0000C18C010000000000A9F60100F01B0300D9
:101B1000870A0300000000000155020000000000D9
:101B2000255502000000000021FD0100181C0300E3
:101B300021FD0100041C03004521020000000000FB
:101B4000A7EA020000000000C1EA02000000000055
:101B50000BE30200401C030071E30200541C03006D
:101B60003DFB01002C1C03003D050200681C030026
:101B700021F90100000000004D12020000000000E9
:101B80002D91010000000000996F0100000000008D
:101B90009D8C010000000000498D01000000000044
:101BA000DD21020000000000C5EA02000000000084
:101BB000C959020000000000059D0100000000005E
:101BC0007D1402000000000061080200901C030068
:101BD000610802007C1C03003D010200A41C0300FC
:101BE00019F60100B81C0300B98F010000000000C5
:101BF000B3600300982F0300B02F0300B50B002043
:101C0000888300200B610300E42F030014300300DD
:101C1000BD0B00203084002019610300FC2F03005D
:101C200014300300BF0B00203C840020DC60030064
:101C300000000000CC2F0300B70B0020DC83002045
:101C4000EC60030000000000D42F0300B90B00205B
:101C500000000000FB60030000000000DC2F030018
:101C6000BB0B002000000000CA6303004C300300DF
:101C700080300300C30B0020BC080020A4650300D3
:101C80008C30030074310300C50B0020D8080020FD
:101C9000B16503000031030074310300C70B00205D
:101CA000500900209B610300383003009808002091
:101CB000C10B002050080020AC600300742F03000B
:0C1CC00000000000B30B0020A405002071
:101CCC00BDEA02003B0803000000000089BE0200D0
:101CDC00681C030053E702000000000089BE0200EC
:101CEC00DD5002003B0803000000000089BE02002A
:101CFC00514802003B0803000000000089BE0200AE
:101D0C000000000089BE02000000000089BE020035
:101D1C000000000089BE02000000000089BE020025
:101D2C000000000089BE0200DC830020ADFB010036
:101D3C000000000089BE02000000000089BE020005
:101D4C000000000089BE020000000000DD1202004D
:101D5C000000000089BE02000000000089BE0200E5
:101D6C000000000089BE02000000000089BE0200D5
:101D7C000000000089BE02000000000089BE0200C5
:101D8C000000000089BE02000000000035210200A6
:101D9C000000000089BE02000000000089BE0200A5
:101DAC000000000089BE02000000000089BE020095
:101DBC000000000089BE02000000000089BE020085
:101DCC000000000089BE02000000000089BE020075
:101DDC000000000089BE02000000000089BE020065
:101DEC000000000089BE02000000000089BE020055
:101DFC000000000089BE02000000000089BE020045
:101E0C000000000089BE02000000000089BE020034
:101E1C000000000089BE02000000000089BE020024
:101E2C000000000089BE02000000000089BE020014
:101E3C000000000089BE0200ED5002003B080300C8
:101E4C000500000085CE0100000000000600000027
:101E5C0039F40100000000000400000055D5010019
:041E6C000000000072
:101E7000142E030008000000B42E03000700000029
:081E8000B8290300070000006F
:101E8800DB45030003000000733B03000300000070
:101E98006D580300030000009B5E03000300000070
:101EA800275B0300030000003F4F0300030000000E
:101EB80061600300030000009D560300030000005A
:101EC800DE57030003000000725C030003000000FB
:101ED8002F670300030000009B6703000300000056
:101EE8001D670300030000008E600300030000006C
:101EF8008946030003000000CE60030003000000D1
:101F08001148030003000000803B030003000000A9
:101F1800DD65030003000000383C030003000000F7
:101F28009E4E03000300000060410300040000000F
:101F3800CB46030003000000CF4603000300000067
:101F4800CB47030003000000C5670300030000003F
:101F5800944D030003000000956003000300000097
:101F68009D60030003000000C06903000300000037
:101F7800813F030004000000A26103000300000089
:101F8800184E030003000000BE65030003000000B4
:081F9800D86303000300000000
:101FA000A82A0300847C0020AA4703000100000047
:101FB000EC2A030098040020BA4703000100000047
:101FC000000000000000000100000002000000040A
:101FD0000000000800000010000000200000004089
:101FE000000000800000001B000000360F01000010
:101FF000000000000002000000000000AA550300DD
:10200000AF550300B3550300B7550300BB5503009C
:10201000BF550300C3550300C7550300CB5503004C
:10202000F3670300CF550300D3550300D7550300D2
:10203000DB55030000002CA6E0A1000020A8000052
:102040000000000020A8000001020800A301B10365
:10205000BF050000EF024906A3090000C505F50B06
:10206000251200000E021C045A03B4063006600C50
:10207000F401FA00960064004B0032001E001400C8
:102080000A0005000200010000000000141E00000C
:10209000301100000000000060EA000000000000B5
:1020A000000000000000000060EA000001020800DB
:1020B00000002CA6E0A1000020A800000000000005
:1020C00020A80000252627000102080001020800C0
:1020D00000000000141E000030110000000000008D
:1020E00060EA0000000000000000000000000000A6
:1020F00060EA000000002CA6E0A1000020A800007B
:102100000000000020A8000000002CA6E0A10000B4
:1021100020A800000000000020A8000000002CA65D
:10212000E0A1000020A800000000000020A800009E
:10213000F401FA00960064004B0032001E00140007
:102140000A0005000200010000000000141E00004B
:10215000301100000000000060EA000000000000F4
:10216000000000000000000060EA000000002CA653
:10217000E0A1000020A800000000000020A800004E
:10218000F401FA00960064004B0032001E001400B7
:102190000A0005000200010000002CA6E0A10000DA
:1021A00020A800000000000020A80000F401FA00B0
:1021B000960064004B0032001E0014000A00050067
:1021C0000200010000000000141E00003011000099
:1021D0000000000060EA00000000000000000000B5
:1021E0000000000060EA00000102080000002CA6C8
:1021F000E0A1000020A800000000000020A80102CB
:1022000004010001000001010000010001000001C3
:10221000000100000000F401FA00960064004B0089
:1022200032001E0014000A00050002000100010037
:102230000B0002000A00050009000A000800140053
:1022400007001E000600320005004B000400640079
:10225000030096000200FA000100F40100000C08DF
:1022600002170D01010209090101060209181803EC
:1022700001010909030305030201230202240910D5
:10228000040405050B0B040B2B0000002CA6E0A199
:10229000000020A800000000000020A8F401FA00BF
:1022A000960064004B0032001E0014000A00050076
:1022B0000200010000000000141E000030110000A8
:1022C0000000000060EA00000000000000000000C4
:1022D0000000000060EA000000002CA6E0A1000061
:1022E00020A800000000000020A800002CA6E0A10B
:1022F000000020A800000000000020A8000000004E
:10230000141E0000301100000000000060EA000010
:1023100000000000000000000000000060EA000073
:102320000102080000000000141E0000301100002F
:102330000000000060EA0000000000000000000053
:102340000000000060EA0000030000002CA6E0A1ED
:10235000000020A800000000000020A8F401FA00FE
:10236000960064004B0032001E0014000A000500B5
:1023700002000100E3A3C3000406080A0C0E1012B9
:102380001416181C1E20222426282A2C2E30323403
:1023900036383A3C3E40424446484A4C4E021A5077
:1023A00000000000280000001800000000000000ED
:1023B00050010000000000000000000000000000CC
:1023C0005001000000000000141E00003011000049
:1023D0000000000060EA00000000000000000000B3
:1023E0000000000060EA000000000000141E000071
:1023F0003011000000000000B45F00000000000089
:1024000000000000000000003C730000010000001C
:10241000101100400000000000000000000000005B
:102420000000000000002CA6E0A1000020A8000091
:102430000000000020A800000000DC05E803000008
:102440000000000000000000D417000000000000A1
:1024500070170000A00F0000000000003C280000E2
:102460000000000000000000000000003C28000008
:102470000000DC05E8030000000000000000000090
:10248000D417000000000000141E000030110000EE
:102490000000000060EA00000000000000000000F2
:1024A0000000000060EA000000003408E8030000BB
:1024B000280A000000000000280A00000000DC05D7
:1024C000E80300000000000000000000D417000036
:1024D0000000401FA00F0000803E00000000000030
:1024E00000FA000000002CA6E0A1000020A80000D7
:1024F0000000000020A8000000003408E8030000ED
:10250000280A000000000000280A00000000DC0586
:10251000E80300000000000000000000D4170000E5
:102520000000401FA00F0000803E000000000000DF
:1025300000FA000000002CA6E0A1000020A8000086
:102540000000000020A8000000003408E80300009C
:10255000280A000000000000280A00000000DC0536
:10256000E80300000000000000000000D417000095
:102570000000401FA00F0000803E0000000000008F
:1025800000FA000000002CA6E0A1000020A8000036
:102590000000000020A8000000003408E80300004C
:1025A000280A000000000000280A00000000DC05E6
:1025B000E80300000000000000000000D417000045
:1025C0000000401FA00F0000803E0000000000003F
:1025D00000FA000000002CA6E0A1000020A80000E6
:1025E0000000000020A8000000003408E8030000FC
:1025F000280A000000000000280A00000000DC0596
:10260000E80300000000000000000000D4170000F4
:102610000000401FA00F0000803E000000000000EE
:1026200000FA000000002CA6E0A1000020A8000095
:102630000000000020A8000000000028000000208A
:1026400000003408E8030000280A00000000000031
:10265000280A00000000DC05E8030000000000007C
:1026600000000000D41700000000401FA00F000071
:10267000803E00000000000000FA000000002CA6D0
:10268000E0A1000020A800000000000020A8000039
:10269000D8ECF0F4F8FC000203040506070800007B
:1026A000000000000000000000000000000000002A
:1026B00000000101010102020202030303030404FA
:1026C00004040505050506060608090000000000CB
:1026D00000000000000000000000000000000001F9
:1026E00001010102020202030303030404040405BE
:1026F00005050506060708090A0B0C0D070909025E
:10270000030700100200FA000000000081530100DE
:102710008D53010091530100995301009D53010015
:102720000338FDD8704700000100000000000000E1
:10273000050000000000000019000000000000007B
:102740007D00000000000000710200000000000099
:10275000350C000000000000093D000000000000F2
:102760002D31010000000000E1F50500000000002F
:1027700065CD1D0000000000F9029500000000007A
:10278000DD0EE90200000000514A8D0E000000003D
:102790009573C24800000000E941CC6B01000000C5
:1027A0008D49FD1A07000000C16FF286230000006A
:1027B000C52EBCA2B1000000D9E9AC2D7803000001
:1027C0003D9160E45811000031D6E275BC5600001E
:1027D000F52E6E4DAEB10100C9EA26836778080078
:1027E000ED95C28F055A2A00A1EDCCCE1BC2D300B5
:1027F00025A4000A8BCA220400000000000000008B
:1028000000000000000000100000000000000000B8
:10281000B9340332B7F4AD1410DB1AB30892540E76
:102820000D307D951447BA1A66088F4D26ADC66DDA
:10283000F598BF85E2B74511CA96853D92BD1DEB5F
:10284000FCA11860DCEF52163C92AE220BB8C1B46A
:10285000839D2D5B0562DA1C304C7E8F4E8BB25B04
:1028600016F4529F8B56A512FBD4827643ED8AF064
:102870008FE7F9311565191850F19BD94A13EEB459
:10288000284CF0A686C1251F035FC270CB9E491657
:10289000E642889C44EB2014B0650836AD6EA585F1
:1028A00085F0CA14E2FD031A0B899979D5B13D0967
:1028B000D8DA973A35EBCF10AC363F5E73BB38CFE2
:1028C0003E6752FA44AFBA15010000000000000054
:1028D0000000000000000020345065C05FC9A6520F
:1028E000BB13CBAEC440C21806C8DF7100D5A87CAC
:1028F000F56F0FDA58FC27136E4756357D24206597
:1029000002C7E768E48CA41DE9E60268D7CD396107
:102910007977FCC2405BEF16798CDE43FFA751F953
:1029200091F3B278F5BDBE11E857E9D6E8BEE87B71
:10293000B054AC8F848D751BEA23A499E9F9D38B2D
:10294000B7A3714061DA3E15CEE33ECB73F9480878
:102950008C97B427D51B7010A2BFEFB9EB85321549
:102960004DB44DB49BBB6F1996B6076CF8E7EEAD4E
:1029700036D9B4F59135AE13222218AF4E6A684DA0
:1029800091DAAA3D4F40741E9FBD9EE006A1C098FB
:1029900057C2A7FDA40E90170E7D497173E3208FD7
:1029A000B220D87605143B12853D7434811343B0B0
:1029B000AD297A5F27F4351CE00A00209DDA020079
:1029C00000000000900B002000000100DC0A002045
:1029D00003DD0200000000004004002000000100B0
:1029E0006E0B00200000000000000000000000004E
:1029F00000000000D80A00206FDA02001DE3010089
:102A00002804002000000300D40A002003DD020097
:102A10000000000020040020000001004C0B0020FA
:102A200000000000000000000000000000000000A6
:102A3000D00A00206FDA02001DE301000804002024
:102A40000000030007100000A20B0020010100009D
:102A5000B20B002009190000C1450300182700200F
:102A6000000100006DB702000FB702000200000075
:102A7000E1780100000000000000000000000000FC
:102A8000000000008A470300924703000000000096
:102A900000000000000000009A4703009E4703006A
:102AA000A2470300A64703000D7A0100017A010046
:102AB000ED790100D579010000000000E179010005
:102AC00000000000597A01008C7C00200496002050
:102AD00010000000DC2A03009C7C0020DD7A01004D
:102AE000BC7C0020149600200100000039B90200CF
:102AF0002FB902001FB9020013B902000000000044
:102B000007B90200000000000000000063BE0200E0
:102B1000C0040020B8040020B00400200000000021
:102B2000A8040020A57D0100997C0100ED7C010036
:102B30004D7D0100000000200000000000000B0699
:102B400002000000482B030000000000034E0300B9
:102B500026000207000000200B4E030022000B118C
:102B6000D590010029C00200EFBF020053BF020050
:102B7000D9BE020093BF020043BF02005D90010076
:102B80008590010083C0020039900100C58F0100CB
:102B90002DBF0200EFBE0200FFBE0200DFBE02003A
:102BA00047C00200BFC00200682F0300B02B030023
:102BB000FF000000D0E30120682F0300C02B0300BA
:102BC0002D00000008EF0120682F0300D02B030028
:102BD00007000000F0EF0120DF550300FD55030062
:102BE0001856030028560300355603003E560300CE
:102BF000455603004C560300535603005B56030032
:102C00003556030063560300755603008A560300C9
:102C10000E0300009DA301000F04000071A301003A
:102C20001A010000799E010005040000919E010038
:102C300013010000EDA30100FF010000BFC6020068
:102C40003E010000A5A0010005040000D19E010086
:102C5000100100001D9F01000112000065AA010083
:102C60000A1E0000DFC70200030900001DA50100C5
:102C7000040B0000C5A00100060A00006DAB0100B6
:102C8000070A00007D9F01000C050000DDA7010080
:102C9000682F0300982C03004600000018F0012064
:102CA000B65A0300C35A0300D75A0300E75A030079
:102CB000F75A0300065B03001C5B03007F5C030004
:102CC000195B0300682F0300CC2C0300FF000000F9
:102CD000E4F00120682F0300DC2C0300FF0000005B
:102CE00024F3012099CC0200D1CC020000000000A6
:102CF0000000000000000000E9CF0100000000001B
:102D0000000000000000000000000000B5D4020038
:102D1000F5D4020039D50200B5D402001BD502005B
:102D2000F5D402000202010087D50200040401006C
:102D3000BDDE010006060100F1DD0100080401000E
:102D400029DD01000A0201006FD502000C04010018
:102D500057D502000E040100E5DB0100200401004C
:102D60003DDB01001004010041DA01001202010004
:102D700047D4020016040100BFCD02001801010073
:102D80004DD102001E00040075D602005202000060
:102D90006DD402000104020061E0010003020200A0
:102DA00079D602000501020043D6020007040200A2
:102DB0004DD602000901020051D602000B000200AC
:102DC00055D602000D00020059D602000F00020085
:102DD0005DD602002102020061D60200110102004C
:102DE00065D602001300020069D602001704020033
:102DF0006DD602001900020071D602001B0203000A
:102E0000D9CD02001D020500AFD302002304030048
:102E1000C7CD0200100B00209DDA02000000000068
:102E20000C0B002000000100080B002003DD020055
:102E3000000000006C05002000000100000B0020D5
:102E40000000000000000000000000000000000082
:102E5000FC0A00206FDA02001DE301007405002067
:102E600000000300F80A002003DD0200000000005B
:102E70006405002000000100F00A0020D5DA0200FD
:102E800015E601000000000000000300EC0A00202D
:102E900003DD0200000000005C05002000000100CE
:102EA000E40A002005E90100000000000000000025
:102EB000000001003C0B00209DDA02000000000031
:102EC000380B002000000100340B002003DD02005D
:102ED000000000009C050020000001002C0B0020D9
:102EE00005DB0200000000000000000000000100FF
:102EF000280B002003DD02000000000094050020E4
:102F000000000100200B00202FDB02000000000069
:102F100000000000000001001C0B002003DD020087
:102F2000000000008C05002000000100140B0020B0
:102F300057DB02000000000000000000000001005C
:102F40000000000000000000000000000000000081
:102F500000000000BDDF02000000000000000000D3
:102F60000000000000000000BDF4010000000000AF
:102F700013E00200A41C0300B3E1020093E102008D
:102F80008BE1020083E102007BE1020065F60100B3
:102F900035F601000000000051F70100F1F70100D3
:102FA000C2600300F9E20200FFE20200C860030011
:102FB000B5F7010075E20200D7E202000000000050
:102FC000EBE102000000000000000000E5FA010053
:102FD00039FA01000FE30200000000002DE30200B7
:102FE00000000000FFFF0000000300500000000090
:102FF000010000000060004000000000BCF801FF7C
:1030000000000050000000000000000000600040D0
:1030100000000000B5FD010087E3020095E3020017
:10302000ADE30200B9E30200C5E3020021FC0100A8
:10303000DFE30200000000007C1C03000000000031
:1030400000000000002D31010100000000200040C0
:1030500002000000000000005C300300002000407F
:10306000683003000100000070300300040000001D
:10307000060000000500020088010100870103002E
:103080000BE7020095070200FDE6020000F0024097
:10309000010000000048E8010000000000000000FE
:1030A00000000000FFFFFFFF0000FF000000000025
:1030B00000000000FFFFFFFF020000010100000010
:1030C000D3E70200FFFF0000D8300300FFFFFFFF3F
:1030D000000000000000000000F00240E4300300A7
:1030E00001000000EC300300030000002F0004008A
:1030F0002E0006002D000500041C03000C0001003A
:10310000004000400000000000127A0000000000B3
:103110000000000000000000FFFFFFFF0000FF00B4
:103120000000000000000000FFFFFFFF00000001A2
:1031300001000000C9E70200FFFF00004C3103005E
:10314000FFFFFFFF00000000000000000040004003
:10315000583103000100000060310300030000004B
:103160001F0004001E00050028000600181C0300B4
:103170001D0001002D0B02005BE802000767030041
:103180000000000000000000F9150200EFE8020056
:1031900013E902000700000000000000000000002A
:1031A00000000000AC680300B0680300B5680300CD
:1031B000B0600300B8680300BC680300C068030087
:1031C000C5680300AC680300B0680300B56803007D
:1031D000B0600300B8680300BC680300C068030067
:1031E000C5680300716903007F69030093690300E8
:1031F000A2690300AE690300001B0300001B03006B
:10320000781B0300881B0300F01B0300F01B030066
:10321000512563FCC2CAB9F3849E17A7ADFAE6BC78
:10322000FFFFFFFFFFFFFFFF00000000FFFFFFFFAA
:10323000AAAAAAAAAAAAAAAAAAAAAAAA5555555542
:103240005555555555555555000000005555555582
:10325000522563FCC2CAB9F3849E17A7ADFAE6BC37
:10326000FFFFFFFFFFFFFFFF00000000FFFFFFFF6A
:10327000512563FCC2CAB9F3849E17A7ADFAE6BC18
:10328000FFFFFFFFFFFFFFFF00000000FFFFFFFF4A
:1032900096C298D84539A1F4A033EB2D817D0377F0
:1032A000F240A463E5E6BCF847422CE1F2D1176B8B
:1032B000F551BF376840B6CBCE5E316B5733CE2B5E
:1032C000169E0F7C4AEBE78E9B7F1AFEE242E34F8D
:1032D0004B60D2273E3CCE3BF6B053CCB0061D65CA
:1032E000BC86987655BDEBB3E7933AAAD835C65A53
:1032F000FCFFFFFFFFFFFFFFFFFFFFFF00000000DD
:10330000000000000000000001000000FFFFFFFFC0
:10331000FF8FFFFFFF8FFFFFFE8FFFFFFE8FFFFF7F
:10332000FD8FFFFFFC8FFFFFFC8FFFFF6D75746546
:10333000785F667265652063616C6C65642077698F
:103340007468204E554C4C20706172616D657465D7
:103350007200000043616E277420696E69746961B0
:103360006C697A65206D757465782C20776173209F
:103370004E554C4C0D0A00004661696C20746F205C
:1033800061637175697265206D757465780A0000F6
:103390004661696C20746F20696E63726561736544
:1033A00020504D20636F756E7465720A0000000036
:1033B0004661696C20746F20646563726561736532
:1033C00020504D20636F756E7465720A0000000016
:1033D0004661696C20746F2072656C65617365204D
:1033E0006D757465780A0000436F756C64206E6FAC
:1033F00074206C6F636B20706F77657220736176D9
:1034000065206D75746578004661696C20746F2065
:10341000756E6C6F636B206D757465780A000000C3
:103420006374782063616E6E6F74206265204E5500
:103430004C4C00000A637478206973204E554C4C44
:103440000A00000067E6096A85AE67BB72F36E3C4E
:103450003AF54FA57F520E518C68059BABD9831F5F
:1034600019CDE05BD89E05C107D57C3617DD7030DD
:1034700039590EF7310BC0FF11155868A78FF96441
:10348000A44FFABE0123456789ABCDEFFEDCBA98A5
:1034900076543210F0E1D2C30000000000000000BA
:1034A000000000000000000000000040955969592C
:1034B000555554551555555604051541105455404C
:1034C00045515544404550445055554500400040F5
:1034D0004004449665555655454045545141154064
:1034E00055915555555540510501000054455454CA
:1034F000455505040010041014044000000001406C
:1035000055551541540400004400010000000040DE
:1035100041000044504445505400555554556551A0
:10352000004000400100000100050100115451510C
:103530005455550500000000000000000000000088
:10354000DE80208128820283C08400850086008777
:1035500006880989028A0B8B108C3C8DFF8EFF8FA9
:10356000009000910000000100020003000400052B
:103570000006000700080009000A000B000C000DFF
:10358000000E000F00FF00FF00FF0100040010000C
:1035900040000001000200000100020004000800D9
:1035A0001000200000007D1D0100632C001E96010C
:1035B000A01E5A01001F0806101F0606201F08063D
:1035C000301F0806401F0606511F0700591F521FD3
:1035D0005B1F541F5D1F561F5F1F601F0806701F73
:1035E0000E00BA1FBB1FC81FC91FCA1FCB1FDA1F7F
:1035F000DB1FF81FF91FEA1FEB1FFA1FFB1F801FBD
:103600000806901F0806A01F0806B01F0400B81F78
:10361000B91FB21FBC1FCC1F0100C31FD01F020661
:10362000E01F0206E51F0100EC1FF31F0100FC1F55
:103630004E210100322170211002842101008321DA
:10364000D0241A05302C2F04602C0201672C0601AF
:10365000752C0201802C6401002D260841FF1A03FD
:10366000000061001A03E0001703F8000703FF00E1
:103670000100780100013001320106013901100119
:103680004A012E017901060180014D0043028101AA
:1036900082018201840184018601870187018901F9
:1036A0008A018B018B018D018E018F0190019101A7
:1036B000910193019401F6019601970198019801F7
:1036C0003D029B019C019D0120029F01A001A001E0
:1036D000A201A201A401A401A601A701A701A901B9
:1036E000AA01AB01AC01AC01AE01AF01AF01B10168
:1036F000B201B301B301B501B501B701B801B80119
:10370000BA01BB01BC01BC01BE01F701C001C1018E
:10371000C201C301C401C501C401C701C801C70179
:10372000CA01CB01CA01CD011001DD0101008E01EA
:10373000DE011201F3010300F101F401F401F801CB
:103740002801220212013A020900652C3B023B02C9
:103750003D02662C3F0240024102410246020A013C
:103760005302400081018601550289018A015802F5
:103770008F015A0290015C025D025E025F029301BA
:1037800061026202940164026502660267029701A7
:1037900096016A02622C6C026D026E029C0170023C
:1037A00071029D01730274029F0176027702780212
:1037B00079027A027B027C02642C7E027F02A601DF
:1037C00081028202A9018402850286028702AE017B
:1037D0004402B101B20145028D028E028F029002B5
:1037E0009102B7017B030300FD03FE03FF03AC035B
:1037F00004008603880389038A03B1031103C2030B
:103800000200A303A303C4030803CC0303008C0337
:103810008E038F03D8031801F2030A00F903F303A0
:10382000F403F503F603F703F703F903FA03FA03C6
:103830003004200350041007600422018A0436017A
:10384000C1040E01CF040100C004D004440161058D
:1038500026040000C700FC00E900E200E400E000EC
:10386000E500E700EA00EB00E800EF00EE00EC0006
:10387000C400C500C900E600C600F400F600F2006E
:10388000FB00F900FF00D600DC00A200A300A500A9
:10389000A7209201E100ED00F300FA00F100D10051
:1038A000AA00BA00BF001023AC00BD00BC00A100FC
:1038B000AB00BB0091259225932502252425612587
:1038C0006225562555256325512557255D255C25FF
:1038D0005B251025142534252C251C2500253C2589
:1038E0005E255F255A2554256925662560255025C6
:1038F0006C25672568256425652559255825522599
:1039000053256B256A2518250C25882584258C25AB
:1039100090258025B103DF009303C003A303C303F5
:10392000B500C403A6039803A903B4031E22C6036B
:10393000B50329226122B1006522642220232123BC
:10394000F7004822B0001922B7001A227F20B200E7
:10395000A025A0004D61726D6F73657420464D57B0
:10396000205630200A00426C7565746F6F746820B1
:10397000696E6974206661696C656420286572727D
:10398000202564290A00426C7565746F6F74682085
:10399000696E697469616C697A65640057616974FC
:1039A000696E6720666F7220426C7565746F6F7404
:1039B0006820636F6E6E656374696F6E2E2E2E00C5
:1039C0004661696C656420746F2065737461626C14
:1039D00069736820426C7565746F6F746820636FDB
:1039E0006E6E656374696F6E2077697468696E20A6
:1039F00074696D656F75742C207265626F6F746980
:103A00006E672E2E2E00426C7565746F6F74682081
:103A1000636F6E6E656374696F6E20657374616247
:103A20006C697368656400496E697469616C697A70
:103A3000696E67204649464F206275666665722E3C
:103A40002E2E004649464F206275666665722069D3
:103A50006E697469616C697A6174696F6E20666100
:103A6000696C6564202865727220256429004649C6
:103A7000464F2062756666657220696E6974696179
:103A80006C697A6564207375636365737366756CBE
:103A90006C7900496E74616E20696E697469616C3D
:103AA000697A6174696F6E206661696C656420284B
:103AB0006572722025642900496E74616E20696EFA
:103AC000697469616C697A65642073756363657391
:103AD0007366756C6C79003D3D3D3D3D3D3D21215A
:103AE0002120416C6C2073797374656D7320696E4D
:103AF000697469616C697A6564202121213D3D3DCD
:103B00003D3D3D3D200A00534420636172642077AF
:103B1000726974657220746872656164206372658D
:103B20006174656400496E74616E207468726561C9
:103B3000642063726561746564003D3D3D3D3D3DBB
:103B40003D21212120416C6C207468726561647391
:103B50002063726561746564207375636365737354
:103B600066756C6C79202121213D3D3D3D3D3D3DFB
:103B7000200A004D61726D6F7365745F464D57008A
:103B800066616B6564617461004661696C6564209F
:103B9000746F2061637175697265206D75746578E5
:103BA0002C206572726F723A202564004649464F98
:103BB000204275666665722066696C6C3A202564E1
:103BC0002525202877726F746520257A75207374F7
:103BD000727563747329004649464F3A20424C453A
:103BE000206275666665722072656163686564202F
:103BF0007468726573686F6C642028257A75207309
:103C000074727563747329004649464F3A205344D1
:103C100020627566666572207265616368656420FE
:103C20007468726573686F6C642028257A752073D8
:103C300074727563747329006669666F5F62756676
:103C400066657200444952200046494C4500736441
:103C50005F636172645F6C6973745F66696C6573DE
:103C60003A2074616B696E672073656D0053656DF2
:103C70002074616B65206661696C65642E205265F5
:103C8000743A2025640073645F636172645F6C69D9
:103C900073745F66696C65733A2073656D20746137
:103CA0006B656E002F53443A2F004F70656E2053A2
:103CB00044206361726420726F6F742064697220A3
:103CC0006661696C65640050617468206973207472
:103CD0006F6F206C6F6E67004F70656E206173733D
:103CE00069676E65642070617468206661696C65DF
:103CF00064005B25735D0925730A004661696C6584
:103D00006420746F20617070656E6420746F20622F
:103D100075666665722C206572726F723A20256432
:103D2000005B25735D20257300436C6F7365205322
:103D300044206361726420726F6F74206469722022
:103D40006661696C656400456E746572696E6720B2
:103D500073645F636172645F6F70656E5F777269D1
:103D600074655F636C6F73650046696C656E616D49
:103D70006520697320746F6F206C6F6E67004F57FA
:103D8000433A2057726974696E6720746F206669C0
:103D90006C653A202573004F70656E696E6720660A
:103DA000696C65004372656174652066696C6520A5
:103DB0006661696C65643A202564005365656B69CA
:103DC0006E6720746F20656E64206F662066696C74
:103DD00065005365656B2066696C6520706F696E60
:103DE000746572206661696C65643A2025640057C9
:103DF000726974696E6720257A75206279746573BB
:103E000020746F2066696C6500577269746520665E
:103E1000696C65206661696C65643A2025640043BD
:103E20006C6F73696E672066696C6500436C6F73B5
:103E3000652066696C65206661696C65643A202559
:103E4000640045786974696E672073645F636172AA
:103E5000645F6F70656E5F77726974655F636C6FC6
:103E60007365207375636365737366756C6C790035
:103E700057616974696E6720666F722053442063CE
:103E800061726420696E697469616C697A617469D0
:103E90006F6E00446174612073656D2074616B65A1
:103EA0006E2C2072656164696E672066726F6D208A
:103EB0004649464F206275666665720052656164C8
:103EC00020257A75204E657572616C44617461209D
:103ED000737472756374732066726F6D2046494601
:103EE0004F206275666665722028646174615F6345
:103EF0006F756E743D257A75290025732F64617482
:103F0000615F25752E62696E0041626F7574207461
:103F10006F20777269746520257A752062797465DF
:103F20007320746F2066696C653A202573004661C2
:103F3000696C656420746F20777269746520746F92
:103F400020534420636172642C206572723A2025EC
:103F5000640057726F746520257A75204E657572FE
:103F6000616C44617461207374727563747320288A
:103F7000257A752062797465732920746F20257302
:103F80000073645F6361726400535049207472610E
:103F90006E73616374696F6E206661696C6564003D
:103FA0004661696C656420746F207772697465205E
:103FB0006E657572616C206461746120746F204657
:103FC00049464F206275666665722E00496E7461BF
:103FD0006E20696E697469616C697A6174696F6E6B
:103FE000207374617274696E672E2E2E007370696F
:103FF00032202573006E6F7420666F756E640052F8
:1040000048443232333220257300535049206465CE
:1040100076696365206973206E6F742072656164D0
:10402000790053504920646576696365206973207F
:10403000726561647900524F4D20526567697374EF
:1040400065722025643A2030782530345820284184
:10405000534349493A2025632900494E54414E00B3
:1040600053504920636865636B206661696C6564C1
:10407000005772697465206661696C656420666FBB
:10408000722072656769737465722025640043410C
:104090004C49425241544520646F6E652C20636147
:1040A0006C6962726174655F726573756C743A20D5
:1040B0003078253034580052484432323332206947
:1040C0006E697469616C697A6174696F6E20636F7F
:1040D0006D706C6574650052484432323332206929
:1040E0006E6974206661696C65642028417474652A
:1040F0006D7074202564206F66203529004D61782D
:1041000020726574726965732072656163686564A5
:104110002E20496E697469616C697A6174696F6E89
:10412000206661696C65642E00496E74616E206959
:104130006E697469616C697A6174696F6E20636F0E
:104140006D706C65746500496E74616E2074687280
:10415000656164207374617274696E672E2E2E001F
:10416000696E74616E5F7465737473005048592092
:10417000757064617465642E204E657720504859CF
:104180003A204C6F6E672052616E67650050485947
:1041900020757064617465642E204E6577205048E8
:1041A000593A20314D00504859207570646174654A
:1041B000642E204E6577205048593A20324D0044F5
:1041C00065766963652073746174757320706F69B7
:1041D0006E746572206973204E554C4C00464946FA
:1041E0004F2062756666657220706F696E746572C5
:1041F000206973204E554C4C2E2045786974696EA9
:1042000067206E657572616C2064617461206E6FE9
:1042100074696679207468726561642E0044617403
:1042200061206C656E677468207570646174656484
:104230002E204C656E6774682025642F25642062EB
:10424000797465732C2074696D652025642F25644D
:1042500020757300436F6E6E656374696F6E2070B6
:104260006172616D657465727320757064617465E7
:10427000643A20696E74657276616C20252E326610
:10428000206D732C206C6174656E63792025642029
:10429000696E74657276616C732C2074696D656FDC
:1042A0007574202564206D73007375636365737383
:1042B00066756C004D54552065786368616E67655E
:1042C000202573004E6577204D54553A20256420F3
:1042D000627974657300426C7565746F6F746820E1
:1042E000696E6974206661696C6564202865727204
:1042F00020256429004164766572746973696E676C
:10430000206661696C656420746F207374617274D7
:1043100020286572722025642900416476657274D4
:104320006973696E67207375636365737366756C13
:104330006C792073746172746564004661696C65A0
:104340006420746F2065737461626C6973682042C5
:104350004C4520636F6E6E656374696F6E2077697C
:104360007468696E2074696D656F75740046616963
:104370006C656420746F2073746F7020616476655F
:1043800072746973696E67202865727220256429CA
:10439000004661696C656420746F20726573746196
:1043A0007274206164766572746973696E6720281F
:1043B000657272202564292C207265626F6F7469A2
:1043C0006E672E2E2E004661696C656420746F2026
:1043D0007265636F6E6E65637420746F20424C4526
:1043E000206D6F64756C652C207265626F6F7469E7
:1043F0006E672E2E2E00424C45206D6F64756C65E5
:10440000207265636F6E6E65637465642100446934
:1044100073636F6E6E656374656420287265617383
:104420006F6E2025752900424C45207468726561C5
:1044300064732073757370656E64656400424C45E7
:104440002074687265616473206E6F742063726596
:10445000617465642C2063616E6E6F742073757374
:1044600070656E642C207265626F6F74696E672E62
:104470002E2E004E657572616C2064617461206E31
:104480006F7469667920746872656164206372650F
:104490006174656400537461747573206E6F746920
:1044A0006679207468726561642063726561746501
:1044B0006400436F6E6E656374696F6E2066616938
:1044C0006C65642028657272202575290A00627463
:1044D0005F636F6E6E5F6765745F696E666F2829D4
:1044E0002072657475726E656420256400436F6E7A
:1044F0006E656374696F6E20706172616D6574655D
:1045000072733A20696E74657276616C20252E3262
:1045100066206D732C206C6174656E637920256450
:1045200020696E74657276616C732C2074696D6598
:104530006F7574202564206D730062745F636F6E05
:104540006E5F6C655F7068795F7570646174652813
:10455000292072657475726E65642025640064613B
:1045600074615F6C656E5F7570646174652066610F
:10457000696C656420286572722025642900627464
:104580005F676174745F65786368616E67655F6DAE
:104590007475206661696C656420286572722025D7
:1045A000642900436F6E6E656374656400424C4518
:1045B000207468726561647320726573756D6564DB
:1045C000004D61726D6F73657420426C7565746F18
:1045D0006F7468204C6F6767657200424C455F4D91
:1045E0004F44554C450028756E7369676E656429A4
:1045F0002063686172202A207573656420666F727B
:104600002025257020617267756D656E742E2049B6
:10461000742773207265636F6D6D656E64656420C9
:10462000746F206361737420697420746F20766FD7
:104630006964202A2062656361757365206974204E
:104640006D6179206361757365206D69736265685A
:104650006176696F7220696E206365727461696E3C
:1046600020636F6E66696775726174696F6E732E11
:1046700020537472696E673A222573222061726733
:10468000756D656E743A25640063627072696E744C
:10469000665F7061636B616765004661696C656444
:1046A00020746F207265626F6F743A207370696E48
:1046B0006E696E6720656E646C6573736C792E2EFF
:1046C0002E0A006C6F6767696E67006C6F67006C1D
:1046D0006F675F6D676D74004D657373616765200B
:1046E0002822257322292064726F7070656420620D
:1046F00065636175736520697420657863656564B9
:10470000732073697A65206C696D69746174696F6F
:104710006E2028257529000D0A001B5B306D0025D1
:104720007320005B2530386C755D20005B253032CE
:10473000753A253032753A253032752E253033756D
:104740002C253033755D20003C25733E20002573F9
:104750002F0025733A20002530327820007C002578
:104760006300206D657373616765732064726F7099
:10477000706564202D2D2D0D0A1B5B306D001B5BB9
:10478000313B33316D2D2D2D20001B5B313B3331FF
:104790006D001B5B313B33336D00657272007772C5
:1047A0006E00696E6600646267006C6F675F6261CD
:1047B000636B656E645F727474006C6F675F6261D7
:1047C000636B656E645F75617274006C6F675F75B3
:1047D00061727400696E76616C6964206469736BE0
:1047E00020696E7465726661636521210064697376
:1047F0006B20696E7465726661636520616C7265B9
:1048000061647920726567697374657265642121DA
:10481000006469736B00637C777BF26B6FC530015A
:10482000672BFED7AB76CA82C97DFA5947F0ADD463
:10483000A2AF9CA472C0B7FD9326363FF7CC34A537
:10484000E5F171D8311504C723C31896059A0712EC
:1048500080E2EB27B27509832C1A1B6E5AA0523BDB
:10486000D6B329E32F8453D100ED20FCB15B6ACB92
:10487000BE394A4C58CFD0EFAAFB434D338545F99A
:10488000027F503C9FA851A3408F929D38F5BCB643
:10489000DA2110FFF3D2CD0C13EC5F974417C4A7B5
:1048A0007E3D645D197360814FDC222A908846EE5C
:1048B000B814DE5E0BDBE0323A0A4906245CC2D350
:1048C000AC629195E479E7C8376D8DD54EA96C56E9
:1048D000F4EA657AAE08BA78252E1CA6B4C6E8DDDF
:1048E000741F4BBD8B8A703EB5664803F60E61356A
:1048F00057B986C11D9EE1F8981169D98E949B1E07
:1049000087E9CE5528DF8CA1890DBFE64268419921
:104910002D0FB054BB166D757465785F696E697440
:104920002063616C6C65642077697468204E554C17
:104930004C20706172616D6574657200436F756CB7
:1049400064206E6F7420616C6C6F63617465206DA0
:1049500075746578206265666F726520696E69742A
:1049600069616C697A696E670072302F61313A2033
:1049700020307825303878202072312F61323A206B
:1049800020307825303878202072322F61333A2059
:10499000203078253038780072332F61343A202067
:1049A000307825303878207231322F69703A2020E3
:1049B000307825303878207231342F6C723A2020CC
:1049C0003078253038780020787073723A202030A3
:1049D000782530387800735B2532645D3A202030CA
:1049E00078253038782020735B2532645D3A2020AA
:1049F0003078253038782020735B2532645D3A208A
:104A0000203078253038782020735B2532645D3A79
:104A100020203078253038780066707363723A2031
:104A200020307825303878004661756C74696E677F
:104A300020696E737472756374696F6E206164644B
:104A40007265737320287231352F7063293A2030D4
:104A50007825303878002A2A2A2A2A2042555320DD
:104A60004641554C54202A2A2A2A2A0020205374D1
:104A700061636B696E67206572726F7200202055EA
:104A80006E737461636B696E67206572726F72001A
:104A900020205072656369736520646174612062CF
:104AA0007573206572726F72002020424641522059
:104AB000416464726573733A203078257800202051
:104AC000496D707265636973652064617461206209
:104AD0007573206572726F72002020496E73747254
:104AE000756374696F6E20627573206572726F7280
:104AF000002020466C6F6174696E672D706F696E5F
:104B000074206C617A7920737461746520707265A9
:104B1000736572766174696F6E206572726F720070
:104B20002A2A2A2A2A205553414745204641554CD6
:104B300054202A2A2A2A2A00202044697669736987
:104B40006F6E206279207A65726F002020556E6149
:104B50006C69676E6564206D656D6F727920616345
:104B6000636573730020204E6F20636F70726F63F4
:104B70006573736F7220696E737472756374696F95
:104B80006E73002020496C6C6567616C206C6F61EE
:104B900064206F66204558435F52455455524E205D
:104BA000696E746F205043002020496C6C6567610A
:104BB0006C20757365206F662074686520455053BE
:104BC00052002020417474656D707420746F2065EC
:104BD00078656375746520756E646566696E656475
:104BE00020696E737472756374696F6E002A2A2A65
:104BF0002A2A204D5055204641554C54202A2A2A15
:104C00002A2A002020537461636B696E67206572E5
:104C1000726F722028636F6E74657874206172659C
:104C200061206D69676874206265206E6F742076FC
:104C3000616C6964290020204461746120416363D0
:104C40006573732056696F6C6174696F6E00202004
:104C50004D4D46415220416464726573733A203071
:104C6000782578002020496E737472756374696FBB
:104C70006E204163636573732056696F6C6174695C
:104C80006F6E005265736572766564204578636562
:104C90007074696F6E20280053707572696F757338
:104CA00020696E74657272757074202849525120A3
:104CB00000535053454C20696E20746872656164DE
:104CC000206D6F646520646F6573206E6F7420695A
:104CD0006E64696361746520505350002A2A2A2A41
:104CE0002A2048415244204641554C54202A2A2A21
:104CF0002A2A002020427573206661756C74206F2B
:104D00006E20766563746F72207461626C652072C8
:104D10006561640020204465627567206576656E74
:104D2000740020204661756C7420657363616C614A
:104D300074696F6E20287365652062656C6F7729D2
:104D400000415243485F45584345505420776974A9
:104D50006820726561736F6E2025780A002A2A2AFE
:104D60002A2A204465627567206D6F6E69746F72C0
:104D700020657863657074696F6E202A2A2A2A2A52
:104D8000002A2A2A2A2A20257320256429202A2A53
:104D90002A2A2A006D7075004661696C656420746A
:104DA0006F20616C6C6F63617465206E6577204D58
:104DB000505520726567696F6E2025750A00506135
:104DC00072746974696F6E2025753A2073616E691B
:104DD000747920636865636B206661696C65642E15
:104DE00000496E76616C69642061747472696275E1
:104DF000746520666F722074686520726567696FDC
:104E00006E0A00464C4153485F30005352414D5F9B
:104E10003000000001000000736F6300696E76616E
:104E20006C69642066696C65206E616D6521210086
:104E30006D6F756E7420706F696E74206E6F742064
:104E4000666F756E6421210066696C65206F706500
:104E50006E206572726F7220282564290066696C65
:104E60006520636C6F7365206572726F72202825F0
:104E700064290066696C65207772697465206572C3
:104E8000726F7220282564290066696C652073653D
:104E9000656B206572726F72202825642900667325
:104EA0000000FBFBFBFEFEFEF3EFF7E2EDEDEDFB9A
:104EB000FBFBF4E8EA00FFFFFFFFFFFF000000003C
:104EC000000000FFFFFFFFFFFF0000000000007078
:104ED00075626C69630072616E646F6D00707562FB
:104EE0006C69632D69640072616E646F6D2D696415
:104EF00000253032583A253032583A253032583A67
:104F0000253032583A253032583A25303258202848
:104F10002573290030313233343536373839616200
:104F2000636465660042545F4C575F57510002FB53
:104F3000349B5F80000080001000000000000062D1
:104F4000745F6461746100446174612062756666B7
:104F50006572206F766572666C6F7720286C696E5B
:104F60006B207479706520307825303278290055AF
:104F70006E61626C6520746F206C6F6F6B20757052
:104F800020636F6E6E20776974682068616E646C50
:104F900065202575004861726477617265206572CD
:104FA000726F722C20686172647761726520636F22
:104FB00064653A20256400436F756C64206E6F74DD
:104FC000207375626D69742072785F776F726B3AC7
:104FD00020256400556E61626C6520746F206C6FD3
:104FE0006F6B757020636F6E6E20666F72206861E4
:104FF0006E646C6520257500556E61626C65207469
:105000006F20616C6C6F63617465206275666665A4
:105010007200556E68616E646C6564206576656EBD
:105020007420307825303278206C656E2025753AF2
:1050300020257300546F6F20736D616C6C202825E0
:105040007520627974657329206576656E742030E9
:10505000782530327800496E76616C696420484367
:10506000492041434C207061636B65742073697AF9
:105070006520282575290041434C20646174612016
:105080006C656E677468206D69736D617463682008
:1050900028257520213D2025752900556E61626CFB
:1050A0006520746F2066696E6420636F6E6E206683
:1050B0006F722068616E646C6520257500496E769C
:1050C000616C696420484349206576656E7420737D
:1050D000697A65202825752900574553545F544F38
:1050E000504449522F7A65706879722F73756273D4
:1050F00079732F626C7565746F6F74682F686F7346
:10510000742F6863695F636F72652E630062745FFA
:105110006863695F6576745F6765745F666C616715
:1051200073286864722D3E65767429202620283104
:10513000554C203C3C2028312929004153534552ED
:1051400054494F4E204641494C205B25735D204019
:105150002025733A25640A00556E6B6E6F776E20BA
:105160006275662074797065202575006F70636FB5
:1051700064652030782530347820706F6F6C20693A
:105180006420257520706F6F6C20257020213D20D4
:10519000266863695F636D645F706F6F6C20257054
:1051A000004F70436F646520307825303478206379
:1051B0006F6D706C6574656420696E73746561648D
:1051C000206F66206578706563746564203078258B
:1051D00030347800556E6578706563746564204876
:1051E0004F53545F4E554D5F434F4D504C455445C2
:1051F000445F5041434B4554532028737461747588
:1052000073203078253032782900657674206E75E9
:105210006D5F68616E646C657320283D257529207B
:10522000746F6F206C6172676520282575203E20A1
:10523000257529004E6F20636F6E6E656374696F0C
:105240006E20666F722068616E646C652025750043
:105250007061636B65747320636F756E74206D6924
:10526000736D6174636800657272203D3D2030008B
:1052700009636F6D6D616E64206F70636F6465208C
:105280003078253034782074696D656F75742077B7
:10529000697468206572722025640A006F70636FFC
:1052A00064652030782530347820737461747573A8
:1052B00020307825303278004E6F2070656E64693A
:1052C0006E67207065726970686572616C20636FCB
:1052D0006E6E656374696F6E00556E657870656398
:1052E000746564207374617475732030782530326E
:1052F00078004E6F2070656E64696E6720636F6E14
:105300006E20666F7220706565722025730046619D
:10531000696C656420726561642072656D6F746587
:10532000206665617475726573202825642900758F
:105330006E6B6E6F776E00556E61626C6520746F78
:105340002073656E6420746F2064726976657220C4
:10535000286572722025642900556E636C65617240
:1053600065642070656E64696E672073656E745F36
:10537000636D6400556E6578706563746564206B59
:105380005F706F6C6C206576656E742073746174E9
:1053900065202575006576745F666C6167732026ED
:1053A000202831554C203C3C202830292900496ECA
:1053B00076616C6964206275662074797065202559
:1053C00075005B305D004964656E7469747925739E
:1053D0003A202573004964656E746974795B2564AD
:1053E0005D3A202573004843493A20766572736917
:1053F0006F6E20257320283078253032782920726E
:1054000065766973696F6E203078253034782C208A
:105410006D616E7566616374757265722030782592
:10542000303478004C4D503A2076657273696F6E57
:105430002025732028307825303278292073756232
:1054400076657220307825303478004E6F6E2D4CA2
:10545000452063617061626C6520636F6E74726F6A
:105460006C6C6572206465746563746564210041C9
:10547000434C2042522F4544522062756666657245
:1054800073206E6F7420696E697469616C697A65E6
:10549000640056656E646F722048434920657874D5
:1054A000656E73696F6E73206E6F742061766169CB
:1054B0006C61626C6500485720506C6174666F7255
:1054C0006D3A20257320283078253034782900481B
:1054D000572056617269616E743A20257320283016
:1054E000782530347829004669726D776172653AA3
:1054F000202573202830782530327829205665728F
:1055000073696F6E2025752E2575204275696C6450
:10551000202575004661696C656420746F20726592
:10552000616420737570706F727465642076656E47
:10553000646F7220636F6D6D616E647300466169A4
:105540006C656420746F207265616420737570707F
:105550006F727465642076656E646F722066656133
:105560007475726573004E6F2048434920647269F8
:10557000766572207265676973746572656400424E
:105580005420545800425420525800484349206443
:105590007269766572206F70656E206661696C65F0
:1055A00064202825642900010204312E3062003174
:1055B0002E3100312E3200322E3000322E310033A7
:1055C0002E3000342E3000342E3100342E3200358F
:1055D0002E3100352E3200352E3300352E34005357
:1055E00074616E6461726420426C7565746F6F746F
:1055F0006820636F6E74726F6C6C65720056656EB6
:10560000646F7220737065636966696320636F6E8F
:1056100074726F6C6C6572004669726D7761726549
:10562000206C6F61646572005265736375652069F3
:105630006D616765007265736572766564006E52B0
:1056400046353178006E5246353278006E52463516
:105650003378006E524635344878006E5246353401
:105660004C7800496E74656C20436F72706F726184
:1056700074696F6E004E6F726469632053656D6963
:10568000636F6E647563746F72004E58502053657B
:105690006D69636F6E647563746F72730062745FBB
:1056A0006863695F636F7265004F6E6C7920737415
:1056B000617469632072616E646F6D206964656EE8
:1056C0007469747920616464726573732073757092
:1056D000706F7274656400496E76616C69642069EC
:1056E0006E70757420706172616D6574657273009F
:1056F0004661696C656420746F2072656164207016
:1057000075626C69632061646472657373005265CD
:1057100061642053746174696320416464726573C9
:1057200073657320636F6D6D616E64206E6F74209E
:10573000617661696C61626C65004661696C656483
:1057400020746F20726561642073746174696320D2
:10575000616464726573736573004E6F2073746166
:105760007469632061646472657373657320737414
:105770006F72656420696E20636F6E74726F6C6CFB
:1057800065720043616E27742073657420626F74C4
:1057900068204944454E544954592026204E5250C1
:1057A0004100556E61626C6520746F2073657420D2
:1057B0006964656E74697479206164647265737379
:1057C00000556E61626C6520746F20736574207281
:1057D000616E646F6D2061646472657373006274DE
:1057E0005F696400546F6F20626967206164766549
:1057F00072746973696E67206461746100466169DF
:105800006C656420746F20737461727420616476B7
:1058100065727469736572004661696C65642074B1
:105820006F2073746F702061647665727469736938
:105830006E673A20256400436F6E74726F6C6C65FE
:10584000722063616E6E6F7420726573756D652072
:10585000636F6E6E65637461626C6520616476650A
:1058600072746973696E6720282564290062745F09
:1058700061647600556E61626C6520746F20616CA6
:105880006C6F636174652062756666657220776906
:105890007468696E2074696D656F757400556E6506
:1058A00078706563746564206669727374204C3225
:1058B000434150206672616D6500556E6578706574
:1058C00063746564204C3243415020636F6E746989
:1058D0006E756174696F6E004E6F7420656E6F75C2
:1058E0006768206275666665722073706163652003
:1058F000666F72204C3243415020646174610055E0
:105900006E65787065637465642041434C20666CF5
:105910006167732028307825303278290041434C64
:10592000206C656E206D69736D6174636820282535
:1059300075203E20257529006E6F7420656E6F7589
:10594000676820726F6F6D20696E20757365725F76
:1059500064617461202564203C202564006E6F74AE
:1059600020636F6E6E6563746564210044697363C0
:105970006F6E6E6563746564207768696C6520611D
:105980006C6C6F636174696E6720636F6E746578A9
:10599000740028756E6B6E6F776E29006E6F2074C1
:1059A00072616E736974696F6E20257300496E763B
:1059B000616C69642028257529206F6C64207374DC
:1059C000617465006E6F2076616C696420282575AE
:1059D0002920737461746520776173207365740086
:1059E000696E636F6D70617469626C652068616E69
:1059F000646C6520257500466F756E642076616C59
:105A0000696420636F6E6E656374696F6E2028250C
:105A100070292077697468206164647265737320EB
:105A2000257320696E2025732073746174652000CE
:105A300053656E64204C4520706172616D207570F5
:105A400064617465206661696C65642028657272A2
:105A5000202564290053656E64206175746F204CA5
:105A60004520706172616D20757064617465206697
:105A700061696C656420286572722025642900576D
:105A80004553545F544F504449522F7A657068799A
:105A9000722F7375627379732F626C7565746F6F93
:105AA00074682F686F73742F636F6E6E2E630001BE
:105AB000010101010203646973636F6E6E656374B3
:105AC000656400646973636F6E6E6563742D636FE4
:105AD0006D706C65746500636F6E6E656374696E7E
:105AE000672D7363616E00636F6E6E656374696EBC
:105AF000672D6175746F00636F6E6E656374696E98
:105B0000672D61647600636F6E6E656374696E679E
:105B10002D6469722D61647600646973636F6E6EC3
:105B2000656374696E670062745F636F6E6E0055C3
:105B30006E61626C6520746F20616C6C6F63617460
:105B4000652062756666657220666F72206F7020D0
:105B5000307825303278004E6F20617661696C6153
:105B6000626C65204C3243415020636F6E746578DF
:105B70007420666F7220636F6E6E202570004C3249
:105B8000434150206C656E677468206D69736D6168
:105B90007463682028257520213D2025752900493A
:105BA0006E76616C6964206964656E742076616CE0
:105BB000756520696E204C32434150205044550099
:105BC000546F6F20736D616C6C204C4520636F6E59
:105BD0006E20706172616D207273700052656A652B
:105BE0006374696E6720756E6B6E6F776E204C32D2
:105BF0004341502050445520636F64652030782520
:105C000030327800546F6F20736D616C6C204C32B1
:105C1000434150207369676E616C696E6720504420
:105C20005500546F6F20736D616C6C204C32434192
:105C3000502050445520726563656976656400495B
:105C4000676E6F72696E67206461746120666F723F
:105C500020756E6B6E6F776E206368616E6E656C1B
:105C60002049442030782530347800636F6E6669AF
:105C7000670062745F6C32636170004E6F74206302
:105C80006F6E6E656374656400556E61626C65204D
:105C9000746F2066696E6420415454206368616E9D
:105CA0006E656C00415454206368616E6E656C20B3
:105CB0006E6F7420636F6E6E65637465640041542B
:105CC00054204D54552065786365656465642C20C7
:105CD0006D61782025752C2077616E7465642025B0
:105CE0007A7500556E61626C6520746F20616C6C12
:105CF0006F6361746520415454205458206D65745D
:105D00006100556E61626C6520746F20637265611D
:105D1000746520555549443A2073697A6520257584
:105D200000556E61626C6520746F206372656174EA
:105D30006520555549443A2073697A6520256400E9
:105D40004E6F20617661696C61626C6520415454CC
:105D500020636F6E7465787420666F7220636F6E57
:105D60006E202570004E6F20617661696C61626CF7
:105D70006520415454206368616E6E656C20666FC7
:105D80007220636F6E6E202570004572726F7220F4
:105D90007369676E696E6720646174610052616E39
:105DA000206F7574206F6620545820627566666592
:105DB0007273206F7220636F6E74657874732E0037
:105DC000546F6F20736D616C6C20415454205044AB
:105DD0005520726563656976656400556E68616E0D
:105DE000646C65642041545420636F64652030788E
:105DF000253032780049676E6F72696E6720756E64
:105E00006578706563746564207265717565737417
:105E10000049676E6F72696E6720756E6578706590
:105E20006374656420696E6469636174696F6E0090
:105E3000496E76616C6964206C656E2025752066FC
:105E40006F7220636F646520307825303278004EA1
:105E50006F20415454206368616E6E656C20666FDC
:105E600072204D545520257A75004E6F2070656E56
:105E700064696E672041545420726571756573744E
:105E8000004154542054696D656F757420666F72BB
:105E9000206465766963652025730062745F6174B0
:105EA00074004E6F20737061636520746F2073748B
:105EB0006F7265204343432063666700777269749D
:105EC000652063616C6C6261636B2069732064653B
:105ED00070726563617465642C20757365207375D9
:105EE0006273637269626520636220696E737465B0
:105EF000616400756E61626C6520746F20736176F9
:105F0000652053433A206E6F20636667206C656698
:105F100074004E6F20737061636520746F2073741A
:105F20006F726520436C69656E7420537570706F75
:105F30007274656420466561747572657300556E90
:105F400061626C6520746F207365747570204145C3
:105F50005320434D414300556E61626C6520746F60
:105F60002063616C63756C6174652068617368009F
:105F70004C696E6B206973206E6F7420656E63725E
:105F8000797074656400446576696365206973207F
:105F90006E6F7420737562736372696265642074D6
:105FA0006F20636861726163746572697374696399
:105FB000004E6F2062756666657220617661696C5D
:105FC00061626C6520746F2073656E6420696E6415
:105FD00069636174696F6E00434343202570206ECE
:105FE0006F74207772697461626C6500534320722C
:105FF0006573746F726520696E6469636174696F3B
:106000006E206661696C6564004E6F20627566661D
:10601000657220617661696C61626C6520746F20C5
:1060200073656E64206E6F74696669636174696F0D
:106030006E00496E76616C69642068616E646C659F
:1060400000496E76616C69642064617461206C65DE
:106050006E202575203E2025750062742F636363D2
:106060000062745F67617474004E6F2061766169CD
:106070006C61626C6520534D5020636F6E7465785F
:106080007420666F7220636F6E6E202570006274DC
:106090005F736D70006E65745F627566006E657427
:1060A0005F6275665F73696D706C65006D6D63002E
:1060B000534400636C6F636B4034303030303030A9
:1060C00030006866636C6B006C66636C6B00636CBD
:1060D0006F636B5F636F6E74726F6C0072616E647E
:1060E0006F6D40343030306430303000656E747223
:1060F0006F70795F62745F6863690063727970744E
:106100006F403530303261303030006770696F4039
:106110003530303030333030006770696F403530A3
:1061200030303030303000000102030405060743F0
:106130006F756C64206E6F7420636F6E666967752F
:10614000726520706F776572206770696F202825EF
:10615000642900436172642053434C4B20696E698B
:10616000742073657175656E6365206661696C6521
:1061700064004461746120777269746520666169A6
:106180006C65640042616420646174612043524321
:106190000042616420746F6B656E007364686340D5
:1061A0003000736468635F73706900FFFFFFFFFF77
:1061B000FFFFFFFFFFFFFFFFFFFFFFFFFFFFFFFFEF
:1061C000FFFFFFFFFFFFFFFFFFFFFFFFFFFFFFFFDF
:1061D000FFFFFFFFFFFFFFFFFFFFFFFFFFFFFFFFCF
:1061E000FFFFFFFFFFFFFFFFFFFFFFFFFFFFFFFFBF
:1061F000FFFFFFFFFFFFFFFFFFFFFFFFFFFFFFFFAF
:10620000FFFFFFFFFFFFFFFFFFFFFFFFFFFFFFFF9E
:10621000FFFFFFFFFFFFFFFFFFFFFFFFFFFFFFFF8E
:10622000FFFFFFFFFFFFFFFFFFFFFFFFFFFFFFFF7E
:10623000FFFFFFFFFFFFFFFFFFFFFFFFFFFFFFFF6E
:10624000FFFFFFFFFFFFFFFFFFFFFFFFFFFFFFFF5E
:10625000FFFFFFFFFFFFFFFFFFFFFFFFFFFFFFFF4E
:10626000FFFFFFFFFFFFFFFFFFFFFFFFFFFFFFFF3E
:10627000FFFFFFFFFFFFFFFFFFFFFFFFFFFFFFFF2E
:10628000FFFFFFFFFFFFFFFFFFFFFFFFFFFFFFFF1E
:10629000FFFFFFFFFFFFFFFFFFFFFFFFFFFFFFFF0E
:1062A000FFFFFFFFFFFFFFFFFFFFFFFFFFFFFFFFFE
:1062B000FFFFFFFFFFFFFFFFFFFFFFFFFFFFFFFFEE
:1062C000FFFFFFFFFFFFFFFFFFFFFFFFFFFFFFFFDE
:1062D000FFFFFFFFFFFFFFFFFFFFFFFFFFFFFFFFCE
:1062E000FFFFFFFFFFFFFFFFFFFFFFFFFFFFFFFFBE
:1062F000FFFFFFFFFFFFFFFFFFFFFFFFFFFFFFFFAE
:10630000FFFFFFFFFFFFFFFFFFFFFFFFFFFFFFFF9D
:10631000FFFFFFFFFFFFFFFFFFFFFFFFFFFFFFFF8D
:10632000FFFFFFFFFFFFFFFFFFFFFFFFFFFFFFFF7D
:10633000FFFFFFFFFFFFFFFFFFFFFFFFFFFFFFFF6D
:10634000FFFFFFFFFFFFFFFFFFFFFFFFFFFFFFFF5D
:10635000FFFFFFFFFFFFFFFFFFFFFFFFFFFFFFFF4D
:10636000FFFFFFFFFFFFFFFFFFFFFFFFFFFFFFFF3D
:10637000FFFFFFFFFFFFFFFFFFFFFFFFFFFFFFFF2D
:10638000FFFFFFFFFFFFFFFFFFFFFFFFFFFFFFFF1D
:10639000FFFFFFFFFFFFFFFFFFFFFFFFFFFFFFFF0D
:1063A000FFFFFFFFFFFFFFFFFFFFFF4661696C6517
:1063B0006420746F20616C6C6F6361746520505051
:1063C00049204368616E6E656C007561727440347B
:1063D0003030303230303000756172745F6E72660A
:1063E000785F7561727465004661696C65642074DC
:1063F0006F20616C6C6F63617465204750494F5426
:1064000045206368616E6E656C20666F722057412F
:106410004B45004661696C656420746F20636F6E44
:106420006669677572652057414B452070696E003B
:106430004353204750494F20706F727420257320BA
:1064400070696E202564206973206E6F74207265F8
:106450006164790055706461746520657863656571
:1064600064732063757272656E742062756666650A
:10647000720048616C662D6475706C6578206E6F73
:106480007420737570706F7274656400536C6176FC
:1064900065206D6F6465206973206E6F742073755D
:1064A00070706F72746564206F6E202573004C6F7E
:1064B0006F706261636B206D6F6465206973206E1D
:1064C0006F7420737570706F7274656400576F72AB
:1064D000642073697A6573206F74686572207468CC
:1064E000616E2038206269747320617265206E6F5E
:1064F0007420737570706F72746564004672657194
:1065000075656E63696573206C6F7765722074685A
:10651000616E20313235206B487A20617265206EC1
:106520006F7420737570706F727465640046616972
:106530006C656420746F20696E697469616C697A36
:1065400065206E726678206472697665723A2025DD
:106550003038780057616974696E6720666F722001
:1065600057414B452061636B6E6F776C6564676D57
:10657000656E742074696D6564206F75740054696C
:106580006D656F75742077616974696E6720666FD9
:1065900072207472616E7366657220636F6D706CC9
:1065A0006574650073706940343030326630303065
:1065B00000737069403430303034303030007370E4
:1065C000695F6E7266785F7370696D00526573659E
:1065D0007474696E672073797374656D0066617495
:1065E000616C5F6572726F7200416C6C6F63617495
:1065F0006564206D656D6F727920746F6F206C6FAC
:10660000773A202575203C20257500536F66744429
:10661000657669636520436F6E74726F6C6C65722A
:10662000204153534552543A2025732C20256400B1
:10663000536F667444657669636520436F6E747248
:106640006F6C6C6572206275696C64207265766926
:1066500073696F6E3A2000456E74726F70792073A3
:106660006F7572636520646576696365206E6F740B
:10667000207265616479004661696C656420746F9D
:106680002072656769737465722072616E6420732D
:106690006F757263652028256429004E6F2065762A
:1066A000656E742062756666657220617661696CDC
:1066B00061626C65004E6F20646174612062756672
:1066C00066657220617661696C61626C6500556E09
:1066D0006578706563746564206D73675F74797045
:1066E000653A2025752E20546869732069662D65EA
:1066F0006C7365206E656564732061206E6577201C
:106700006272616E636800536F6674446576696394
:106710006520436F6E74726F6C6C65720062745F9B
:106720007364635F6863695F64726976657200624F
:10673000745F7364635F63727970746F0070756205
:106740006C6963206B6579206973206E6F742076A5
:10675000616C696420286572722025642900556E79
:106760006B6E6F776E20636F6D6D616E6400425467
:106770002043544C522045434448003F49F6D4A39B
:10678000C55F3874C9B3E3D2103F504AFF607BEB5A
:1067900040B7995899B8A6CD3C1ABD62745F73642E
:1067A000635F65636468004D50534C20415353450B
:1067B00052543A2025732C202564004D50534C2010
:1067C000576F726B006D70736C5F696E697400EB6C
:1067D00076904558464154202020002A3A3C3E7C81
:1067E000223F7F002B2C3B3D5B5D00EBFE904D5329
:1067F000444F53352E30004E4F204E414D45202002
:1068000020204641543332202020004E4F204E415C
:106810004D4520202020464154202020202000806B
:106820009A45418E418F804545454949498E8F9013
:1068300092924F994F555559999A9B9C9D9E9F4175
:10684000494F55A5A5A6A7A8A9AAABACADAEAFB0B8
:10685000B1B2B3B4B5B6B7B8B9BABBBCBDBEBFC0B0
:10686000C1C2C3C4C5C6C7C8C9CACBCCCDCECFD0A0
:10687000D1D2D3D4D5D6D7D8D9DADBDCDDDEDFE090
:10688000E1E2E3E4E5E6E7E8E9EAEBECEDEEEFF080
:10689000F1F2F3F4F5F6F7F8F9FAFBFCFDFEFF016F
:1068A000030507090E10121416181C1E52414D0044
:1068B0004E414E440043460053443200555342007B
:1068C000555342320055534233000000000000018E
:1068D0000100000000000020303030303030303017
:1068E00030303030303000015465726D696E616C4B
:1068F0000000000000000054545220524547474514
:106900005300556E6B6E6F776E206572726F7200FA
:106910003E3E3E205A455048595220464154414C33
:10692000204552524F522025643A202573206F6E25
:1069300020435055202564004661756C74206475B1
:1069400072696E6720696E74657272757074206802
:10695000616E646C696E670A0043757272656E746D
:10696000207468726561643A202570202825732997
:106970000043505520657863657074696F6E0055EB
:106980006E68616E646C656420696E7465727275A0
:10699000707400537461636B206F766572666C6F00
:1069A00077004B65726E656C206F6F7073004B657E
:1069B000726E656C2070616E6963006D61696E0056
:1069C0006F7300737973776F726B71002A2A2A20B4
:1069D000426F6F74696E67206E524620436F6E6E11
:1069E0006563742053444B2076332E352E39392D70
:1069F0006E6373312D31202A2A2A0A0036F0E50E03
:106A0000876848FB02FD9F82CC32E57B91B15CED4B
:106A100000FFFFFFFF1F00647261676F6F6E2F6CD6
:106A20006962732F7363686564756C696E672F7331
:106A300072632F72656D5F68616C5F6576656E74F9
:106A40005F74696D65722E630092A4D3388C39F33C
:106A500030AAF9FF91388930629C78151C006E616C
:0C6A60006E00286E756C6C2900000000B0
:106A6C00FFFFFFFFFF1F00001F00000000000000E1
:106A7C007F000000D0070000FF000000C4090000E8
:106A8C00DD50000000000000FFFFFFFF1F000000B2
:106A9C00A0354D0000000000008000400000000008
:106AAC00000000000C0000000000000000FF7F0050
:106ABC0000000000000000000000000000000000CA
:106ACC0000000000000000000000000000000000BA
:106ADC000000000000000000F57E00000000000037
:106AEC006D35010000000000BB3501000000000006
:106AFC00317F000000000000BF35010000000000E5
:106B0C000000000000000000000000000000000079
:106B1C000000000000000000000000000000000069
:106B2C000000000000000000000000000000000059
:106B3C000000000000000000000000000000000049
:106B4C000000000000000000000000000000000039
:106B5C000000000000000000000000000000000029
:106B6C000000000000000000000000000000000019
:106B7C000000000000000000000000000000000009
:106B8C0000000000000000000000000000000000F9
:106B9C0000000000000000000000000000000000E9
:106BAC0000000000000000000000000000000000D9
:106BBC0000000000000000000000000000000000C9
:106BCC0000000000000000000000000000000000B9
:106BDC0000000000000000000000000000000000A9
:106BEC000000000000000000000000000000000099
:106BFC000000000000000000000000000000000089
:106C0C000000000000000000000000000000000078
:106C1C000000000000000000000000000000000068
:106C2C000000000000000000000000000000000058
:106C3C000000000000000000000000000000000048
:106C4C000000000000000000000000000000000038
:106C5C000000000000000000000000000000000028
:106C6C000000000000000000000000000000000018
:106C7C000000000000000000000000000000000008
:106C8C0000000000000000000000000000000000F8
:106C9C0000000000000000000000000000000000E8
:106CAC0000000000000000000000000000000000D8
:106CBC000000000000000000000000006002002046
:106CCC00F35001002B510100F75001003551010028
:106CDC00FD5001003B510100035101000551010021
:106CEC0007510100155101002551010047510100C8
:106CFC000B510100115101003151010041510100B2
:106D0C000C27030001050500000000000000000036
:106D1C000000000000000000000000000000000067
:106D2C000000000000000000000000000000000057
:106D3C000000000000000000000000000000000047
:106D4C000000000000000000000000000000000037
:106D5C000000000000000000000000000000000027
:106D6C000000000000000000000000000000000017
:106D7C000000000000000000000000000000000007
:106D8C0000000000000000000000000000000000F7
:106D9C0000000000000000000000000000000000E7
:106DAC0000000000000000000000000000000000D7
:106DBC0000000000000000000000000000000000C7
:106DCC0000000000000000000000000000000000B7
:106DDC004DB40100000000000000000000000000A5
:106DEC000000000000000000000000000000000097
:106DFC000000000000000000000000000000000087
:106E0C000000000000000000000000000000000076
:106E1C000000000000000000000000000000000066
:106E2C000000000000000000000000000000000056
:106E3C000000000000000000000000000000000046
:106E4C000000000000000000000000000000000036
:106E5C000000000000000000000000000000000026
:106E6C000000000000000000000000000000000016
:106E7C0000000000B95601000000000000000000F6
:106E8C005D0B00200000100000000000000000005E
:106E9C0000000000A95601000000000000000000E6
:106EAC007F0B002000001000901C0300002D31010E
:106EBC0000010000181C03001D0001000000000070
:106ECC00E1630100D162010000000000ED600100EF
:106EDC00ED5F0100B1600100000000000000000047
:106EEC000500000028000000210300000000000045
:106EFC00C1AC02002FB70200D42A0300000000002E
:106F0C00A0040020A0040020D80C00203A000000AF
:106F1C00EC0C00203A0000009C0C00203A00000011
:106F2C00140D00203A00000000000000BDBE02005D
:106F3C000000000000000000000000000000000045
:106F4C000000000000040000EC0300200000000022
:106F5C000000000000000000000000000000000025
:106F6C000000000000000000000000000000000015
:106F7C00000000000000000019A10100000000004A
:106F8C000000000024050020240500200000000063
:106F9C000000000055D7010085E001000000000052
:106FAC00000000000000000095D701003BD3020058
:106FBC0067D2020089D1010000000000E80A00201D
:106FCC0000000200F40A002000000A00040B00205C
:106FDC000000200000000000000000000000000085
:106FEC000000000049DC020000000000180B00202B
:106FFC0000000200240B002000000200300B0020D7
:10700C000000020000000000000000000000000072
:10701C000000000000000000000000000000000064
:10702C000000000000000000000000000000000054
:10703C000000000000000000000000000000000044
:10704C000000000000000000000000000000000034
:10705C000000000000000000000000000000000024
:10706C000000000000000000000000000000000014
:10707C000000000000000000000000000000000004
:10708C0000000000000000000000000000000000F4
:10709C0000000000000000000000000000000000E4
:1070AC0000000000000000000000000000000000D4
:1070BC0000000000000000000000000000000000C4
:1070CC0000000000000000000000000000000000B4
:1070DC0000000000000000000000000000000000A4
:1070EC000000000000000000000000000000000094
:1070FC000000000000000000000000000000000084
:10710C000000000000000000000000000000000073
:10711C000000000000000000000000000000000063
:10712C000000000000000000000000000000000053
:10713C000000000000000000000000000000000043
:10714C000000000000000000000000000000000033
:10715C000000000000000000000000000000000023
:10716C000000000000000000000000000000000013
:10717C000000000000000000000000000000000003
:10718C0000000000000000000000000000000000F3
:10719C0000000000000000000000000000000000E3
:1071AC0000000000000000000000000000000000D3
:1071BC0000000000000000000000000000000000C3
:1071CC0000000000000000000000000000000000B3
:1071DC0000000000000000000000000000000000A3
:1071EC000000000000000000000000000000000093
:1071FC000000000000000000000000000000000083
:10720C000000000000000000000000000000000072
:10721C000000000000000000000000000000000062
:10722C000000000000000000000000000000000052
:10723C000000000000000000000000000000000042
:10724C000000000000000000000000000000000032
:10725C000000000000000000000000000000000022
:10726C000000000000000000000000000000000012
:10727C000000000000000000000000000000000002
:10728C0000000000000000000000000000000000F2
:10729C000000000000000000B060030000000000CF
:1072AC000000000000000000782F03000000000028
:1072BC000000000000000000002D31010031000032
:1072CC00041C03000C000100000000000000000082
:1072DC0000000000000000000000000000000000A2
:1072EC000000000000000000000000000000000092
:1072FC000000000000000000C1000200C1020200FA
:10730C00BD010200B9E40200000000008DE402009F
:10731C00D10002000000000000000000000000008E
:10732C0000C201000001030000000000B79600201D
:10733C00B6960020000000000000000000000000D5
:10734C00F830030001000000E8080020E8080020E5
:10735C000000000001000000F8080020F8080020E0
:10736C0000090020000900200000000001000000BE
:10737C00100900201009002000000000000000008F
:10738C0000000000000000000000000000000000F1
:10739C000000000000000000000000007C1C030046
:1073AC000000000000000000C0960020B8960020ED
:1073BC0000000000000000006C3103000100000020
:1073CC00600900206009002000000000010000009E
:1073DC00700900207009002078090020780900202D
:1073EC00000000000100000088090020880900202E
:1073FC000000000000000000000000000000000081
:10740C000000000000000000000000000000000070
:10741C0000000000901C03000000000000000000B1
:10742C00D0960020C896002000000000000000004C
:10743C000000000000000000000000000000000040
:10744C000000000000000000000000000000000030
:10745C000000000000000000000000000000000020
:10746C000000000000000000000000000000000010
:10747C000000000000000000000000000000000000
:10748C0000000000000000000000000000000000F0
:10749C00000000000000000008000000FF000000D9
:1074AC00000000000300000000000000FFFF0100CE
:1074BC00500A0020500A0020580A0020580A0020C8
:1074CC00000000000D6F0200A40A00209C0A00209E
:1074DC00940A0020000000008C0A0020D1700200E9
:1074EC001D7002005170020099700200B0870020DC
:1074FC003A00003AB48700203A00003AB8870020DE
:10750C003A00003ABC8700203A00003A048D002073
:10751C00B80A0020780A0020700A00206C0A0020AB
:10752C00680A0020417E0200357E0200297E02009E
:10753C000000022900000328000002290000032893
:10754C000000002800002A2B00002A2B0000032832
:10755C000000292B0000292B000003280000022921
:10756C000000052A0000052A00000328000001186D
:10757C00000000280000042A0000042A0000032850
:10758C000000012A0000012A000003280000002A44
:10759C000000002A0000032800000018000000284A
:1075AC0064190176302E302E3100000002111111B9
:1075BC00111111DBA66D47E957001A17D3021111EF
:1075CC0011111111DBA66D47E957001A17D3029957
:1075DC009999999999DAAF994807063F24D5BC0235
:1075EC00999999999999DAAF994807063F24D5BC8E
:1075FC00025ED200FC0EC38BA1EA4EC2D50B909A50
:10760C00AC015ED200FC0EC38BA1EA4EC2D50B902E
:03761C009AAC061F
:10761F00000000000000000000000000000000005B
:06762F0000000000000055
:03763500FFFFFF55
:107638000000000000000000000000000000000042
:107648000000000000000000000000000000000032
:107658000000000000000000000000000000000022
:107668000000000000000000000000000000000012
:04767800000000000E
:10767C00100C0020100C002084F6012000000000EB
:10768C00010000002C000000000000002C0C002069
:10769C002C0C0020C0E001200000000001000000C4
:1076AC009000000000000000480C0020480C002056
:1076BC0090E20120000000000400000050000000D7
:1076CC0000000000640C0020640C002050E101203C
:1076DC00000000000400000050000000000000004A
:1076EC00800C0020800C0020B0F60120000000006F
:0C76FC000300000010000000000000006F
:107708009C0C00209C0C00200000000000000000E1
:107718000E000000B00C0020B00C0020000000009B
:10772800000000000E000000C40C0020C40C002063
:1077380000000000000000000E000000D80C00202F
:10774800D80C002000000000000000000E0000001F
:10775800EC0C0020EC0C00200000000000000000F1
:107768000E000000000D0020000D002000000000A9
:10777800000000000E000000140D0020140D002071
:0C77880000000000000000000E000000E7
:10779400280D0020280D002000000000010000003A
:1077A400380D0020380D0020400D0020400D002031
:1077B4000000000001000000500D0020500D0020CA
:1077C400580D0020580D00200100000001000000A9
:0877D400680D0020680D002083
:1077DC000000000000000000780D0020780D002053
:1077EC00800D0020800D0020000000000000000033
:1077FC00900D0020900D0020980D0020980D002079
:10780C000000000000000000A80D0020A80D0020C2
:10781C00B00D0020B00D0020030003000800000094
:10782C0000000000D42C030024F60120000000000E
:10783C0000000000D40D0020D40D0020DC0D002031
:10784C00DC0D002003000300080000000000000015
:10785C00B82B030090EF0120000000000000000096
:10786C00000E0020000E0020080E0020080E002044
:10787C00020002000800000000000000C42C0300FD
:10788C00E4F2012000000000000000002C0E00209B
:10789C002C0E0020340E0020340E002002000200BA
:1078AC000800000000000000902C0300A4F0012050
:1078BC000000000000000000580E0020580E0020B0
:1078CC00600E0020600E00200A000A000800000074
:1078DC0000000000A82B0300C8ED012000000000F0
:1078EC0000000000840E0020840E00208C0E00206E
:1078FC008C0E0020010001000800000000000000B8
:08790C00C82B0300F8EF012075
:0479140015E015E085
:040000031000845114
:00000001FF
